model_or_benchmark,n,n_validation_countries,missing_count,missing_rate,spearman_with_shock_burden,kendall_with_shock_burden,cross_validated_rmse,adjusted_r2,top_risk_quartile_auc,leave_one_region_spearman_std,leave_one_income_group_spearman_std,adds_hsr_convert_capability
UHC service coverage index,108,108,0,0.0,0.2936240081021262,0.20264340333326916,2210.3826973494333,0.07522231408737934,0.6925011431184271,0.05557506541550459,0.16167589367341703,benchmark only; lacks full conversion-gap and bottleneck diagnostics
Health expenditure per capita,108,108,0,0.0,0.084455114464546,0.05988231221876081,2273.74249944944,0.018914355052198073,0.5665294924554184,0.024530628409506202,0.3001001644781593,benchmark only; lacks full conversion-gap and bottleneck diagnostics
"Physicians per 1,000",105,108,3,0.02777777777777779,-0.21109268090400166,-0.1347985347985348,2213.703600409303,0.07292369240670937,0.36660175267770206,0.14477589863479326,0.07853700260170092,benchmark only; lacks full conversion-gap and bottleneck diagnostics
Equal-weight block composite,108,108,0,0.0,0.15978355102079703,0.1059190031152648,2276.672988976447,-0.009786261758484072,0.6003657978966621,0.036558831476137726,0.18672554749891845,benchmark only; lacks full conversion-gap and bottleneck diagnostics
PCA block composite,108,108,0,0.0,0.30512446768984536,0.20976116303219106,2240.948913126437,0.04925297813773244,0.6822130772748056,0.035886303978753815,0.18660662703638284,benchmark only; lacks full conversion-gap and bottleneck diagnostics
Ridge regression predictor,108,108,0,0.0,0.35596901883449084,0.24368293527172027,2276.672988976447,-0.009786261758484072,0.7055326931870141,0.05172353907968727,0.02794177409149135,benchmark only; lacks full conversion-gap and bottleneck diagnostics
Random forest predictor,108,108,0,0.0,0.8559737822363218,0.6749740394600208,1812.4943800082804,0.7197425098338511,0.9286694101508915,0.028633825164970525,0.010262443913716734,benchmark only; lacks full conversion-gap and bottleneck diagnostics
single CRITIC-MARCOS pipeline,108,108,0,0.0,0.3487762820696028,0.24472135687088956,2266.8205448487147,0.022614115888461406,0.7160493827160493,0.07184724761074048,0.15889713936329358,benchmark only; lacks full conversion-gap and bottleneck diagnostics
entropy-TOPSIS pipeline,108,108,0,0.0,0.04363276077243324,0.033575631706472826,2297.3334286570816,-0.007587622496551205,0.520347508001829,0.077103430451657,0.21428331589893324,benchmark only; lacks full conversion-gap and bottleneck diagnostics
