iso3,country,region,income_group,population_total,gdp_per_capita_ppp,expanded_feature_missing_count,expanded_feature_missing_rate,capacity_score,capacity_rank,capacity_n_indicators,capacity_missing_rate,equity_access_score,equity_access_rank,equity_access_n_indicators,equity_access_missing_rate,preparedness_score,preparedness_rank,preparedness_n_indicators,preparedness_missing_rate,vulnerability_score,vulnerability_rank,vulnerability_n_indicators,vulnerability_missing_rate,full_potential_capacity_score,full_potential_capacity_rank,n_countries_in_expanded_sample,n_expanded_indicators
NOR,Norway,Europe & Central Asia,High income,5271981.2,86719.24447419781,1,0.0384615384615384,0.8893379752351854,4,6,0.0,0.7805652809776883,46,7,0.14285714285714285,0.9626152623871939,22,4,0.0,0.811761696495954,3,9,0.0,0.8610700537740054,1,193,26
DEU,Germany,Europe & Central Asia,High income,82538205.2,61415.77792173739,1,0.0384615384615384,0.9836246709352093,1,6,0.0,0.8046224756086403,32,7,0.14285714285714285,0.938569393744255,48,4,0.0,0.7063349549289141,54,9,0.0,0.8582878738042546,2,193,26
SWE,Sweden,Europe & Central Asia,High income,10046814.0,60396.72420983265,1,0.0384615384615384,0.8642630286716789,7,6,0.0,0.7899732140884674,41,7,0.14285714285714285,0.9787664702575455,9,4,0.0,0.7824609132483888,13,9,0.0,0.8538659065665202,3,193,26
JPN,Japan,East Asia & Pacific,High income,126926600.0,44241.5040137313,2,0.0769230769230769,0.8801047100926818,6,6,0.0,0.8303401273585788,20,7,0.14285714285714285,0.9594706969478521,25,4,0.25,0.7014535847653254,59,9,0.0,0.8428422797911096,4,193,26
FRA,France,Europe & Central Asia,High income,66946161.0,51914.4090928855,1,0.0384615384615384,0.8816586691752235,5,6,0.0,0.8161123571303338,28,7,0.14285714285714285,0.9149891975859357,70,4,0.0,0.7485342291560318,29,9,0.0,0.8403236132618811,5,193,26
AUS,Australia,East Asia & Pacific,High income,24579514.8,56997.65380824027,1,0.0384615384615384,0.8291484874562962,11,6,0.0,0.7695477133590953,55,7,0.14285714285714285,0.9423188888894607,41,4,0.0,0.806195960811031,5,9,0.0,0.8368027626289708,6,193,26
CUB,Cuba,Latin America & Caribbean ,Upper middle income,11243694.0,,0,0.0,0.7871430913252367,13,6,0.0,0.8937922913843265,6,7,0.0,0.9783278220181519,10,4,0.0,0.6844729033931781,76,9,0.0,0.8359340270302232,7,193,26
DNK,Denmark,Europe & Central Asia,High income,5756906.2,64990.34726665368,1,0.0384615384615384,0.8524434355787608,9,6,0.0,0.8022415176584646,33,7,0.14285714285714285,0.9525678705184301,34,4,0.0,0.728529526762817,38,9,0.0,0.8339455876296181,8,193,26
BEL,Belgium,Europe & Central Asia,High income,11379362.0,58755.50384858488,1,0.0384615384615384,0.9142151453801022,2,6,0.0,0.7530172216525302,61,7,0.14285714285714285,0.9679362773203304,18,4,0.0,0.6881062591222258,72,9,0.0,0.8308187258687971,9,193,26
AUT,Austria,Europe & Central Asia,High income,8779474.8,62689.53994096598,2,0.0769230769230769,0.9136190221246517,3,6,0.0,0.737110994535708,73,7,0.14285714285714285,0.8979830596659448,81,4,0.25,0.7733998042913311,17,9,0.0,0.830528220154409,10,193,26
ISL,Iceland,Europe & Central Asia,High income,344587.6,63798.0048568851,1,0.0384615384615384,0.7553247390699022,15,6,0.0,0.800640452238409,37,7,0.14285714285714285,0.9119917168674699,73,4,0.0,0.8111782215564786,4,9,0.0,0.8197837824330648,11,193,26
FIN,Finland,Europe & Central Asia,High income,5504035.8,55110.63397077496,2,0.0769230769230769,0.7847361384939117,14,6,0.0,0.7802796057633915,47,7,0.14285714285714285,0.9205143361449235,60,4,0.25,0.7855510164736608,11,9,0.0,0.8177702742189719,12,193,26
LUX,Luxembourg,Europe & Central Asia,High income,595181.0,132077.4754694976,1,0.0384615384615384,0.6792069728068933,21,6,0.0,0.8328366112019977,18,7,0.14285714285714285,0.9896118582899991,4,4,0.0,0.7630458643046747,22,9,0.0,0.8161753266508913,13,193,26
CZE,Czechia,Europe & Central Asia,High income,10601725.4,44875.65262959412,2,0.0769230769230769,0.7306943708589259,17,6,0.0,0.8489921305310624,12,7,0.14285714285714285,0.9562019417740775,30,4,0.25,0.7031982734362339,58,9,0.0,0.8097716791500749,14,193,26
USA,United States,North America,High income,326306574.8,66473.01028986018,2,0.0769230769230769,0.8550311559518963,8,6,0.0,0.721550053432473,84,7,0.14285714285714285,0.9138985755857656,72,4,0.25,0.7324631956840566,36,9,0.0,0.8057357451635478,15,193,26
SVN,Slovenia,Europe & Central Asia,High income,2071448.0,41563.6797613696,1,0.0384615384615384,0.6779266272763665,22,6,0.0,0.8374284361606179,15,7,0.14285714285714285,0.9339615960818666,52,4,0.0,0.773573339196457,16,9,0.0,0.805722499678827,16,193,26
NZL,New Zealand,East Asia & Pacific,High income,4801600.0,46218.81228354776,1,0.0384615384615384,0.6743030036937113,23,6,0.0,0.8253918310542672,25,7,0.14285714285714285,0.9187125225851258,65,4,0.0,0.793972891705199,8,9,0.0,0.8030950622595759,17,193,26
CHE,Switzerland,Europe & Central Asia,High income,8439436.6,78070.45034660664,1,0.0384615384615384,0.8352090043731014,10,6,0.0,0.6639529349388084,110,7,0.14285714285714285,0.9483929944940563,37,4,0.0,0.7646785951566378,21,9,0.0,0.803058382240651,18,193,26
IRL,Ireland,Europe & Central Asia,High income,4833320.4,87876.74031429399,1,0.0384615384615384,0.694201995616675,20,6,0.0,0.7526449707553831,62,7,0.14285714285714285,0.9240148867420244,57,4,0.0,0.8315798802336001,1,9,0.0,0.8006104333369206,19,193,26
CAN,Canada,North America,High income,36610298.2,56560.1375382584,1,0.0384615384615384,0.751060450017869,16,6,0.0,0.7663801634764503,57,7,0.14285714285714285,0.8882866246726704,87,4,0.0,0.7919311320519059,9,9,0.0,0.7994145925547239,20,193,26
NLD,Netherlands,Europe & Central Asia,High income,17135606.2,65524.25049191624,1,0.0384615384615384,0.7946422085942241,12,6,0.0,0.7939363430120309,38,7,0.14285714285714285,0.9332033521228416,53,4,0.0,0.6649056239430973,86,9,0.0,0.7966718819180485,21,193,26
MDV,Maldives,South Asia,Upper middle income,458115.8,20227.88513446172,0,0.0,0.5428082750870333,42,6,0.0,0.8335734297847213,17,7,0.0,0.9702682370087844,16,4,0.0,0.7980405859266773,6,9,0.0,0.7861726319518041,22,193,26
GBR,United Kingdom,Europe & Central Asia,High income,65916200.0,51246.72659829564,1,0.0384615384615384,0.7043249696725941,18,6,0.0,0.8022252572034044,34,7,0.14285714285714285,0.9193555687134758,64,4,0.0,0.7163281258832328,44,9,0.0,0.7855584803681768,23,193,26
ESP,Spain,Europe & Central Asia,High income,46670437.2,45199.26139222644,1,0.0384615384615384,0.6449209188532831,29,6,0.0,0.7400475066466544,72,7,0.14285714285714285,0.9550424082252345,32,4,0.0,0.7745812685503448,15,9,0.0,0.7786480255688792,24,193,26
SVK,Slovak Republic,Europe & Central Asia,High income,5438949.8,35269.93006923226,1,0.0384615384615384,0.5938029528903954,32,6,0.0,0.8283455941982859,22,7,0.14285714285714285,0.9623161365067259,23,4,0.0,0.7173988313513748,43,9,0.0,0.7754658787366955,25,193,26
PRT,Portugal,Europe & Central Asia,High income,10310782.6,37938.9344935773,1,0.0384615384615384,0.670886260568819,24,6,0.0,0.6926073082350904,97,7,0.14285714285714285,0.9601730266700844,24,4,0.0,0.7702644180338383,18,9,0.0,0.773482753376958,26,193,26
HRV,Croatia,Europe & Central Asia,High income,4047632.8,32297.91111462356,1,0.0384615384615384,0.5929113746534783,33,6,0.0,0.8571043348420216,11,7,0.14285714285714285,0.9152107996414531,68,4,0.0,0.7116733195238027,47,9,0.0,0.7692249571651889,27,193,26
AND,Andorra,Europe & Central Asia,High income,73950.8,63202.42391926036,4,0.1538461538461538,0.5645719971529731,40,6,0.16666666666666666,0.79306323721773,39,7,0.14285714285714285,0.9776348192598014,11,4,0.25,0.7390831156505907,32,9,0.1111111111111111,0.7685882923202738,28,193,26
ITA,Italy,Europe & Central Asia,High income,60044963.8,48594.531043109855,1,0.0384615384615384,0.6492379606677942,28,6,0.0,0.7404520908242386,70,7,0.14285714285714285,0.908578032959132,75,4,0.0,0.7573050759114517,24,9,0.0,0.7638932900906541,29,193,26
URY,Uruguay,Latin America & Caribbean ,High income,3385495.6,29561.028621070443,2,0.0769230769230769,0.6041402553582664,30,6,0.0,0.828328489083256,23,7,0.14285714285714285,0.9193650921392078,63,4,0.25,0.6871293162808386,74,9,0.0,0.7597407882153921,30,193,26
SAU,Saudi Arabia,"Middle East, North Africa, Afghanistan & Pakistan",High income,30401603.0,59551.3464275894,0,0.0,0.4502722868091502,60,6,0.0,0.8692364129536747,8,7,0.0,0.9729502025039536,14,4,0.0,0.729829034851629,37,9,0.0,0.7555719842796018,31,193,26
BLR,Belarus,Europe & Central Asia,Upper middle income,9449597.4,25805.2616101899,2,0.0769230769230769,0.6506495746089037,27,6,0.0,0.7901149636236653,40,7,0.14285714285714285,0.9549718293872287,33,4,0.25,0.6122043999499703,114,9,0.0,0.751985191892442,32,193,26
QAT,Qatar,"Middle East, North Africa, Afghanistan & Pakistan",High income,2517376.2,117252.1071717208,0,0.0,0.3429346613064137,88,6,0.0,0.9576354765295764,1,7,0.0,0.9774170852937167,12,4,0.0,0.7087091624784967,52,9,0.0,0.746674096402051,33,193,26
ISR,Israel,"Middle East, North Africa, Afghanistan & Pakistan",High income,8715240.0,42854.64162097904,2,0.0769230769230769,0.5279205804875065,49,6,0.0,0.7623434329031993,59,7,0.14285714285714285,0.9666844126236895,20,4,0.25,0.7264596774701316,39,9,0.0,0.7458520258711318,34,193,26
MLT,Malta,"Middle East, North Africa, Afghanistan & Pakistan",High income,470729.2,50314.11478877616,1,0.0384615384615384,0.6949066120095724,19,6,0.0,0.6793839362541803,106,7,0.14285714285714285,0.9452842452889392,38,4,0.0,0.64959822247046,91,9,0.0,0.7422932540057879,35,193,26
HUN,Hungary,Europe & Central Asia,High income,9737210.8,34230.79361379682,2,0.0769230769230769,0.592121438040106,35,6,0.0,0.7555947538089919,60,7,0.14285714285714285,0.9848619247385211,6,4,0.25,0.6280352282588941,99,9,0.0,0.7401533362116283,36,193,26
ARG,Argentina,Latin America & Caribbean ,Upper middle income,44258913.2,27760.576814925906,1,0.0384615384615384,0.6546176521084986,26,6,0.0,0.7515536868011014,63,7,0.14285714285714285,0.8513215977301716,101,4,0.0,0.7004171361212989,60,9,0.0,0.7394775181902676,37,193,26
ARE,United Arab Emirates,"Middle East, North Africa, Afghanistan & Pakistan",High income,9091208.6,73786.54054197895,1,0.0384615384615384,0.34536680314271756,86,6,0.0,0.8080025445532645,31,7,0.14285714285714285,0.9974899598393574,1,4,0.0,0.7977547814356623,7,9,0.0,0.7371535222427504,38,193,26
KWT,Kuwait,"Middle East, North Africa, Afghanistan & Pakistan",High income,4151862.6,53998.03576308068,1,0.0384615384615384,0.395799648377058,73,6,0.0,0.880189876726894,7,7,0.14285714285714285,0.9581999257779844,27,4,0.0,0.7128524493659094,45,9,0.0,0.7367604750619614,39,193,26
POL,Poland,Europe & Central Asia,High income,37974310.0,34682.461337154,2,0.0769230769230769,0.5407322335707355,43,6,0.0,0.7797130175203245,49,7,0.14285714285714285,0.9361927703656185,51,4,0.25,0.6856895491234622,75,9,0.0,0.7355818926450353,40,193,26
GRC,Greece,Europe & Central Asia,High income,10761199.4,32207.417799771018,1,0.0384615384615384,0.5648799319924448,39,6,0.0,0.6569813147206365,115,7,0.14285714285714285,0.9824356150333362,7,4,0.0,0.737662296654285,34,9,0.0,0.7354897896001756,41,193,26
OMN,Oman,"Middle East, North Africa, Afghanistan & Pakistan",High income,4460457.2,39066.37526226138,0,0.0,0.27242640168168775,107,6,0.0,0.9291639431844008,2,7,0.0,0.9963626333844748,2,4,0.0,0.7426942829021415,30,9,0.0,0.7351618152881761,42,193,26
CRI,Costa Rica,Latin America & Caribbean ,High income,4911116.8,22434.60657972198,0,0.0,0.3614080256350851,79,6,0.0,0.8587803758423436,10,7,0.0,0.9230029923788803,58,4,0.0,0.785519586875447,12,9,0.0,0.732177745182939,43,193,26
BRN,Brunei Darussalam,East Asia & Pacific,High income,432607.6,79616.9772115339,2,0.0769230769230769,0.30047175430495304,101,6,0.0,0.9145539004657091,3,7,0.14285714285714285,0.9412811415580637,45,4,0.25,0.7571481108901569,25,9,0.0,0.7283637268047207,44,193,26
EST,Estonia,Europe & Central Asia,High income,1319491.2,39286.51199410802,1,0.0384615384615384,0.5583626360146948,41,6,0.0,0.7732868874259978,53,7,0.14285714285714285,0.8684809203627931,94,4,0.0,0.7127758379727243,46,9,0.0,0.7282265704440525,45,193,26
MCO,Monaco,Europe & Central Asia,High income,37594.8,,5,0.1923076923076923,0.5152531141750044,50,6,0.3333333333333333,0.8625066762585814,9,7,0.14285714285714285,0.9250083556149733,56,4,0.25,0.6071172021856719,117,9,0.1111111111111111,0.7274713370585578,46,193,26
KOR,"Korea, Rep.",East Asia & Pacific,High income,51388908.2,47419.890961353565,2,0.0769230769230769,0.5926042318721941,34,6,0.0,0.6771627759287008,107,7,0.14285714285714285,0.937626831948221,49,4,0.25,0.6950238954767094,63,9,0.0,0.7256044338064565,47,193,26
LTU,Lithuania,Europe & Central Asia,High income,2852272.4,38945.209548392566,1,0.0384615384615384,0.6577686111667523,25,6,0.0,0.690172599852372,99,7,0.14285714285714285,0.8925885911044664,83,4,0.0,0.6432972568930223,92,9,0.0,0.7209567647541534,48,193,26
ATG,Antigua and Barbuda,Latin America & Caribbean ,High income,90427.2,27618.306468760176,1,0.0384615384615384,0.3794933092931326,76,6,0.0,0.7876750543631399,43,7,0.14285714285714285,0.9106087451409917,74,4,0.0,0.768588140659134,19,9,0.0,0.7115913123640994,49,193,26
COL,Colombia,Latin America & Caribbean ,Upper middle income,48294196.0,17050.31217649104,0,0.0,0.354941997831947,81,6,0.0,0.8344675883695621,16,7,0.0,0.8893699607554202,86,4,0.0,0.7619853913866848,23,9,0.0,0.7101912345859036,50,193,26
KAZ,Kazakhstan,Europe & Central Asia,Upper middle income,18648396.4,31760.9927338607,0,0.0,0.4097274500671538,70,6,0.0,0.8283947122055891,21,7,0.0,0.9305901961000154,54,4,0.0,0.6673311737790726,84,9,0.0,0.7090108830379578,51,193,26
ROU,Romania,Europe & Central Asia,High income,19590443.2,32690.54195384572,1,0.0384615384615384,0.5402628949409131,44,6,0.0,0.8018396147865335,35,7,0.14285714285714285,0.814117375244629,115,4,0.0,0.6551166902891886,89,9,0.0,0.7028341438153161,52,193,26
SMR,San Marino,Europe & Central Asia,High income,33801.6,59841.42585756874,6,0.2307692307692307,0.5360174970735537,46,6,0.5,0.8235501787701727,26,7,0.14285714285714285,0.8344615091381571,107,4,0.25,0.6157987426654815,111,9,0.1111111111111111,0.7024569819118412,53,193,26
PLW,Palau,East Asia & Pacific,High income,17798.2,19914.72226372308,4,0.1538461538461538,0.5362907085599046,45,6,0.16666666666666666,0.7756205342130765,51,7,0.14285714285714285,0.8902700987864465,85,4,0.25,0.6075520147203979,116,9,0.1111111111111111,0.7024333390699563,54,193,26
SYC,Seychelles,Sub-Saharan Africa ,High income,95665.2,31144.101264626464,2,0.0769230769230769,0.3418739572172526,89,6,0.0,0.8007142393390014,36,7,0.14285714285714285,0.9675630925312451,19,4,0.25,0.6947525826676225,64,9,0.0,0.7012259679387803,55,193,26
RUS,Russian Federation,Europe & Central Asia,High income,145160166.6,35893.8015625,2,0.0769230769230769,0.5920132945094181,36,6,0.0,0.6805756982718847,104,7,0.14285714285714285,0.9396085264625544,47,4,0.25,0.5837960444941198,130,9,0.0,0.6989983909344943,56,193,26
CHL,Chile,Latin America & Caribbean ,High income,18592929.8,28074.85864707444,1,0.0384615384615384,0.4368623179100732,64,6,0.0,0.6831962511807274,103,7,0.14285714285714285,0.9197557906003185,61,4,0.0,0.7529887957924098,27,9,0.0,0.6982007888708822,57,193,26
TON,Tonga,East Asia & Pacific,Upper middle income,105642.2,6688.077230354533,2,0.0769230769230769,0.25630248795700356,111,6,0.16666666666666666,0.8448871368947101,13,7,0.0,0.975695576146483,13,4,0.25,0.7043985774546654,56,9,0.0,0.6953209446132155,58,193,26
TUR,Turkiye,Europe & Central Asia,Upper middle income,80359156.6,27638.098375137703,2,0.0769230769230769,0.2751721568793997,106,6,0.0,0.8308344379147002,19,7,0.14285714285714285,0.9576042105957356,28,4,0.25,0.7097883253054541,50,9,0.0,0.6933497826738224,59,193,26
BRA,Brazil,Latin America & Caribbean ,Upper middle income,204631962.2,17927.76927800128,1,0.0384615384615384,0.4951594678053926,54,6,0.0,0.7297476856964605,76,7,0.14285714285714285,0.8271090286894579,109,4,0.0,0.7033599026092245,57,9,0.0,0.6888440212001339,60,193,26
SRB,Serbia,Europe & Central Asia,Upper middle income,7020480.4,19714.3887048283,1,0.0384615384615384,0.5668824894192857,37,6,0.0,0.6602812395232264,112,7,0.14285714285714285,0.8934190959424905,82,4,0.0,0.6337486862951238,97,9,0.0,0.6885828777950316,61,193,26
TUV,Tuvalu,East Asia & Pacific,Upper middle income,10818.8,4550.834580765581,3,0.1153846153846153,0.5312132856025258,47,6,0.3333333333333333,0.8952074340265621,5,7,0.0,0.8053901808714473,118,4,0.0,0.5212048692670842,154,9,0.1111111111111111,0.6882539424419049,62,193,26
MKD,North Macedonia,Europe & Central Asia,Upper middle income,1896542.6,20347.025148715424,0,0.0,0.4742074380793902,57,6,0.0,0.7503899707737098,64,7,0.0,0.8439322654987391,104,4,0.0,0.6819603288603566,78,9,0.0,0.687622500803049,63,193,26
CHN,China,East Asia & Pacific,Upper middle income,1394874000.0,16802.9644981038,1,0.0384615384615384,0.32036666218406357,94,6,0.0,0.7814954135240395,45,7,0.0,0.9563534174379298,29,4,0.25,0.6890617319767195,69,9,0.0,0.6868193062806881,64,193,26
CYP,Cyprus,Europe & Central Asia,High income,1253659.4,41428.48046875,2,0.0769230769230769,0.4030870152886168,71,6,0.0,0.6107792463189511,126,7,0.14285714285714285,0.9172025269884387,66,4,0.25,0.8157477202878922,2,9,0.0,0.6867041272209746,65,193,26
BGR,Bulgaria,Europe & Central Asia,High income,6801871.2,26746.50432378042,1,0.0384615384615384,0.6008706829887424,31,6,0.0,0.637784897104405,123,7,0.14285714285714285,0.9083478627261299,76,4,0.0,0.5947468983471923,125,9,0.0,0.6854375852916174,66,193,26
PRK,"Korea, Dem. People's Rep.",East Asia & Pacific,Low income,25812032.8,,9,0.3461538461538461,0.49408557779445833,55,6,0.5,0.7285763669025999,78,7,0.5714285714285714,0.9435586540227514,39,4,0.5,0.5741700776532609,134,9,0.0,0.6850976690932676,67,193,26
SGP,Singapore,East Asia & Pacific,High income,5619356.6,115409.43815311122,1,0.0384615384615384,0.4108830413712889,68,6,0.0,0.6747325791094959,108,7,0.14285714285714285,0.9415056150331502,44,4,0.0,0.7115127888790815,48,9,0.0,0.6846585060982541,68,193,26
LVA,Latvia,Europe & Central Asia,High income,1944061.6,33048.483897483246,1,0.0384615384615384,0.5032232979013287,53,6,0.0,0.6628547204052629,111,7,0.14285714285714285,0.928011666331225,55,4,0.0,0.6212809763928517,105,9,0.0,0.6788426652576671,69,193,26
JOR,Jordan,"Middle East, North Africa, Afghanistan & Pakistan",Lower middle income,10183903.8,9368.692477588853,1,0.0384615384615384,0.31385184812337114,96,6,0.0,0.7253330286440602,82,7,0.14285714285714285,0.9418200451610785,43,4,0.0,0.7218043095294339,41,9,0.0,0.6757023078644859,70,193,26
NIC,Nicaragua,Latin America & Caribbean ,Lower middle income,6316410.2,7058.921798371672,4,0.1538461538461538,0.27064166338661433,109,6,0.0,0.7276361258601298,80,7,0.42857142857142855,0.9554654121422552,31,4,0.25,0.7426474199142016,31,9,0.0,0.6740976553258002,71,193,26
TUN,Tunisia,"Middle East, North Africa, Afghanistan & Pakistan",Lower middle income,11644406.2,12993.8341172164,0,0.0,0.25366575099988004,113,6,0.0,0.7478092349630598,65,7,0.0,0.9592596257996054,26,4,0.0,0.7339569865766812,35,9,0.0,0.6736728995848067,72,193,26
IRN,"Iran, Islamic Rep.","Middle East, North Africa, Afghanistan & Pakistan",Upper middle income,84925598.0,15427.22488307556,2,0.0769230769230769,0.2899006188927754,104,6,0.0,0.6966737696133306,94,7,0.14285714285714285,0.979555809138539,8,4,0.25,0.7206501324705947,42,9,0.0,0.6716950825288099,73,193,26
NRU,Nauru,East Asia & Pacific,High income,11298.4,11003.3288593626,3,0.1153846153846153,0.5668279441592471,38,6,0.16666666666666666,0.8410787257795229,14,7,0.0,0.8864385214919197,89,4,0.25,0.389373482358202,187,9,0.1111111111111111,0.670929668447223,74,193,26
VCT,St. Vincent and the Grenadines,Latin America & Caribbean ,Upper middle income,105613.0,15548.844433408882,2,0.0769230769230769,0.3606948551024671,80,6,0.16666666666666666,0.7744451512642184,52,7,0.14285714285714285,0.9521916893872016,35,4,0.0,0.5932353937819079,126,9,0.0,0.6701417723839488,75,193,26
ALB,Albania,Europe & Central Asia,Upper middle income,2648916.2,15362.3905273488,1,0.0384615384615384,0.3345657943556133,91,6,0.0,0.5917871067584531,132,7,0.14285714285714285,0.9726193994126826,15,4,0.0,0.7797703899355044,14,9,0.0,0.6696856726155633,76,193,26
UZB,Uzbekistan,Europe & Central Asia,Lower middle income,31838256.6,8104.176423403913,1,0.0384615384615384,0.41191130552782657,67,6,0.0,0.7072929764830225,91,7,0.0,0.9405649421131523,46,4,0.25,0.6146409081395038,113,9,0.0,0.6686025330658762,77,193,26
KNA,St. Kitts and Nevis,Latin America & Caribbean ,High income,47034.4,30126.79119974142,2,0.0769230769230769,0.41753747887160064,66,6,0.0,0.6026524899931812,129,7,0.14285714285714285,0.942039817022099,42,4,0.0,0.6969060044676371,61,9,0.1111111111111111,0.6647839475886296,78,193,26
ECU,Ecuador,Latin America & Caribbean ,Upper middle income,16784090.2,13920.247282287,0,0.0,0.3467191820439355,85,6,0.0,0.7698212444143137,54,7,0.0,0.7721230764365231,125,4,0.0,0.7681359992125998,20,9,0.0,0.664199875526843,79,193,26
BIH,Bosnia and Herzegovina,Europe & Central Asia,Upper middle income,3430551.8,15605.40206931382,1,0.0384615384615384,0.4938099285027721,56,6,0.0,0.7801659960520969,48,7,0.0,0.6856349836250097,139,4,0.25,0.6897881404976597,68,9,0.0,0.6623497621693846,80,193,26
LBY,Libya,"Middle East, North Africa, Afghanistan & Pakistan",Upper middle income,6740560.6,14035.530336413718,0,0.0,0.38391602520307216,74,6,0.0,0.7892293012863056,42,7,0.0,0.8404155544724616,106,4,0.0,0.6255679164991333,102,9,0.0,0.6597821993652432,81,193,26
PSE,West Bank and Gaza,"Middle East, North Africa, Afghanistan & Pakistan",Lower middle income,4469275.6,6315.28157691552,1,0.0384615384615384,0.31768077069337347,95,6,0.0,0.7248432269987758,83,7,0.0,0.9877450980392157,5,4,0.25,0.6045379500737209,120,9,0.0,0.6587017614512714,82,193,26
BRB,Barbados,Latin America & Caribbean ,High income,280135.4,20819.758302245384,0,0.0,0.4376839484267321,63,6,0.0,0.7264932746148729,81,7,0.0,0.8694472408349976,93,4,0.0,0.5981394797313992,123,9,0.0,0.6579409859020005,83,193,26
THA,Thailand,East Asia & Pacific,Upper middle income,71091834.6,20087.005243579937,0,0.0,0.18057416433778925,133,6,0.0,0.9089062001738689,4,7,0.0,0.8457201250794135,102,4,0.0,0.6959196213257433,62,9,0.0,0.6577800277292037,84,193,26
LCA,St. Lucia,Latin America & Caribbean ,Upper middle income,176314.2,22212.241834272143,0,0.0,0.31199486760607426,97,6,0.0,0.7011033524897836,93,7,0.0,0.9066315423963224,78,4,0.0,0.7046030667039356,55,9,0.0,0.656083207299029,85,193,26
MDA,Moldova,Europe & Central Asia,Upper middle income,2753156.0,13140.80257311414,0,0.0,0.5279581493319597,48,6,0.0,0.6864569529489815,101,7,0.0,0.8066741913681217,117,4,0.0,0.6028075479993572,121,9,0.0,0.6559742104121051,86,193,26
PAN,Panama,Latin America & Caribbean ,High income,4098077.6,31704.675658196,1,0.0384615384615384,0.3766516033544161,77,6,0.0,0.6392187987530201,122,7,0.14285714285714285,0.8106900404600847,116,4,0.0,0.7907396443352344,10,9,0.0,0.6543250217256888,87,193,26
GEO,Georgia,Europe & Central Asia,Upper middle income,3725499.0,16406.59696036572,0,0.0,0.509239642509025,52,6,0.0,0.5811926135917094,136,7,0.0,0.887079208498833,88,4,0.0,0.6353008413217734,96,9,0.0,0.6532030764803352,88,193,26
BHR,Bahrain,"Middle East, North Africa, Afghanistan & Pakistan",High income,1456402.2,54751.9597226545,0,0.0,0.22425109354931227,122,6,0.0,0.7793784404607978,50,7,0.0,0.989839380449274,3,4,0.0,0.6157753186314454,112,9,0.0,0.6523110582727074,89,193,26
TTO,Trinidad and Tobago,Latin America & Caribbean ,High income,1356674.6,35286.73364800155,1,0.0384615384615384,0.4104531585570775,69,6,0.0,0.6651139505099344,109,7,0.0,0.9077504764921545,77,4,0.25,0.6217329960273007,104,9,0.0,0.6512626453966167,90,193,26
KGZ,Kyrgyz Republic,Europe & Central Asia,Lower middle income,6311272.0,5843.175490466997,0,0.0,0.3317152029949079,93,6,0.0,0.7201469829095438,85,7,0.0,0.8719689879667554,92,4,0.0,0.6767504291276911,81,9,0.0,0.6501454007497245,91,193,26
DZA,Algeria,"Middle East, North Africa, Afghanistan & Pakistan",Upper middle income,41671826.0,15344.298466146982,0,0.0,0.2542673301460795,112,6,0.0,0.7423952812370581,67,7,0.0,0.8443272353045255,103,4,0.0,0.7553194495008495,26,9,0.0,0.6490773240471281,92,193,26
DMA,Dominica,Latin America & Caribbean ,Upper middle income,68913.2,17019.15550917526,2,0.0769230769230769,0.34408062112982224,87,6,0.0,0.7412179510324783,68,7,0.14285714285714285,0.9032418160110531,80,4,0.0,0.6047602982406856,119,9,0.1111111111111111,0.6483251716035098,93,193,26
SLV,El Salvador,Latin America & Caribbean ,Upper middle income,6208026.8,10083.170194325374,0,0.0,0.3694577590601324,78,6,0.0,0.740074674826369,71,7,0.0,0.8834736436967887,90,4,0.0,0.5989970298532373,122,9,0.0,0.6480007768591318,94,193,26
MNE,Montenegro,Europe & Central Asia,Upper middle income,625835.4,22725.49541780912,0,0.0,0.5126032821767527,51,6,0.0,0.7151325377216396,87,7,0.0,0.6703444256780262,140,4,0.0,0.6929378044056801,65,9,0.0,0.6477545124955246,95,193,26
LKA,Sri Lanka,South Asia,Lower middle income,21421000.0,14229.0298058969,0,0.0,0.1899266334096221,126,6,0.0,0.6796746792663276,105,7,0.0,0.9682850936923582,17,4,0.0,0.7529169738176473,28,9,0.0,0.6477008450464888,96,193,26
BLZ,Belize,Latin America & Caribbean ,Upper middle income,372059.0,11840.40562717836,0,0.0,0.18454815185632556,128,6,0.0,0.8081713454332043,30,7,0.0,0.8652466029814967,96,4,0.0,0.7259879734102914,40,9,0.0,0.6459885184203296,97,193,26
MYS,Malaysia,East Asia & Pacific,Upper middle income,32345938.0,29487.40371919812,1,0.0384615384615384,0.22913388274167337,119,6,0.0,0.7278790190615761,79,7,0.14285714285714285,0.9145985435053348,71,4,0.0,0.7111663135976891,49,9,0.0,0.6456944397265684,98,193,26
TJK,Tajikistan,Europe & Central Asia,Lower middle income,9086543.2,3330.73994297338,0,0.0,0.3499546768118913,83,6,0.0,0.5889345817032028,133,7,0.0,0.9214354407742822,59,4,0.0,0.6826989523373221,77,9,0.0,0.6357559129066745,99,193,26
MUS,Mauritius,Sub-Saharan Africa ,Upper middle income,1264615.0,24359.42389617005,2,0.0769230769230769,0.33303103087308933,92,6,0.0,0.6426057013073662,119,7,0.14285714285714285,0.9426166152682653,40,4,0.25,0.6202816841723293,106,9,0.0,0.6346337579052626,100,193,26
ARM,Armenia,Europe & Central Asia,Upper middle income,2981560.0,14360.40702048494,0,0.0,0.4732849256029421,58,6,0.0,0.5072855430166362,146,7,0.0,0.9163214042247854,67,4,0.0,0.6415149075582738,94,9,0.0,0.6346016951006593,101,193,26
MEX,Mexico,Latin America & Caribbean ,Upper middle income,123412081.4,21693.3346305822,0,0.0,0.2638600782104646,110,6,0.0,0.729348274020286,77,7,0.0,0.834289803866633,108,4,0.0,0.6905645268805292,66,9,0.0,0.6295156707444782,102,193,26
BHS,"Bahamas, The",Latin America & Caribbean ,High income,390255.6,32970.53262296664,1,0.0384615384615384,0.3548022405378866,82,6,0.0,0.7123871787553294,89,7,0.14285714285714285,0.8258192258773593,111,4,0.0,0.6158999980284617,110,9,0.0,0.6272271607997593,103,193,26
BTN,Bhutan,South Asia,Lower middle income,753480.4,13522.73191155268,0,0.0,0.12055309253087378,156,6,0.0,0.8230007293909417,27,7,0.0,0.8514114305809429,100,4,0.0,0.7092362861309001,51,9,0.0,0.6260503846584147,104,193,26
JAM,Jamaica,Latin America & Caribbean ,Upper middle income,2814316.2,10390.931049161183,0,0.0,0.22827609121042278,120,6,0.0,0.7344155504883616,74,7,0.0,0.8809742637247908,91,4,0.0,0.6509635969585903,90,9,0.0,0.6236573755955415,105,193,26
TKM,Turkmenistan,Europe & Central Asia,Upper middle income,6508468.0,14119.55722550812,1,0.0384615384615384,0.2990039826459934,102,6,0.0,0.5953462603202672,131,7,0.0,0.9642564590376925,21,4,0.25,0.6336296311541779,98,9,0.0,0.6230590832895327,106,193,26
GRD,Grenada,Latin America & Caribbean ,Upper middle income,115383.2,16214.156150204642,2,0.0769230769230769,0.2911663844123551,103,6,0.0,0.6414974219877472,121,7,0.14285714285714285,0.9151535956660868,69,4,0.25,0.6419917381565539,93,9,0.0,0.6224522850556857,107,193,26
LBN,Lebanon,"Middle East, North Africa, Afghanistan & Pakistan",Lower middle income,6146874.0,15726.116652211382,1,0.0384615384615384,0.3822786569165964,75,6,0.0,0.6494824824510651,116,7,0.14285714285714285,0.7926950458636233,121,4,0.0,0.6585748480252485,88,9,0.0,0.6207577583141333,108,193,26
PRY,Paraguay,Latin America & Caribbean ,Upper middle income,6337865.8,15097.78185312024,0,0.0,0.23085647789676786,118,6,0.0,0.683885050211251,102,7,0.0,0.8269696833764881,110,4,0.0,0.7383300460921496,33,9,0.0,0.6200103143941642,109,193,26
FJI,Fiji,East Asia & Pacific,Upper middle income,917716.4,12475.94749988686,0,0.0,0.17188590308671647,135,6,0.0,0.8271194706688227,24,7,0.0,0.9193966862730745,62,4,0.0,0.553064783244404,141,9,0.0,0.6178667108182544,110,193,26
GUY,Guyana,Latin America & Caribbean ,High income,778005.8,12728.99508126166,0,0.0,0.2028261617228233,124,6,0.0,0.766687950707509,56,7,0.0,0.867480051953228,95,4,0.0,0.6105846381499948,115,9,0.0,0.6118947006333888,111,193,26
PER,Peru,Latin America & Caribbean ,Upper middle income,31399123.6,15075.913510198938,1,0.0384615384615384,0.21905831588422206,123,6,0.0,0.7061315471456461,92,7,0.14285714285714285,0.7904545559187894,122,4,0.0,0.7070732519612428,53,9,0.0,0.6056794177274751,112,193,26
CPV,Cabo Verde,Sub-Saharan Africa ,Upper middle income,513072.0,8263.751881125061,0,0.0,0.17484144421883752,134,6,0.0,0.6884584229843812,100,7,0.0,0.8907404525592983,84,4,0.0,0.6685434249570065,83,9,0.0,0.6056459361798809,113,193,26
MNG,Mongolia,East Asia & Pacific,Upper middle income,3148099.8,14659.043384736,0,0.0,0.43147657642840015,65,6,0.0,0.6362758058643913,124,7,0.0,0.7677104522967445,128,4,0.0,0.5775556570056546,131,9,0.0,0.6032546228987976,114,193,26
HND,Honduras,Latin America & Caribbean ,Lower middle income,9589333.0,6064.386214592932,0,0.0,0.16620249630725922,136,6,0.0,0.6416318005328481,120,7,0.0,0.9044145349804646,79,4,0.0,0.6889332074130756,70,9,0.0,0.600295509808412,115,193,26
VNM,Viet Nam,East Asia & Pacific,Lower middle income,95082288.6,10369.453719753405,0,0.0,0.1832401747811078,130,6,0.0,0.6960810513688466,95,7,0.0,0.8161335993963043,114,4,0.0,0.6903622627948471,67,9,0.0,0.5964542720852765,116,193,26
MAR,Morocco,"Middle East, North Africa, Afghanistan & Pakistan",Lower middle income,35425619.0,8434.13671875,1,0.0384615384615384,0.1294196547620839,152,6,0.0,0.6014124213314006,130,7,0.14285714285714285,0.9488915513110034,36,4,0.0,0.6876315193950658,73,9,0.0,0.5918387866998884,117,193,26
WSM,Samoa,East Asia & Pacific,Upper middle income,205611.6,6815.449412264299,2,0.0769230769230769,0.24565919931649524,115,6,0.16666666666666666,0.810088515893456,29,7,0.0,0.6134292279437159,147,4,0.25,0.6798764898784216,80,9,0.0,0.5872633582580222,118,193,26
SUR,Suriname,Latin America & Caribbean ,Upper middle income,593675.6,22650.745438631515,0,0.0,0.30392610445899587,100,6,0.0,0.7863517001121891,44,7,0.0,0.6108436046278103,148,4,0.0,0.6270112389349571,101,9,0.0,0.5820331620334881,119,193,26
EGY,"Egypt, Arab Rep.","Middle East, North Africa, Afghanistan & Pakistan",Lower middle income,103634648.0,14137.27407826758,0,0.0,0.14259054075921085,148,6,0.0,0.6456123576960046,117,7,0.0,0.9368700462464433,50,4,0.0,0.5748929504998724,133,9,0.0,0.5749914738003827,120,193,26
AZE,Azerbaijan,Europe & Central Asia,Upper middle income,9845048.0,20008.70243777982,0,0.0,0.34725796154217975,84,6,0.0,0.5608634127103203,138,7,0.0,0.7015549952002419,138,4,0.0,0.681467035750128,79,9,0.0,0.5727858513007176,121,193,26
UKR,Ukraine,Europe & Central Asia,Upper middle income,45400826.8,16437.284375,3,0.1153846153846153,0.4441733441292559,61,6,0.3333333333333333,0.7145471073554772,88,7,0.0,0.5402916603346692,157,4,0.25,0.5866085877199805,129,9,0.0,0.5714051748848457,122,193,26
DOM,Dominican Republic,Latin America & Caribbean ,Upper middle income,10665839.6,19711.63431957104,0,0.0,0.18330183793923824,129,6,0.0,0.7119854629827318,90,7,0.0,0.7568322344837783,130,4,0.0,0.6245700681687736,103,9,0.0,0.5691724008936305,123,193,26
MHL,Marshall Islands,East Asia & Pacific,Upper middle income,46466.0,5361.271754049651,4,0.1538461538461538,0.4722536138840991,59,6,0.3333333333333333,0.7645002839697274,58,7,0.0,0.5022291706934692,167,4,0.25,0.5302010852570538,147,9,0.1111111111111111,0.5672960384510873,124,193,26
BOL,Bolivia,Latin America & Caribbean ,Lower middle income,11343813.2,11639.82968361802,0,0.0,0.2527398762657427,114,6,0.0,0.6207281483770031,125,7,0.0,0.7729294989041062,124,4,0.0,0.619314310713776,107,9,0.0,0.566427958565157,125,193,26
KIR,Kiribati,East Asia & Pacific,Lower middle income,120314.6,2801.1062650944664,2,0.0769230769230769,0.4386351161119455,62,6,0.16666666666666666,0.6581239917293048,113,7,0.0,0.5847467409745934,152,4,0.25,0.5255845965845357,152,9,0.0,0.5517726113500948,126,193,26
VEN,"Venezuela, RB",Latin America & Caribbean ,Not classified,30130141.0,,1,0.0384615384615384,0.09953291925621748,162,6,0.0,0.7322918783318013,75,7,0.14285714285714285,0.7297257197008843,135,4,0.0,0.6400220801570267,95,9,0.0,0.5503931493614824,127,193,26
STP,Sao Tome and Principe,Sub-Saharan Africa ,Lower middle income,206905.8,5499.34453333176,1,0.0384615384615384,0.22819451394638487,121,6,0.0,0.5406543326481204,144,7,0.0,0.8569850950422522,99,4,0.25,0.5472049288752009,143,9,0.0,0.5432597176279896,128,193,26
GTM,Guatemala,Latin America & Caribbean ,Upper middle income,16551469.6,11064.55209866442,0,0.0,0.13812420553502852,150,6,0.0,0.5462334971646373,142,7,0.0,0.8197473484421942,113,4,0.0,0.6661923964367509,85,9,0.0,0.5425743618946528,129,193,26
VUT,Vanuatu,East Asia & Pacific,Lower middle income,278787.8,3443.084114638334,1,0.0384615384615384,0.10916451104237117,160,6,0.16666666666666666,0.6088418407629584,127,7,0.0,0.7539178804659304,131,4,0.0,0.6888072958568461,71,9,0.0,0.5401828820320265,130,193,26
SLB,Solomon Islands,East Asia & Pacific,Lower middle income,684942.8,2686.271509032424,1,0.0384615384615384,0.16437973175255424,138,6,0.16666666666666666,0.551646139363667,140,7,0.0,0.7713716073919891,126,4,0.0,0.6719613155185465,82,9,0.0,0.5398396985066892,131,193,26
IRQ,Iraq,"Middle East, North Africa, Afghanistan & Pakistan",Upper middle income,39365062.0,14463.24213804788,0,0.0,0.12306820218311254,154,6,0.0,0.6950256145198255,96,7,0.0,0.7447388813460643,133,4,0.0,0.5954737713571951,124,9,0.0,0.5395766173515494,132,193,26
FSM,"Micronesia, Fed. Sts.",East Asia & Pacific,Lower middle income,109492.6,3804.3655376621696,3,0.1153846153846153,0.30520583876517676,99,6,0.16666666666666666,0.6925822665758978,98,7,0.14285714285714285,0.5598279910743895,154,4,0.25,0.5624547285242376,139,9,0.0,0.5300177062349254,133,193,26
BWA,Botswana,Sub-Saharan Africa ,Upper middle income,2267204.0,17236.895601310778,1,0.0384615384615384,0.2831414738377958,105,6,0.0,0.7475152396715028,66,7,0.14285714285714285,0.5146708482962801,162,4,0.0,0.538222136240808,145,9,0.0,0.5208874245115966,134,193,26
IDN,Indonesia,East Asia & Pacific,Upper middle income,267242910.4,11801.18319763254,0,0.0,0.07966363814673612,175,6,0.0,0.6570705603077445,114,7,0.0,0.6623559046159495,142,4,0.0,0.6187233532347418,108,9,0.0,0.5044533640762929,135,193,26
SYR,Syrian Arab Republic,"Middle East, North Africa, Afghanistan & Pakistan",Low income,19554899.8,5016.695588176406,0,0.0,0.14377219378573067,146,6,0.0,0.7408388838431488,69,7,0.0,0.5865949872379461,151,4,0.0,0.537497402384935,146,9,0.0,0.5021758668129401,136,193,26
IND,India,South Asia,Lower middle income,1359063114.0,7279.961946423378,1,0.0384615384615384,0.0957956293385185,165,6,0.0,0.5530541102186738,139,7,0.0,0.7598478206784196,129,4,0.25,0.4991762873010434,161,9,0.0,0.4769684618841638,137,193,26
PHL,Philippines,East Asia & Pacific,Lower middle income,108087674.8,8575.261052281634,0,0.0,0.1486166930851677,143,6,0.0,0.6428129134889219,118,7,0.0,0.5385221702317291,158,4,0.0,0.575070341487582,132,9,0.0,0.47625552957335016,138,193,26
RWA,Rwanda,Sub-Saharan Africa ,Low income,12205072.8,2413.5356401824674,0,0.0,0.0993679443748664,163,6,0.0,0.465560305307513,151,7,0.0,0.8041887962443444,119,4,0.0,0.5257346829238777,151,9,0.0,0.47371293221265043,139,193,26
TLS,Timor-Leste,East Asia & Pacific,Lower middle income,1252410.0,4513.048160733686,0,0.0,0.19185004406150305,125,6,0.0,0.5489148745514851,141,7,0.0,0.524835899074898,161,4,0.0,0.6180879989865786,109,9,0.0,0.47092220416861624,140,193,26
KHM,Cambodia,East Asia & Pacific,Lower middle income,16061050.4,5676.761822974548,0,0.0,0.07156868765856443,178,6,0.0,0.46710817078327527,150,7,0.0,0.6658634126967647,141,4,0.0,0.6623869270601,87,9,0.0,0.46673179954967614,141,193,26
BGD,Bangladesh,South Asia,Lower middle income,162163483.2,6054.374702414508,0,0.0,0.027736554186405898,188,6,0.0,0.4297003948798584,156,7,0.0,0.8647335436985515,97,4,0.0,0.5390275147402761,144,9,0.0,0.465299501876273,142,193,26
LAO,Lao PDR,East Asia & Pacific,Lower middle income,7018855.0,7409.963419661095,0,0.0,0.05634891810525856,182,6,0.0,0.5417281125782825,143,7,0.0,0.6191769003881133,146,4,0.0,0.6275395245169573,100,9,0.0,0.4611983638971529,143,193,26
NPL,Nepal,South Asia,Lower middle income,28056820.4,4107.924196660128,0,0.0,0.11903271637343131,157,6,0.0,0.47099480359166046,149,7,0.0,0.7429265240918324,134,4,0.0,0.500478663921392,159,9,0.0,0.45835817699457904,144,193,26
ZAF,South Africa,Sub-Saharan Africa ,Upper middle income,57963827.2,14504.55703311806,1,0.0384615384615384,0.3119245659700085,98,6,0.16666666666666666,0.7197431622992388,86,7,0.0,0.31243154435925524,187,4,0.0,0.47919709420986767,163,9,0.0,0.4558240917095925,145,193,26
BDI,Burundi,Sub-Saharan Africa ,Low income,11581715.0,1026.6941230266566,1,0.0384615384615384,0.18058344561555786,132,6,0.16666666666666666,0.37956611741153873,163,7,0.0,0.8008280063142355,120,4,0.0,0.44632862744324203,169,9,0.0,0.4518265491961435,146,193,26
GHA,Ghana,Sub-Saharan Africa ,Lower middle income,29991538.8,6001.96675342094,0,0.0,0.07343548219888309,177,6,0.0,0.4805229711711855,148,7,0.0,0.7695431024679774,127,4,0.0,0.4472207892448177,168,9,0.0,0.44268058627071594,147,193,26
ERI,Eritrea,Sub-Saharan Africa ,Low income,3162709.0,,1,0.0384615384615384,0.06630471206432721,181,6,0.0,0.2924266901270832,174,7,0.14285714285714285,0.8438076073665504,105,4,0.0,0.5602701851860995,140,9,0.0,0.44070229868601507,148,193,26
NAM,Namibia,Sub-Saharan Africa ,Lower middle income,2509637.4,11489.95394874652,1,0.0384615384615384,0.3412299256898816,90,6,0.16666666666666666,0.6074131923180774,128,7,0.0,0.32214368838992335,186,4,0.0,0.48376008515564334,162,9,0.0,0.43863672288838146,149,193,26
SEN,Senegal,Sub-Saharan Africa ,Lower middle income,15474054.8,3848.840035716066,0,0.0,0.04937596781621951,183,6,0.0,0.38920991654548937,161,7,0.0,0.7881863096898036,123,4,0.0,0.5250920714456888,153,9,0.0,0.43796606637430036,150,193,26
MMR,Myanmar,East Asia & Pacific,Lower middle income,51878530.0,5907.400597282622,0,0.0,0.09380083687570222,166,6,0.0,0.44575564525701694,155,7,0.0,0.6423661279444203,144,4,0.0,0.5645265572023461,138,9,0.0,0.4366122918198714,151,193,26
COM,Comoros,Sub-Saharan Africa ,Lower middle income,756652.0,3391.202753364564,1,0.0384615384615384,0.12237950551133915,155,6,0.16666666666666666,0.3404195345397242,168,7,0.0,0.7148520425419502,137,4,0.0,0.5661156039532775,137,9,0.0,0.43594167163657277,152,193,26
SDN,Sudan,Sub-Saharan Africa ,Low income,42755480.0,3967.3913574218777,0,0.0,0.08533047726406445,170,6,0.0,0.23167956357404168,185,7,0.0,0.8625426301644593,98,4,0.0,0.5290659005837872,148,9,0.0,0.42715464289658817,153,193,26
BFA,Burkina Faso,Sub-Saharan Africa ,Low income,19881398.0,2240.929371168628,1,0.0384615384615384,0.14593625692003467,145,6,0.16666666666666666,0.2990810186818718,172,7,0.0,0.8198837043593339,112,4,0.0,0.4098672330634541,180,9,0.0,0.41869205325617365,154,193,26
GMB,"Gambia, The",Sub-Saharan Africa ,Low income,2341392.6,2581.97178940852,0,0.0,0.0405466889217601,186,6,0.0,0.46437109037977226,152,7,0.0,0.7521294546253522,132,4,0.0,0.4173143163055236,177,9,0.0,0.4185903875581021,155,193,26
SWZ,Eswatini,Sub-Saharan Africa ,Lower middle income,1159863.6,9585.480065272292,1,0.0384615384615384,0.27182630008105374,108,6,0.16666666666666666,0.5863909525985802,134,7,0.0,0.37013394487039064,179,4,0.0,0.44578938411841207,171,9,0.0,0.4185351454171091,156,193,26
LSO,Lesotho,Sub-Saharan Africa ,Lower middle income,2157030.2,2917.721045006396,1,0.0384615384615384,0.39647926572237036,72,6,0.16666666666666666,0.49585662435954314,147,7,0.0,0.3801455823293173,176,4,0.0,0.3960084758203452,185,9,0.0,0.417122487057894,157,193,26
MRT,Mauritania,Sub-Saharan Africa ,Lower middle income,4213721.8,6040.458798360682,1,0.0384615384615384,0.0912867877777127,169,6,0.16666666666666666,0.3583972162514807,166,7,0.0,0.6511366777499508,143,4,0.0,0.5497902905279219,142,9,0.0,0.4126527430767665,158,193,26
MWI,Malawi,Sub-Saharan Africa ,Low income,18047374.8,1626.110481966502,1,0.0384615384615384,0.16440285956199308,137,6,0.16666666666666666,0.41858569360204084,159,7,0.0,0.5248615690522201,160,4,0.0,0.5189145406682777,156,9,0.0,0.40669116572113295,159,193,26
PAK,Pakistan,"Middle East, North Africa, Afghanistan & Pakistan",Lower middle income,223686702.0,5022.895099488862,0,0.0,0.041351266551838364,185,6,0.0,0.5202747552260086,145,7,0.0,0.5904980173483632,150,4,0.0,0.4609595267232465,166,9,0.0,0.40327089146236417,160,193,26
DJI,Djibouti,"Middle East, North Africa, Afghanistan & Pakistan",Lower middle income,1054679.6,5402.026751016669,2,0.0769230769230769,0.14289213915223756,147,6,0.3333333333333333,0.5614485971867154,137,7,0.0,0.4447442175117582,173,4,0.0,0.46356783859062034,165,9,0.0,0.40316319811033285,161,193,26
YEM,"Yemen, Rep.","Middle East, North Africa, Afghanistan & Pakistan",Low income,33111180.0,,2,0.0769230769230769,0.23137523681498648,117,6,0.3333333333333333,0.31623299985335185,170,7,0.0,0.48794209477240796,168,4,0.0,0.571265140484348,135,9,0.0,0.40170386798127355,162,193,26
ZMB,Zambia,Sub-Saharan Africa ,Lower middle income,17448448.0,3605.22538777374,1,0.0384615384615384,0.148354756843235,144,6,0.16666666666666666,0.4551094394101747,153,7,0.0,0.47992738394248424,169,4,0.0,0.5115420343716984,157,9,0.0,0.398733403641898,163,193,26
KEN,Kenya,Sub-Saharan Africa ,Lower middle income,49167182.6,4897.234978051753,0,0.0,0.09721831129023535,164,6,0.0,0.4193454505516595,158,7,0.0,0.5114875945465769,164,4,0.0,0.5283100932087896,149,9,0.0,0.3890903623993153,164,193,26
ZWE,Zimbabwe,Sub-Saharan Africa ,Lower middle income,14823521.8,5163.362792375157,1,0.0384615384615384,0.1516628575007665,142,6,0.16666666666666666,0.45505893128500924,154,7,0.0,0.5097254431143966,165,4,0.0,0.43582969364838753,174,9,0.0,0.38806923138714,165,193,26
TZA,Tanzania,Sub-Saharan Africa ,Lower middle income,55621980.2,3304.26020507813,0,0.0,0.047464669448231266,184,6,0.0,0.34006876658777474,169,7,0.0,0.5417886370447174,156,4,0.0,0.5876322975302823,128,9,0.0,0.3792385926527514,166,193,26
NER,Niger,Sub-Saharan Africa ,Low income,21439304.6,1535.729441357514,0,0.0,0.0699257888213592,179,6,0.0,0.21955465413573433,188,7,0.0,0.7265049772254087,136,4,0.0,0.471340186773199,164,9,0.0,0.3718314017389253,167,193,26
GAB,Gabon,Sub-Saharan Africa ,Upper middle income,2155643.8,19681.72002406392,1,0.0384615384615384,0.13805280756985605,151,6,0.16666666666666666,0.5848497671414582,135,7,0.0,0.21135040309460731,190,4,0.0,0.5261745164673685,150,9,0.0,0.3651068735683225,168,193,26
MDG,Madagascar,Sub-Saharan Africa ,Low income,26805901.8,1666.5676593766882,1,0.0384615384615384,0.11532318448980543,158,6,0.16666666666666666,0.3005856028355726,171,7,0.0,0.45389967755799143,172,4,0.0,0.5671666338727684,136,9,0.0,0.35924377468903446,169,193,26
MLI,Mali,Sub-Saharan Africa ,Low income,19821551.4,2808.088874102664,0,0.0,0.033269772492205106,187,6,0.0,0.36988545359081515,164,7,0.0,0.5993694215763046,149,4,0.0,0.41306248025313624,178,9,0.0,0.35389678197811525,170,193,26
UGA,Uganda,Sub-Saharan Africa ,Low income,40214690.8,2584.2770386086822,1,0.0384615384615384,0.10610356194197156,161,6,0.16666666666666666,0.2611180804194307,180,7,0.0,0.5064313529574772,166,4,0.0,0.5197927914983296,155,9,0.0,0.34836144670430225,171,193,26
LBR,Liberia,Sub-Saharan Africa ,Low income,4850482.2,1650.488995497904,0,0.0,0.18775670074056583,127,6,0.0,0.27489810115556074,178,7,0.0,0.4721357417605541,170,4,0.0,0.4099281004611766,179,9,0.0,0.33617966102946434,172,193,26
SLE,Sierra Leone,Sub-Saharan Africa ,Low income,7381767.2,2746.780290578458,1,0.0384615384615384,0.16339171590059284,139,6,0.16666666666666666,0.21788810902367137,189,7,0.0,0.5541396929007991,155,4,0.0,0.4001231932387364,184,9,0.0,0.3338856777659499,173,193,26
CIV,Cote d'Ivoire,Sub-Saharan Africa ,Lower middle income,26725260.2,5510.58026680695,1,0.0384615384615384,0.07415352828219278,176,6,0.16666666666666666,0.36015706935252106,165,7,0.0,0.53792970700994,159,4,0.0,0.35967644057618714,192,9,0.0,0.3329791863052103,174,193,26
AFG,Afghanistan,"Middle East, North Africa, Afghanistan & Pakistan",Low income,35764094.2,2941.82272775273,0,0.0,0.18076625214630918,131,6,0.0,0.2564431525135764,181,7,0.0,0.4637854931996459,171,4,0.0,0.42859115683188465,175,9,0.0,0.33239651367285405,175,193,26
COG,"Congo, Rep.",Sub-Saharan Africa ,Lower middle income,5354181.4,7664.201690575578,1,0.0384615384615384,0.06867998226953732,180,6,0.16666666666666666,0.3861463538027336,162,7,0.0,0.3698733797352416,180,4,0.0,0.5035692837773829,158,9,0.0,0.3320672498962238,176,193,26
MOZ,Mozambique,Sub-Saharan Africa ,Low income,28190818.8,1530.048128138582,0,0.0,0.12826128902226883,153,6,0.0,0.342597450225286,167,7,0.0,0.37487805850977374,177,4,0.0,0.45723868374069415,167,9,0.0,0.3257438703745057,177,193,26
TGO,Togo,Sub-Saharan Africa ,Low income,8060094.0,2474.57381309524,0,0.0,0.0813653588071903,173,6,0.0,0.18242162002147486,192,7,0.0,0.6325742771675917,145,4,0.0,0.3859978558884651,188,9,0.0,0.3205897779711805,178,193,26
GNB,Guinea-Bissau,Sub-Saharan Africa ,Low income,1877057.2,2336.330077298918,1,0.0384615384615384,0.15481816049435015,140,6,0.16666666666666666,0.1925799792287475,190,7,0.0,0.5127264590088881,163,4,0.0,0.40211808812599337,183,9,0.0,0.31556067171449476,179,193,26
ETH,Ethiopia,Sub-Saharan Africa ,Not classified,109730662.6,2202.843784007282,0,0.0,0.023931657778002574,190,6,0.0,0.23910605996695983,183,7,0.0,0.38256843959064213,175,4,0.0,0.6049296229032614,118,9,0.0,0.3126339450597165,180,193,26
PNG,Papua New Guinea,East Asia & Pacific,Lower middle income,9177440.2,4253.050319759843,0,0.0,0.020644093605181192,191,6,0.0,0.429589549337221,157,7,0.0,0.19607843137254896,192,4,0.0,0.591727638610372,127,9,0.0,0.30950992823133083,181,193,26
HTI,Haiti,Latin America & Caribbean ,Lower middle income,10815995.6,3450.926348242718,0,0.0,0.15400416351406143,141,6,0.0,0.2986576106000716,173,7,0.0,0.34658210008610435,183,4,0.0,0.42126318762542525,176,9,0.0,0.3051267654564157,182,193,26
BEN,Benin,Sub-Saharan Africa ,Lower middle income,12041681.0,3078.600212907388,0,0.0,0.01163561638208832,193,6,0.0,0.23903786358032608,184,7,0.0,0.5702578590175916,153,4,0.0,0.3817788427817855,190,9,0.0,0.3006775454404479,183,193,26
SOM,"Somalia, Fed. Rep.",Sub-Saharan Africa ,Low income,14911158.0,1450.402932086598,2,0.0769230769230769,0.1120044287556544,159,6,0.3333333333333333,0.2826475665493215,177,7,0.0,0.4041786619317692,174,4,0.0,0.3950327498036119,186,9,0.0,0.2984658517600893,184,193,26
GNQ,Equatorial Guinea,Sub-Saharan Africa ,Upper middle income,1562220.8,22619.073794570617,2,0.0769230769230769,0.08207877626000917,171,6,0.16666666666666666,0.28267981018828303,176,7,0.0,0.36606570346251205,181,4,0.25,0.44025805382227867,173,9,0.0,0.2927705859332707,185,193,26
SSD,South Sudan,Sub-Saharan Africa ,Low income,10548635.6,,1,0.0384615384615384,0.23787719472031918,116,6,0.16666666666666666,0.24482968250523948,182,7,0.0,0.21771327793763265,189,4,0.0,0.4458488030640477,170,9,0.0,0.28656723955680974,186,193,26
CMR,Cameroon,Sub-Saharan Africa ,Lower middle income,24131730.8,4799.521944313882,0,0.0,0.08118589847791023,174,6,0.0,0.28658388848782596,175,7,0.0,0.37231058280029017,178,4,0.0,0.4061616075451374,182,9,0.0,0.28656049432779096,187,193,26
AGO,Angola,Sub-Saharan Africa ,Lower middle income,30249698.8,10452.361897416256,0,0.0,0.02492038064821339,189,6,0.0,0.40965856180990723,160,7,0.0,0.20700136934688845,191,4,0.0,0.49935837961852314,160,9,0.0,0.28523467285588305,188,193,26
COD,"Congo, Dem. Rep.",Sub-Saharan Africa ,Low income,87014086.0,1408.846037915754,1,0.0384615384615384,0.08180892161600868,172,6,0.16666666666666666,0.22860142283663323,186,7,0.0,0.34622367694878153,184,4,0.0,0.4447416681983175,172,9,0.0,0.2753439223999352,189,193,26
GIN,Guinea,Sub-Saharan Africa ,Lower middle income,12392975.8,3263.1027080808844,1,0.0384615384615384,0.09179872514469918,167,6,0.16666666666666666,0.22694689246271138,187,7,0.0,0.33269634630731737,185,4,0.0,0.40707389628179347,181,9,0.0,0.26462896504913036,190,193,26
NGA,Nigeria,Sub-Saharan Africa ,Lower middle income,200158910.6,8509.589056487028,1,0.0384615384615384,0.09178868675655932,168,6,0.16666666666666666,0.274542146570186,179,7,0.0,0.3094133804118968,188,4,0.0,0.3074809229965886,193,9,0.0,0.24580628418380768,191,193,26
TCD,Chad,Sub-Saharan Africa ,Low income,15645357.8,2619.668228880014,0,0.0,0.013457371535201863,192,6,0.0,0.18036656935785805,193,7,0.0,0.3646409329992405,182,4,0.0,0.3833856531406419,189,9,0.0,0.23546263175823556,192,193,26
CAF,Central African Republic,Sub-Saharan Africa ,Low income,4791970.8,1098.5058282512,1,0.0384615384615384,0.13956613065708628,149,6,0.16666666666666666,0.1880091442772238,191,7,0.0,0.08627450980392143,193,4,0.0,0.3607286368211666,191,9,0.0,0.1936446053898495,193,193,26
