iso3,country,n_simulations,coverage_count,missing_count_from_potential_capacity_sample,missing_rate_from_potential_capacity_sample,conversion_efficiency_mean,conversion_efficiency_ci_low,conversion_efficiency_ci_high,conversion_efficiency_std,most_likely_profile,profile_stability_score,robustness_category
NOR,Norway,1000,106,87,0.4507772020725389,0.8923428313596089,0.4551708643901966,1.3453415447856716,0.21777610872363534,effective converters,0.999,robust
DEU,Germany,1000,106,87,0.4507772020725389,0.6889933495215648,0.23241288743596117,1.0794078970144205,0.2169369300513099,effective converters,0.982,robust
SWE,Sweden,1000,106,87,0.4507772020725389,1.1070985027219251,0.7461208946523548,1.4443654208981909,0.18443015865865026,effective converters,0.997,robust
JPN,Japan,1000,106,87,0.4507772020725389,1.445877579278282,0.817843284896854,2.1225891534594887,0.32858740101414674,effective converters,0.988,robust
FRA,France,1000,106,87,0.4507772020725389,0.753923849206634,0.3650616411882252,1.061701766357234,0.1806948450251538,effective converters,0.984,robust
AUS,Australia,1000,106,87,0.4507772020725389,0.6216994818509752,0.1078726781863739,1.203720531760683,0.27819299571727135,effective converters,0.982,robust
DNK,Denmark,1000,106,87,0.4507772020725389,1.4338554141823616,1.109973998079229,1.747217026715516,0.16881956795737332,effective converters,0.988,robust
BEL,Belgium,1000,106,87,0.4507772020725389,0.4508214590775364,0.016325970322621598,0.8570963914604605,0.21052508314644897,effective converters,0.937,robust
AUT,Austria,1000,106,87,0.4507772020725389,0.1387652904052089,-0.21823162263463708,0.47738619528087506,0.1841266385834268,capacity under-realizers,0.952,robust
ISL,Iceland,1000,106,87,0.4507772020725389,0.9896551026876808,0.4995007674095503,1.4979149841243395,0.2571809094836058,effective converters,0.988,robust
FIN,Finland,1000,106,87,0.4507772020725389,1.049377400912208,0.6717487506498259,1.4285987537067837,0.19639480084640912,effective converters,0.987,robust
LUX,Luxembourg,1000,106,87,0.4507772020725389,1.2000056814904323,0.7334183303275182,1.600271673561273,0.2174843218112093,effective converters,0.998,robust
CZE,Czechia,1000,106,87,0.4507772020725389,-0.5525148127986995,-0.9083083238405986,-0.26480247711432126,0.1660498028521913,capacity under-realizers,0.988,robust
USA,United States,1000,106,87,0.4507772020725389,-1.0985473899995808,-1.5504915373788877,-0.6450940530873956,0.23246203438602292,capacity under-realizers,0.912,robust
SVN,Slovenia,1000,106,87,0.4507772020725389,0.14247021717688857,-0.2428662743463281,0.4863612827974618,0.18237210700828477,capacity under-realizers,0.993,robust
NZL,New Zealand,1000,106,87,0.4507772020725389,1.0976232339076624,0.7310534301867398,1.461291297836337,0.19148726182824555,effective converters,0.993,robust
CHE,Switzerland,1000,106,87,0.4507772020725389,0.35915949573858835,-0.05212678279955759,0.7540064733203705,0.20771549257893773,effective converters,0.828,robust
IRL,Ireland,1000,106,87,0.4507772020725389,0.10691241442654666,-0.34756392319102625,0.5351809053621199,0.23160103150471945,effective converters,0.67,unstable
CAN,Canada,1000,106,87,0.4507772020725389,0.5792891776632193,0.08387050918023842,1.1228424301697273,0.26992826806709513,effective converters,0.944,robust
NLD,Netherlands,1000,106,87,0.4507772020725389,0.5058040931579996,0.11013764175031444,0.8889483764963666,0.20178692883582292,effective converters,0.92,robust
MDV,Maldives,1000,106,87,0.4507772020725389,-0.5553425192482577,-1.4739428476568444,0.16035466507576576,0.413342265841721,capacity under-realizers,0.913,robust
GBR,United Kingdom,1000,106,87,0.4507772020725389,0.23287227681418596,-0.07370284784574957,0.5029213354142559,0.1530238877555306,capacity under-realizers,0.956,robust
ESP,Spain,1000,106,87,0.4507772020725389,0.173318292949426,-0.18741730432294823,0.5061911006084603,0.1697428208769625,capacity under-realizers,0.959,robust
SVK,Slovak Republic,1000,106,87,0.4507772020725389,-1.3220118823027798,-1.6345885086659395,-1.080440245101572,0.14146288798506,capacity under-realizers,0.978,robust
PRT,Portugal,1000,106,87,0.4507772020725389,0.402976097688499,-0.026782135083402065,0.801330239686633,0.20651888145258301,capacity under-realizers,0.895,robust
HRV,Croatia,1000,106,87,0.4507772020725389,-0.9504475296252697,-1.3317410053349834,-0.6167896499631547,0.18593897339591597,capacity under-realizers,0.958,robust
AND,Andorra,1000,106,87,0.4507772020725389,0.36871090519881033,0.06872306774265981,0.6552533577853361,0.14515317141883285,effective converters,0.971,robust
ITA,Italy,1000,106,87,0.4507772020725389,-0.2572201300798306,-0.6865516451259193,0.188172442144405,0.22184607943139523,capacity under-realizers,0.9,robust
URY,Uruguay,1000,106,87,0.4507772020725389,0.5239304979598751,0.14561159798491127,0.9215133068429066,0.19888074829004196,effective converters,0.903,robust
BLR,Belarus,1000,106,87,0.4507772020725389,-2.686012459797102,-3.160936374434699,-2.0677766555988333,0.2716327343475962,capacity under-realizers,0.807,robust
QAT,Qatar,1000,106,87,0.4507772020725389,-0.46010200538999346,-1.1952734903496733,0.07412227773079895,0.32884545741361865,capacity under-realizers,0.709,unstable
ISR,Israel,1000,106,87,0.4507772020725389,0.0268862515650298,-0.3427387857429978,0.36075882381815794,0.18265813316519489,effective converters,0.528,unstable
MLT,Malta,1000,106,87,0.4507772020725389,0.6176445170232202,0.004885653828504276,1.1953346488145744,0.29849961384293655,uncertain / data-limited systems,1.0,robust
HUN,Hungary,1000,106,87,0.4507772020725389,0.13545611720572076,-0.2877566756914263,0.5225150802027473,0.21537826404660512,capacity under-realizers,0.781,robust
ARG,Argentina,1000,106,87,0.4507772020725389,-0.4404460350918786,-0.8974635686920261,-0.004378560098095715,0.2181349866964302,capacity under-realizers,0.693,unstable
ARE,United Arab Emirates,1000,106,87,0.4507772020725389,-0.5923179143966212,-1.197487066948007,-0.014921666894772227,0.3017999548393889,capacity under-realizers,0.756,robust
KWT,Kuwait,1000,106,87,0.4507772020725389,-0.7376510839537507,-1.271523360787709,-0.32050480997567987,0.23801451231103063,capacity under-realizers,0.807,robust
POL,Poland,1000,106,87,0.4507772020725389,-0.4765013195316104,-0.7440628964831636,-0.22385683938316486,0.1293020582660488,capacity under-realizers,0.864,robust
GRC,Greece,1000,106,87,0.4507772020725389,0.30546863624764087,-0.09096323299363053,0.7588188801306889,0.21745195812635576,uncertain / data-limited systems,1.0,robust
OMN,Oman,1000,106,87,0.4507772020725389,0.03111426003388086,-0.5308270990350896,0.5416497659442997,0.28506215456263945,uncertain / data-limited systems,1.0,robust
CRI,Costa Rica,1000,106,87,0.4507772020725389,-0.13363978539617896,-0.6679214926957152,0.35114135544620845,0.25873554590474585,uncertain / data-limited systems,1.0,robust
BRN,Brunei Darussalam,1000,106,87,0.4507772020725389,-0.5943032665723676,-1.1751362097977442,-0.07728985321218405,0.271111868628537,uncertain / data-limited systems,1.0,robust
EST,Estonia,1000,106,87,0.4507772020725389,0.5451685288291221,0.21564226669626135,0.9165993991055478,0.17623954569918518,capacity under-realizers,0.758,robust
KOR,"Korea, Rep.",1000,106,87,0.4507772020725389,0.2457796811818036,-0.13036970686605087,0.6068733371493663,0.185233860480222,effective converters,0.596,unstable
LTU,Lithuania,1000,106,87,0.4507772020725389,-2.2167983904528166,-2.618547146506959,-1.7523518648794636,0.22030659310535058,uncertain / data-limited systems,1.0,robust
ATG,Antigua and Barbuda,1000,106,87,0.4507772020725389,1.0741567943109749,0.5497292659199731,1.5610871688673502,0.26011694567042903,uncertain / data-limited systems,1.0,robust
COL,Colombia,1000,106,87,0.4507772020725389,-0.7289120206656271,-1.215203477300664,-0.3191071759960486,0.23905726858166407,capacity under-realizers,0.582,unstable
KAZ,Kazakhstan,1000,106,87,0.4507772020725389,-0.03667473600465945,-0.605530971788893,0.5850531314016615,0.30474889099662733,capacity under-realizers,0.56,unstable
ROU,Romania,1000,106,87,0.4507772020725389,-0.9495167631220225,-1.2807430588739617,-0.605213679623064,0.16942005167973637,capacity under-realizers,0.513,unstable
SMR,San Marino,1000,106,87,0.4507772020725389,-0.020860744322437993,-0.4952206259733958,0.470431908278341,0.25139760459361515,uncertain / data-limited systems,1.0,robust
SYC,Seychelles,1000,106,87,0.4507772020725389,0.7659191131852119,0.3920000205334572,1.1658522905715134,0.19941293288957132,uncertain / data-limited systems,1.0,robust
RUS,Russian Federation,1000,106,87,0.4507772020725389,-2.291457206539876,-2.9610336964049746,-1.523171943330431,0.3826113325622796,uncertain / data-limited systems,1.0,robust
CHL,Chile,1000,106,87,0.4507772020725389,-0.48812963476380616,-0.846148646949813,-0.08355846546363435,0.19759548433843713,structurally vulnerable systems,0.509,unstable
TUR,Turkiye,1000,106,87,0.4507772020725389,0.41161103248301506,-0.03705721148980816,0.8331358752262943,0.21650236467329453,uncertain / data-limited systems,1.0,robust
BRA,Brazil,1000,106,87,0.4507772020725389,-0.3226483747151475,-0.7117805981689375,0.029104062503612974,0.18129082686132786,structurally vulnerable systems,0.588,unstable
SRB,Serbia,1000,106,87,0.4507772020725389,-1.5560360452200768,-1.9884848814541836,-1.0937673509100028,0.23004207452178993,uncertain / data-limited systems,1.0,robust
MKD,North Macedonia,1000,106,87,0.4507772020725389,-1.920542521852684,-2.1985419925334613,-1.6385699825388294,0.14774916238268365,structurally vulnerable systems,0.681,unstable
CYP,Cyprus,1000,106,87,0.4507772020725389,0.38483058655537206,-0.20631993547037808,0.9457533085321682,0.2892132812134819,adaptive over-performers,0.581,unstable
BGR,Bulgaria,1000,106,87,0.4507772020725389,-2.8369853517705437,-3.3488349826453407,-2.247513473151709,0.288491785442338,uncertain / data-limited systems,1.0,robust
SGP,Singapore,1000,106,87,0.4507772020725389,-0.6053838173968829,-1.4630919488473781,0.09425404841425382,0.39550568866312363,uncertain / data-limited systems,1.0,robust
LVA,Latvia,1000,106,87,0.4507772020725389,-0.12302360112219315,-0.6618319411393648,0.47220456123096394,0.2864322851740655,uncertain / data-limited systems,1.0,robust
JOR,Jordan,1000,106,87,0.4507772020725389,-0.11824614187235852,-0.5610103948135499,0.3348507513376486,0.22198156291977755,uncertain / data-limited systems,1.0,robust
NIC,Nicaragua,1000,106,87,0.4507772020725389,-0.6465092741017157,-1.2454141556498395,-0.10496699284088318,0.2848812631393497,uncertain / data-limited systems,1.0,robust
TUN,Tunisia,1000,106,87,0.4507772020725389,-0.4304595410994815,-0.8524214921815763,-0.02674550405578092,0.21081220398934736,structurally vulnerable systems,0.64,unstable
IRN,"Iran, Islamic Rep.",1000,106,87,0.4507772020725389,-0.11611042822533586,-0.45459489860898444,0.21561685596608926,0.17882551420561543,structurally vulnerable systems,0.498,unstable
VCT,St. Vincent and the Grenadines,1000,106,87,0.4507772020725389,1.4620892182510463,0.9398817748175877,1.9766714231845008,0.2601225144566494,adaptive over-performers,0.741,unstable
ALB,Albania,1000,106,87,0.4507772020725389,-1.1321626161918106,-1.6324881105869515,-0.5775413561052456,0.2607015642712968,structurally vulnerable systems,0.735,unstable
UZB,Uzbekistan,1000,106,87,0.4507772020725389,1.0885097997925095,0.6010804352926319,1.672873844303886,0.27172866313433836,adaptive over-performers,0.788,robust
KNA,St. Kitts and Nevis,1000,106,87,0.4507772020725389,-1.652976813004214,-2.071639667485887,-1.177728241631752,0.2316556492425284,structurally vulnerable systems,0.796,robust
ECU,Ecuador,1000,106,87,0.4507772020725389,-1.1516500901135052,-1.6457031388219365,-0.6381705780606924,0.2586918376244331,structurally vulnerable systems,0.761,robust
BIH,Bosnia and Herzegovina,1000,106,87,0.4507772020725389,-1.0162350309871144,-1.4109300293296365,-0.5728281450990601,0.22228540319415035,structurally vulnerable systems,0.733,unstable
PSE,West Bank and Gaza,1000,106,87,0.4507772020725389,0.5281983727735964,0.01318974076361572,1.0718548465492521,0.26518040356050915,adaptive over-performers,0.794,robust
BRB,Barbados,1000,106,87,0.4507772020725389,1.1258625228536026,0.6118723018840511,1.6307258145631292,0.2721662552462217,adaptive over-performers,0.847,robust
THA,Thailand,1000,106,87,0.4507772020725389,0.54953198631224,0.025115344631975747,1.043950849718995,0.2527403919555369,uncertain / data-limited systems,1.0,robust
MDA,Moldova,1000,106,87,0.4507772020725389,-0.06113901591448309,-0.5006679110284634,0.3689015057222181,0.22474910925370556,uncertain / data-limited systems,1.0,robust
PAN,Panama,1000,106,87,0.4507772020725389,-0.23646480584152432,-0.7661092938126908,0.3090583070829729,0.2802225468271849,structurally vulnerable systems,0.644,unstable
GEO,Georgia,1000,106,87,0.4507772020725389,-0.9446166825728257,-1.3518444567816577,-0.46859587826769056,0.22558950495844626,uncertain / data-limited systems,1.0,robust
KGZ,Kyrgyz Republic,1000,106,87,0.4507772020725389,0.6701380624998676,0.17985760589863717,1.2533398300431253,0.26656706105530764,adaptive over-performers,0.891,robust
DZA,Algeria,1000,106,87,0.4507772020725389,-0.08338620519688675,-0.49364351833136216,0.3346786114389338,0.22209573552489423,structurally vulnerable systems,0.516,unstable
SLV,El Salvador,1000,106,87,0.4507772020725389,1.6585299996295304,1.138621587035688,2.1657722484217574,0.2573733257745254,adaptive over-performers,0.957,robust
MNE,Montenegro,1000,106,87,0.4507772020725389,-0.21901565119817712,-0.5931022493162557,0.22957361224242884,0.1967424450780765,uncertain / data-limited systems,1.0,robust
BLZ,Belize,1000,106,87,0.4507772020725389,0.6507628711683424,0.1603692464168236,1.0752420155536213,0.2310476298761603,uncertain / data-limited systems,1.0,robust
MYS,Malaysia,1000,106,87,0.4507772020725389,0.5408328162174028,0.18743541071367265,0.9499929981536711,0.188324226114157,adaptive over-performers,0.834,robust
TJK,Tajikistan,1000,106,87,0.4507772020725389,0.9491283078257357,0.4086280470979954,1.6699814602140257,0.32339945702114353,adaptive over-performers,0.916,robust
MUS,Mauritius,1000,106,87,0.4507772020725389,0.610622216469639,0.17524424471350133,1.0594612172162523,0.22884785361098686,uncertain / data-limited systems,1.0,robust
ARM,Armenia,1000,106,87,0.4507772020725389,-1.8538681233138088,-2.282805236565752,-1.330685340441567,0.23962284157017527,uncertain / data-limited systems,1.0,robust
MEX,Mexico,1000,106,87,0.4507772020725389,-1.4726785960230995,-1.7814350843880706,-1.0953776368386146,0.1726575226207382,structurally vulnerable systems,0.963,robust
BHS,"Bahamas, The",1000,106,87,0.4507772020725389,0.28135224684359467,-0.1605796897779088,0.7870954048602032,0.2406920766929016,adaptive over-performers,0.864,robust
BTN,Bhutan,1000,106,87,0.4507772020725389,0.8833443607773144,0.370795079542064,1.4195038895900203,0.2735048622786819,uncertain / data-limited systems,1.0,robust
JAM,Jamaica,1000,106,87,0.4507772020725389,0.6735368009716425,0.19565110622836607,1.1038126525982148,0.22731612280186617,adaptive over-performers,0.936,robust
LBN,Lebanon,1000,106,87,0.4507772020725389,-0.3494486228845661,-0.7764818915061008,0.08187851637735778,0.22209639887281066,structurally vulnerable systems,0.924,robust
PRY,Paraguay,1000,106,87,0.4507772020725389,-0.6851915834129859,-1.0877083370985883,-0.2789479676420115,0.20549714742536085,structurally vulnerable systems,0.942,robust
FJI,Fiji,1000,106,87,0.4507772020725389,1.0647552136794283,0.48305220617057565,1.6664165650585336,0.3161943544386448,adaptive over-performers,0.86,robust
PER,Peru,1000,106,87,0.4507772020725389,-1.4225099400783174,-1.7487523905639357,-1.0563542243392405,0.17911447119676094,structurally vulnerable systems,0.975,robust
CPV,Cabo Verde,1000,106,87,0.4507772020725389,0.7497958245757856,0.3467929163033414,1.1675647828108136,0.213185893961152,adaptive over-performers,0.979,robust
MNG,Mongolia,1000,106,87,0.4507772020725389,2.4404699818711983,1.6078089174937844,3.2973218678986327,0.4320869850879876,adaptive over-performers,0.985,robust
SUR,Suriname,1000,106,87,0.4507772020725389,0.38603781019199535,-0.15120503327324541,1.0439432195738771,0.29501391256167536,adaptive over-performers,0.904,robust
EGY,"Egypt, Arab Rep.",1000,106,87,0.4507772020725389,-0.23798547043056636,-0.7115833123914419,0.25742519597788227,0.24294847326942054,structurally vulnerable systems,0.823,robust
AZE,Azerbaijan,1000,106,87,0.4507772020725389,0.06511833145093102,-0.3750142100081111,0.585393468142284,0.24780674737007685,adaptive over-performers,0.583,unstable
UKR,Ukraine,1000,106,87,0.4507772020725389,0.8968630398603445,0.3808167053720027,1.443471536989391,0.2741920258950453,uncertain / data-limited systems,1.0,robust
DOM,Dominican Republic,1000,106,87,0.4507772020725389,1.3613115247890992,0.9326067532502701,1.7806154036438373,0.2208629690102972,adaptive over-performers,0.999,robust
BOL,Bolivia,1000,106,87,0.4507772020725389,-1.2814335093654288,-1.794172899611361,-0.7405106035984319,0.28225575437099865,structurally vulnerable systems,1.0,robust
GTM,Guatemala,1000,106,87,0.4507772020725389,0.23270818135960197,-0.20785654958720817,0.7322660805429069,0.2466773655373873,adaptive over-performers,0.824,robust
PHL,Philippines,1000,106,87,0.4507772020725389,0.11835049389757031,-0.43496117897851,0.6783086518349346,0.2805341876487798,adaptive over-performers,0.66,unstable
ZAF,South Africa,1000,106,87,0.4507772020725389,-0.2140663757540566,-0.8854666023349894,0.7402874724987707,0.41204345202800835,uncertain / data-limited systems,1.0,robust
NAM,Namibia,1000,106,87,0.4507772020725389,1.4828137116558273,0.5649373956542272,2.635688293201992,0.5394515477493089,adaptive over-performers,1.0,robust
