iso3,country,conversion_profile,capacity,equity_access,preparedness,vulnerability,weakest_bottleneck_block,weakest_bottleneck_gap,second_bottleneck_block,conversion_efficiency_zscore,realized_resilience_gap,method_disagreement_index,expanded_feature_missing_rate,n_validation_countries,missing_count_from_profile_sample,missing_rate_from_profile_sample
BGR,Bulgaria,uncertain / data-limited systems,0.0035338650491735235,-0.142211414537453,-0.02856193843078969,-0.13274770376928202,equity_access,-0.142211414537453,vulnerability,-2.9737986660169526,4779.430896955538,0.3341145833333332,0.0384615384615384,106,0,0.0
BLR,Belarus,capacity under-realizers,0.30393039256496823,0.060766689603379276,0.10365023165705722,-0.06926263580015768,vulnerability,-0.06926263580015768,equity_access,-2.934826273506603,4716.795231999199,0.0885416666666666,0.0769230769230769,106,0,0.0
RUS,Russian Federation,uncertain / data-limited systems,-0.005323523430150745,-0.09942061336997332,0.0026987253056347527,-0.1436985576223545,vulnerability,-0.1436985576223545,equity_access,-2.470496319302296,3970.5332355613527,0.2453125,0.0769230769230769,106,0,0.0
LTU,Lithuania,uncertain / data-limited systems,0.060431793227183506,-0.089823711789486,-0.044321210052453264,-0.08419734522345201,equity_access,-0.089823711789486,vulnerability,-2.3127216878494723,3716.960942003434,0.2395833333333333,0.0384615384615384,106,0,0.0
MKD,North Macedonia,structurally vulnerable systems,0.12748825603545472,0.021041696753423822,-0.007389332231432455,0.0004932931102286098,preparedness,-0.007389332231432455,vulnerability,-1.9749679976206704,3174.129834744109,0.09453125,0.0,106,0,0.0
ARM,Armenia,uncertain / data-limited systems,0.12656574355900663,-0.22206273100364982,0.06499980649461379,-0.03995212819185423,equity_access,-0.22206273100364982,vulnerability,-1.948283078005972,3131.2423552564387,0.2875,0.0,106,0,0.0
KNA,St. Kitts and Nevis,structurally vulnerable systems,-0.17979933906796824,-0.1773438216486768,0.00513001586517936,-0.030588597648837257,capacity,-0.17979933906796824,equity_access,-1.701148507271733,2734.0525197202314,0.11015625,0.0769230769230769,106,0,0.0
SRB,Serbia,uncertain / data-limited systems,0.22016330737535017,-0.06906703449705964,0.042097498212318896,-0.047718349455004194,equity_access,-0.06906703449705964,vulnerability,-1.633899587921958,2625.971375357598,0.2299479166666666,0.0384615384615384,106,0,0.0
MEX,Mexico,structurally vulnerable systems,-0.08285910383347089,0.0,-0.01703179386353859,0.009097491130401147,capacity,-0.08285910383347089,preparedness,-1.486708186644193,2389.408241789657,0.09375,0.0,106,0,0.0
SVK,Slovak Republic,capacity under-realizers,-0.0035338650491734125,0.0483492825564279,0.025406335349806297,-0.010095770765099488,vulnerability,-0.010095770765099488,capacity,-1.403125347198939,2255.0755413735355,0.0942708333333333,0.0384615384615384,106,0,0.0
PER,Peru,structurally vulnerable systems,-0.12766086615971348,-0.023216726874639937,-0.06086704181138214,0.025606216211114807,capacity,-0.12766086615971348,preparedness,-1.4011048502138164,2251.828238242945,0.0992187499999999,0.0384615384615384,106,0,0.0
BOL,Bolivia,structurally vulnerable systems,-0.0611119718576284,-0.0865648281060194,-0.14850594187017596,-0.0392605373114725,preparedness,-0.14850594187017596,equity_access,-1.325734067260284,2130.69379397395,0.0520833333333333,0.0,106,0,0.0
USA,United States,capacity under-realizers,0.25769433801232744,-0.05844625820938498,-0.023011225571154093,0.00496859356758228,equity_access,-0.05844625820938498,preparedness,-1.2162711675864122,1954.767168291395,0.1007812499999998,0.0769230769230769,106,0,0.0
ECU,Ecuador,structurally vulnerable systems,0.0,0.04047297039402764,-0.07919852129364846,0.08666896346247177,preparedness,-0.07919852129364846,capacity,-1.1482947056593773,1845.5167317664025,0.1432291666666666,0.0,106,0,0.0
ALB,Albania,structurally vulnerable systems,-0.012153387688322193,-0.13756116726183287,0.12129780168251103,0.09830335418537639,equity_access,-0.13756116726183287,capacity,-1.0962818877303866,1761.922750812574,0.0942708333333333,0.0384615384615384,106,0,0.0
GEO,Georgia,uncertain / data-limited systems,0.1625204604650895,-0.14815566042857664,0.03575761076866146,-0.04616619442835457,equity_access,-0.14815566042857664,vulnerability,-1.0003330580650351,1607.7156734237342,0.3041666666666665,0.0,106,0,0.0
HRV,Croatia,capacity under-realizers,-0.0044254432860905135,0.07710802320016363,-0.021699001515466443,-0.01582128259267157,preparedness,-0.021699001515466443,vulnerability,-0.9834110417905212,1580.5189407244347,0.0682291666666666,0.0384615384615384,106,0,0.0
BIH,Bosnia and Herzegovina,structurally vulnerable systems,0.14709074645883663,0.0508177220318109,-0.16568661410516183,0.008321104747531671,preparedness,-0.16568661410516183,vulnerability,-0.9596367221199305,1542.309320387255,0.125,0.0384615384615384,106,0,0.0
ROU,Romania,capacity under-realizers,-0.05707392299865577,0.02184330314467553,-0.12279242591229067,-0.0723779118272857,preparedness,-0.12279242591229067,vulnerability,-0.9351231409706718,1502.9115734991929,0.0575520833333333,0.0384615384615384,106,0,0.0
COL,Colombia,capacity under-realizers,0.00822281578801154,0.10511931434927613,0.03804836302524861,0.08051835563655674,capacity,0.00822281578801154,preparedness,-0.781604416073713,1256.1792894954178,0.2158854166666666,0.0,106,0,0.0
KWT,Kuwait,capacity under-realizers,-0.20153716956251083,0.10019356508503596,0.02129012462106472,-0.014642152750564907,capacity,-0.20153716956251083,vulnerability,-0.7687710647710952,1235.5537789562768,0.1429687499999999,0.0384615384615384,106,0,0.0
NIC,Nicaragua,uncertain / data-limited systems,-0.04321018473675681,0.02034314937710735,0.03402997136797303,0.08407257188895312,capacity,-0.04321018473675681,equity_access,-0.7539005103194539,1211.6541154675483,0.29921875,0.1538461538461538,106,0,0.0
MDV,Maldives,capacity under-realizers,0.19608909304309785,0.10422515576443525,0.11894663927861282,0.11657355017654925,equity_access,0.10422515576443525,vulnerability,-0.67968481209664,1092.376100725436,0.2039062499999999,0.0,106,0,0.0
PRY,Paraguay,structurally vulnerable systems,-0.11586270414716768,-0.045463223809035,-0.024351914353683446,0.05686301034202157,capacity,-0.11586270414716768,equity_access,-0.662493602753887,1064.746726205999,0.1216145833333333,0.0,106,0,0.0
CZE,Czechia,capacity under-realizers,0.13335755291935703,0.06899581888920436,0.019292140617157894,-0.024296328680240453,vulnerability,-0.024296328680240453,preparedness,-0.6262960857776176,1006.5707867900423,0.03671875,0.0769230769230769,106,0,0.0
BRN,Brunei Darussalam,uncertain / data-limited systems,-0.29686506363461584,0.13455758882385116,0.004371340401143953,0.029653508773682558,capacity,-0.29686506363461584,preparedness,-0.5677898989411297,912.5407906693268,0.2921875,0.0769230769230769,106,0,0.0
ARG,Argentina,capacity under-realizers,0.30789847006456317,0.022205412780815337,0.0,0.01895010037117084,preparedness,0.0,vulnerability,-0.5607786651550956,901.2724732254856,0.171875,0.0384615384615384,106,0,0.0
ARE,United Arab Emirates,capacity under-realizers,-0.2519700147968513,0.02800623291140647,0.06058015868243771,0.07026017931918793,capacity,-0.2519700147968513,equity_access,-0.5549371955598688,891.8841778489033,0.1830729166666666,0.0384615384615384,106,0,0.0
SGP,Singapore,uncertain / data-limited systems,-0.18645377656827994,-0.1052637325323621,0.004595813876230537,-0.015981813237392783,capacity,-0.18645377656827994,equity_access,-0.4875587587834289,783.5948756180959,0.3541666666666667,0.0384615384615384,106,0,0.0
POL,Poland,capacity under-realizers,-0.05660458436883331,-0.000283294121533495,-0.0007170307913012541,-0.04180505299301207,capacity,-0.05660458436883331,vulnerability,-0.4849502246418017,779.4024907015491,0.0520833333333333,0.0769230769230769,106,0,0.0
CHL,Chile,capacity under-realizers,-0.16047450002949565,-0.09680006046113065,-0.017154010556601262,0.025494193675935528,capacity,-0.16047450002949565,equity_access,-0.4843600852495627,778.4540302435466,0.21875,0.0384615384615384,106,0,0.0
QAT,Qatar,capacity under-realizers,-0.25440215663315513,0.17763916488771836,0.04050728413679716,-0.01878543963797763,capacity,-0.25440215663315513,vulnerability,-0.4525986143987932,727.4076171653402,0.1893229166666666,0.0,106,0,0.0
TUN,Tunisia,structurally vulnerable systems,-0.0601860971234911,0.04051625848003737,0.037824185025323254,0.07538213855143272,capacity,-0.0601860971234911,preparedness,-0.4489517211649329,721.5464018789821,0.2041666666666667,0.0,106,0,0.0
BRA,Brazil,structurally vulnerable systems,0.14844028576145712,0.00039941167617452145,-0.024212569040713672,0.021892866859096527,preparedness,-0.024212569040713672,equity_access,-0.3839098364391619,617.0123602819649,0.14609375,0.0384615384615384,106,0,0.0
LBN,Lebanon,structurally vulnerable systems,0.06842680879322532,-0.05781049403195737,-0.12874039491065892,0.0,preparedness,-0.12874039491065892,equity_access,-0.3017767585291441,485.0096881740485,0.1984374999999999,0.0384615384615384,106,0,0.0
EGY,"Egypt, Arab Rep.",structurally vulnerable systems,-0.1712613073641603,-0.061680618787017916,0.015434605472161023,-0.08368189752537603,capacity,-0.1712613073641603,vulnerability,-0.2483728210133884,399.1799271015716,0.0677083333333333,0.0,106,0,0.0
ITA,Italy,capacity under-realizers,0.051901142728225325,-0.039544220817619435,-0.02833176819778771,0.029810473794977366,equity_access,-0.039544220817619435,preparedness,-0.184799946246096,297.00684950111554,0.1109374999999999,0.0384615384615384,106,0,0.0
JOR,Jordan,uncertain / data-limited systems,0.0,0.018040052161037767,0.020384604386796235,0.0632294615041854,capacity,0.0,equity_access,-0.1794080091690193,288.3410339719369,0.2307291666666666,0.0384615384615384,106,0,0.0
IRN,"Iran, Islamic Rep.",structurally vulnerable systems,-0.05681856315116007,-0.03267450440695541,0.12823421140836744,0.039183096720466715,capacity,-0.05681856315116007,equity_access,-0.1362060818612195,218.90774363440323,0.1828124999999999,0.0769230769230769,106,0,0.0
CRI,Costa Rica,uncertain / data-limited systems,-0.23592879230448371,0.07878406420048556,-0.013906808778039292,0.058024984758972664,capacity,-0.23592879230448371,preparedness,-0.1219216033291474,195.9500098700912,0.22421875,0.0,106,0,0.0
PAN,Panama,structurally vulnerable systems,-0.22068521458515272,-0.14077751288883789,-0.12621976069683494,0.06324504221876004,capacity,-0.22068521458515272,equity_access,-0.1218147392945074,195.77826008932493,0.1044270833333333,0.0384615384615384,106,0,0.0
ZAF,South Africa,uncertain / data-limited systems,-0.034794616073926976,-0.009605111721047166,-0.5388900533709164,-0.2022699415402604,preparedness,-0.5388900533709164,vulnerability,-0.117049907565842,188.12031597797068,0.2294270833333333,0.0384615384615384,106,0,0.0
MNE,Montenegro,uncertain / data-limited systems,0.16588410013281718,-0.014215736298646364,-0.18097717205214536,0.011470768655552077,preparedness,-0.18097717205214536,equity_access,-0.1155108656131252,185.64679793366489,0.2916666666666667,0.0,106,0,0.0
MDA,Moldova,uncertain / data-limited systems,0.18123896728802424,-0.042891321071304556,-0.04464740636204989,-0.0786594877507708,vulnerability,-0.0786594877507708,preparedness,-0.1113311654121229,178.92926573857585,0.2244791666666666,0.0,106,0,0.0
LVA,Latvia,uncertain / data-limited systems,-0.09411352003824014,-0.11714159123659507,-0.008898134825694681,-0.10621362572362258,equity_access,-0.11714159123659507,vulnerability,-0.0992728276026543,159.54934168686032,0.2815104166666666,0.0384615384615384,106,0,0.0
KAZ,Kazakhstan,capacity under-realizers,0.0630082680232183,0.09904643818530312,0.07926859836984379,-0.01413586197105543,vulnerability,-0.01413586197105543,capacity,-0.0986913164584361,158.61474837986862,0.1458333333333333,0.0,106,0,0.0
DZA,Algeria,structurally vulnerable systems,-0.09245185189785599,0.0130470072167721,-0.006994362425646106,0.07385241375072149,capacity,-0.09245185189785599,preparedness,-0.0257879676045457,41.44591580704992,0.1796875,0.0,106,0,0.0
OMN,Oman,uncertain / data-limited systems,-0.32491041625788114,0.14916763154254276,0.05945283222755515,0.015199680785667136,capacity,-0.32491041625788114,vulnerability,0.0141798561969248,-22.789586799007907,0.3088541666666666,0.0,106,0,0.0
ISR,Israel,effective converters,-0.06941623745206238,-0.017652878738658728,0.029774611466769962,-0.0010349246463426942,capacity,-0.06941623745206238,equity_access,0.0452100913801599,-72.66077225259141,0.0953124999999999,0.0769230769230769,106,0,0.0
SMR,San Marino,uncertain / data-limited systems,-0.0613193208660151,0.04355386712831466,-0.1024482920187626,-0.11169585945099281,vulnerability,-0.11169585945099281,preparedness,0.0624401117610778,-100.35252311144497,0.3283854166666666,0.2307692307692307,106,0,0.0
HUN,Hungary,capacity under-realizers,-0.0052153798994628575,-0.024401557832866128,0.0479521235816015,-0.09945937385758019,vulnerability,-0.09945937385758019,equity_access,0.0873593196737647,-140.40218537895635,0.140625,0.0769230769230769,106,0,0.0
AUT,Austria,capacity under-realizers,0.3162822041850828,-0.042885317106149956,-0.03892674149097486,0.04590520217485683,equity_access,-0.042885317106149956,preparedness,0.1233611947811609,-198.263693019986,0.0682291666666666,0.0769230769230769,106,0,0.0
SVN,Slovenia,capacity under-realizers,0.08058980933679771,0.0574321245187599,-0.002948205075053112,0.04607873707998267,preparedness,-0.002948205075053112,vulnerability,0.1540796570156834,-247.6338031045675,0.0992187499999999,0.0384615384615384,106,0,0.0
IRL,Ireland,effective converters,0.09686517767710612,-0.02735134088647495,-0.01289491441489532,0.10408527811712576,equity_access,-0.02735134088647495,preparedness,0.1787699417382001,-287.3155445102425,0.0523437499999999,0.0384615384615384,106,0,0.0
AZE,Azerbaijan,adaptive over-performers,0.0005387794982442129,-0.16848486130996576,-0.14976660252992968,0.0,equity_access,-0.16848486130996576,preparedness,0.213239025009891,-342.7135791724563,0.1528645833333333,0.0,106,0,0.0
ESP,Spain,capacity under-realizers,0.04758410091371423,-0.03994880499520359,0.018132607068314766,0.047086666433870494,equity_access,-0.03994880499520359,preparedness,0.2221367546696926,-357.0138357886085,0.09375,0.0384615384615384,106,0,0.0
GBR,United Kingdom,capacity under-realizers,0.10698815173302523,0.02222894556154642,-0.017554232443443896,-0.011166476233241518,preparedness,-0.017554232443443896,vulnerability,0.2436217840916513,-391.5441537333818,0.0593749999999998,0.0384615384615384,106,0,0.0
KOR,"Korea, Rep.",effective converters,-0.0047325860673747,-0.10283353571315723,0.0007170307913013652,-0.032470706639764924,equity_access,-0.10283353571315723,vulnerability,0.2537716480645608,-407.8568160619966,0.2104166666666662,0.0769230769230769,106,0,0.0
PHL,Philippines,adaptive over-performers,-0.16523515503820338,-0.06448006299410058,-0.3829132705425531,-0.0835045065376665,preparedness,-0.3829132705425531,capacity,0.2661739212884271,-427.7895063668261,0.0625,0.0,106,0,0.0
GTM,Guatemala,adaptive over-performers,-0.208594976508907,-0.1831147768556487,-0.03157424928797736,-0.015274639313377136,capacity,-0.208594976508907,equity_access,0.3271621021699673,-525.8085146424469,0.0625,0.0,106,0,0.0
BHS,"Bahamas, The",adaptive over-performers,-0.24253457740168222,-0.06760913288652859,-0.11109057527956034,-0.11159460408801258,capacity,-0.24253457740168222,vulnerability,0.3320929275655985,-533.7332405200523,0.1721354166666666,0.0384615384615384,106,0,0.0
GRC,Greece,uncertain / data-limited systems,-0.03245688594712404,-0.12301499692122153,0.04552581387641652,0.010167694537810634,equity_access,-0.12301499692122153,capacity,0.366734629590852,-589.4087046577715,0.2244791666666666,0.0384615384615384,106,0,0.0
BEL,Belgium,effective converters,0.31687832744053335,-0.026979089989327854,0.0310264761634107,-0.03938834299424854,vulnerability,-0.03938834299424854,equity_access,0.3690158846965657,-593.0750931260563,0.1007812499999999,0.0384615384615384,106,0,0.0
CHE,Switzerland,effective converters,0.23787218643353258,-0.11604337670304965,0.011483193337136766,0.03718399304016351,equity_access,-0.11604337670304965,preparedness,0.3917916539711268,-629.6798628492759,0.1825520833333333,0.0384615384615384,106,0,0.0
PSE,West Bank and Gaza,adaptive over-performers,0.0038289225700023355,0.01755025051575332,0.06630965726493343,-0.05403689795152755,vulnerability,-0.05403689795152755,capacity,0.4050347160567432,-650.9638525240276,0.15625,0.0384615384615384,106,0,0.0
AND,Andorra,effective converters,-0.032764820786595705,0.013066925575871968,0.04072501810288176,0.011588513534116385,capacity,-0.032764820786595705,vulnerability,0.4072528611044628,-654.5288117447537,0.0791666666666666,0.1538461538461538,106,0,0.0
URY,Uruguay,effective converters,0.0068034374186976,0.04833217744139795,-0.01754470901771188,-0.0403652858356357,vulnerability,-0.0403652858356357,preparedness,0.4452804875803113,-715.646067258217,0.1197916666666666,0.0769230769230769,106,0,0.0
TUR,Turkiye,uncertain / data-limited systems,-0.07154702516453576,0.10148616389441423,0.10628261286556406,0.02832128955532609,capacity,-0.07154702516453576,vulnerability,0.4570064888710212,-734.491866574424,0.23984375,0.0769230769230769,106,0,0.0
PRT,Portugal,capacity under-realizers,0.07354944262925012,-0.08738900340676758,0.02326322551316473,0.04276981591736395,equity_access,-0.08738900340676758,preparedness,0.4586448090368129,-737.124942615842,0.0598958333333331,0.0384615384615384,106,0,0.0
SUR,Suriname,adaptive over-performers,-0.042793077584939665,0.05700342609190312,-0.2404779931023613,-0.054455796815170876,preparedness,-0.2404779931023613,vulnerability,0.4706846741780459,-756.4751777574361,0.078125,0.0,106,0,0.0
NLD,Netherlands,effective converters,0.19730539065465524,0.013940031370172856,-0.0037064490340781298,-0.06258897817337705,vulnerability,-0.06258897817337705,preparedness,0.4866469717607894,-782.1294693963337,0.0765624999999998,0.0384615384615384,106,0,0.0
AUS,Australia,effective converters,0.23181166951672738,-0.010448598282762678,0.005409087732541118,0.07870135869455663,equity_access,-0.010448598282762678,preparedness,0.5395775635134479,-867.1984784411287,0.0627604166666666,0.0384615384615384,106,0,0.0
CAN,Canada,effective converters,0.1537236320783002,-0.013616148165407682,-0.0486231764842493,0.06443652993543159,preparedness,-0.0486231764842493,equity_access,0.5773724585910407,-927.9416926154032,0.0520833333333333,0.0384615384615384,106,0,0.0
CYP,Cyprus,adaptive over-performers,-0.19424980265095204,-0.16921706532290692,-0.019707274168480837,0.0882531181714179,capacity,-0.19424980265095204,equity_access,0.5805364866265778,-933.0268564244698,0.1627604166666666,0.0769230769230769,106,0,0.0
MUS,Mauritius,uncertain / data-limited systems,-0.013688151170846208,-0.08674257271291985,0.09129501753809366,-0.0611853515777987,equity_access,-0.08674257271291985,vulnerability,0.5926717018181917,-952.5303362971296,0.2302083333333332,0.0769230769230769,106,0,0.0
MYS,Malaysia,adaptive over-performers,-0.11758529930226219,-0.0014692549587098647,0.06327694577516318,0.0296992778475611,capacity,-0.11758529930226219,equity_access,0.6108603240717282,-981.762733286546,0.1822916666666666,0.0384615384615384,106,0,0.0
DEU,Germany,effective converters,0.3862878529956404,0.0246261639667823,0.001659592587335279,-0.02115964718756025,vulnerability,-0.02115964718756025,preparedness,0.615078253921651,-988.5417074236598,0.0213541666666666,0.0384615384615384,106,0,0.0
EST,Estonia,capacity under-realizers,-0.03897418192487401,-0.0067094242158601824,-0.06842888079412657,-0.014718764143750063,preparedness,-0.06842888079412657,capacity,0.6283931730001282,-1009.9411842481522,0.0885416666666666,0.0384615384615384,106,0,0.0
KGZ,Kyrgyz Republic,adaptive over-performers,0.01786335487153684,0.012854006426521347,-0.04946645280752682,0.01817558110244266,preparedness,-0.04946645280752682,equity_access,0.6296783426338252,-1012.0066836800112,0.21484375,0.0,106,0,0.0
THA,Thailand,uncertain / data-limited systems,-0.1661450177061463,0.1795579261535828,-0.005601472650758055,0.01445258557561524,capacity,-0.1661450177061463,preparedness,0.6306762709903058,-1013.6105345642068,0.3406249999999999,0.0,106,0,0.0
MLT,Malta,uncertain / data-limited systems,0.09756979407000355,-0.10061237538767775,0.008374444132019487,-0.07789637964601437,equity_access,-0.10061237538767775,vulnerability,0.6458199268653755,-1037.949121304886,0.3864583333333333,0.0384615384615384,106,0,0.0
BLZ,Belize,uncertain / data-limited systems,-0.16217103018760998,0.07882307141291833,0.013925005251325118,0.04452093766016341,capacity,-0.16217103018760998,preparedness,0.6737376894803904,-1082.8180018854223,0.3708333333333333,0.0,106,0,0.0
JAM,Jamaica,adaptive over-performers,-0.11844309083351279,0.005067276468075588,0.029652665994619243,-0.030503438791537718,capacity,-0.11844309083351279,vulnerability,0.6781550515502107,-1089.9174995752967,0.1984374999999999,0.0,106,0,0.0
CPV,Cabo Verde,adaptive over-performers,-0.171877737825098,-0.04088985103590481,0.03941885482912677,-0.012923610793121543,capacity,-0.171877737825098,equity_access,0.7253228043293579,-1165.7245868367083,0.1200520833333333,0.0,106,0,0.0
SYC,Seychelles,uncertain / data-limited systems,-0.2554628607223162,0.020717927697143423,0.030653291374325486,-0.0327420194488518,capacity,-0.2554628607223162,vulnerability,0.7344894000496776,-1180.4569597126017,0.2296874999999999,0.0769230769230769,106,0,0.0
FRA,France,effective converters,0.2843218512356547,0.0361160454884758,-0.021920603570984132,0.02103962703955753,preparedness,-0.021920603570984132,vulnerability,0.7365146975756199,-1183.7119781782535,0.05234375,0.0384615384615384,106,0,0.0
TJK,Tajikistan,adaptive over-performers,0.03610282868852022,-0.11835839477981969,0.0,0.02412410431207368,equity_access,-0.11835839477981969,preparedness,0.8731159431863904,-1403.2548212413917,0.2218749999999999,0.0,106,0,0.0
NOR,Norway,effective converters,0.2920011572956166,0.0005689693358302828,0.025705461230274285,0.08426709437947966,equity_access,0.0005689693358302828,preparedness,0.8819371421389405,-1417.43207920569,0.0104166666666666,0.0384615384615384,106,0,0.0
BTN,Bhutan,uncertain / data-limited systems,-0.19329875559249737,0.11570775290791924,-0.07002401019333926,0.0506614381056516,capacity,-0.19329875559249737,preparedness,0.9503579149734344,-1527.3966035077842,0.3460937499999999,0.0,106,0,0.0
FJI,Fiji,adaptive over-performers,-0.1748332789572191,0.09777119664853673,0.06807508854290278,-0.128402252505724,capacity,-0.1748332789572191,vulnerability,0.9963822847207642,-1601.3660679833056,0.17734375,0.0,106,0,0.0
UZB,Uzbekistan,adaptive over-performers,0.09805945740445543,0.0,0.01912950133887026,-0.04393393988574468,vulnerability,-0.04393393988574468,equity_access,0.9972041778784172,-1602.6869985481662,0.1669270833333333,0.0384615384615384,106,0,0.0
ISL,Iceland,effective converters,0.15798792113033333,0.020644140596550953,-0.024918084289449638,0.08368361944000424,preparedness,-0.024918084289449638,equity_access,1.0124193151295544,-1627.1404687546424,0.0572916666666666,0.0384615384615384,106,0,0.0
UKR,Ukraine,uncertain / data-limited systems,0.09745416208532043,-0.014801166664808796,-0.31102993739550233,-0.09485844803014754,preparedness,-0.31102993739550233,vulnerability,1.0824306028338924,-1739.6612373640155,0.2919270833333333,0.1153846153846153,106,0,0.0
SWE,Sweden,effective converters,0.2669262107321101,0.009976902446609426,0.04185666910062591,0.054966311131914525,equity_access,0.009976902446609426,preparedness,1.0869609091047154,-1746.9422567587965,0.0520833333333333,0.0384615384615384,106,0,0.0
NZL,New Zealand,effective converters,0.07696618575414249,0.04539551941240916,-0.018197278571793873,0.0664782895887247,preparedness,-0.018197278571793873,equity_access,1.0928834844424085,-1756.4609036941083,0.0583333333333333,0.0384615384615384,106,0,0.0
FIN,Finland,effective converters,0.18739932055434283,0.000283294121533495,-0.01639546501199607,0.05805641435718645,preparedness,-0.01639546501199607,equity_access,1.095261278939026,-1760.282448378223,0.0520833333333333,0.0769230769230769,106,0,0.0
ATG,Antigua and Barbuda,uncertain / data-limited systems,-0.21784350864643626,0.007678742721281884,-0.026301056015928137,0.041093538542659624,capacity,-0.21784350864643626,preparedness,1.1536533611423352,-1854.129057770196,0.2627604166666665,0.0384615384615384,106,0,0.0
BRB,Barbados,adaptive over-performers,-0.15965286951283675,-0.05350303702698511,-0.0674625603219221,-0.12935512238507507,capacity,-0.15965286951283675,vulnerability,1.153939279448213,-1854.5885800642689,0.2169270833333332,0.0,106,0,0.0
LUX,Luxembourg,effective converters,0.08187015486732452,0.05284029956013969,0.052702057133079516,0.03555126218820037,vulnerability,0.03555126218820037,preparedness,1.2789940158889337,-2055.5741000275107,0.0679687499999999,0.0384615384615384,106,0,0.0
JPN,Japan,effective converters,0.28276789215311293,0.05034381571672075,0.022560895790932345,-0.026041017351148943,vulnerability,-0.026041017351148943,preparedness,1.4027544493100577,-2254.47944156019,0.0427083333333332,0.0769230769230769,106,0,0.0
VCT,St. Vincent and the Grenadines,adaptive over-performers,0.013975673058531646,0.04509687724393241,0.10087009165702998,-0.08823164196822009,vulnerability,-0.08823164196822009,capacity,1.4192387944136184,-2280.9727577366884,0.17734375,0.0769230769230769,106,0,0.0
DNK,Denmark,effective converters,0.25510661763919196,0.022245206016606622,0.015658069361510263,0.0010349246463426942,vulnerability,0.0010349246463426942,preparedness,1.4369633295580748,-2309.4592830255883,0.0833333333333333,0.0384615384615384,106,0,0.0
DOM,Dominican Republic,adaptive over-performers,-0.16341734410469727,-0.017362811037554216,-0.09448936324639323,-0.05689696758135443,capacity,-0.16341734410469727,preparedness,1.5073829326411707,-2422.636288104242,0.0833333333333333,0.0,106,0,0.0
NAM,Namibia,adaptive over-performers,0.027378077566510506,-0.09987978416494503,-0.5992917523843588,-0.17481476286960518,preparedness,-0.5992917523843588,vulnerability,1.6115552910680526,-2590.060059647264,0.2,0.0384615384615384,106,0,0.0
SLV,El Salvador,adaptive over-performers,0.022738577016196915,0.010726400806083003,0.03215204596661714,-0.08247000589689069,vulnerability,-0.08247000589689069,equity_access,1.620492975314234,-2604.4245304910974,0.0578124999999999,0.0,106,0,0.0
MNG,Mongolia,adaptive over-performers,0.08475739438446461,-0.09307246815589476,-0.08361114543342707,-0.10391137874447343,vulnerability,-0.10391137874447343,equity_access,2.432192655157404,-3908.9723377195673,0.2138020833333333,0.0,106,0,0.0
