iso3,country,n_bootstrap,coverage_count,missing_count_from_potential_capacity_sample,missing_rate_from_potential_capacity_sample,conversion_efficiency_mean,conversion_efficiency_std,conversion_efficiency_ci_low,conversion_efficiency_ci_high,probability_under_realizer,probability_over_performer,probability_data_limited_uncertain,profile_stability_score
NOR,Norway,1000,106,87,0.4507772020725389,0.838921962762167,0.19815646803415,0.4487367413847337,1.2136110957493091,0.0,0.0,0.0,1.0
DEU,Germany,1000,106,87,0.4507772020725389,0.5807170618796744,0.20239308797226602,0.1888649508222315,0.975262956195188,0.002,0.0,0.0,0.998
SWE,Sweden,1000,106,87,0.4507772020725389,1.0447170360566846,0.1687108539517256,0.7161461772613854,1.352600023350638,0.0,0.0,0.0,1.0
JPN,Japan,1000,106,87,0.4507772020725389,1.3706153968797385,0.31649313057337697,0.7934240365525955,2.054642640556479,0.0,0.0,0.0,1.0
FRA,France,1000,106,87,0.4507772020725389,0.6978165893875989,0.1602775649019671,0.37764994863348794,1.002450953290309,0.0,0.0,0.0,1.0
AUS,Australia,1000,106,87,0.4507772020725389,0.5417254845065504,0.2495546308706669,0.04661724643036008,1.0291813173553694,0.018,0.0,0.0,0.982
DNK,Denmark,1000,106,87,0.4507772020725389,1.3785693615972432,0.15930606828651217,1.057470389193827,1.6808990792381993,0.0,0.0,0.0,1.0
BEL,Belgium,1000,106,87,0.4507772020725389,0.34044341106845244,0.1882500469296736,-0.020092644370452377,0.7091442609386416,0.037,0.0,0.0,0.963
AUT,Austria,1000,106,87,0.4507772020725389,0.09710928186990284,0.14891460778592625,-0.20587269927870122,0.3681120522823161,1.0,0.0,0.0,1.0
ISL,Iceland,1000,106,87,0.4507772020725389,0.9798341000000493,0.24343261240017755,0.49316666514156227,1.4214566744564312,0.0,0.0,0.0,1.0
FIN,Finland,1000,106,87,0.4507772020725389,1.0586387060766078,0.17814808595322557,0.713380102183632,1.393358400850968,0.0,0.0,0.0,1.0
LUX,Luxembourg,1000,106,87,0.4507772020725389,1.2052314889469824,0.20108363756648437,0.8008951272263288,1.566178636270684,0.0,0.0,0.0,1.0
CZE,Czechia,1000,106,87,0.4507772020725389,-0.6161469316507452,0.13794223103969494,-0.871492811515762,-0.3286599515509252,1.0,0.0,0.0,1.0
USA,United States,1000,106,87,0.4507772020725389,-1.1835025297330997,0.1907621096902904,-1.5371907593020873,-0.7992533555210203,1.0,0.0,0.0,1.0
SVN,Slovenia,1000,106,87,0.4507772020725389,0.13230878751756078,0.1537864374009895,-0.19177028721257144,0.422623390276025,1.0,0.0,0.0,1.0
NZL,New Zealand,1000,106,87,0.4507772020725389,1.0705169783410298,0.16627379708392942,0.7197517817861394,1.3859247775242636,0.0,0.0,0.0,1.0
CHE,Switzerland,1000,106,87,0.4507772020725389,0.35222520878466,0.1665396871329178,0.005650582713774829,0.6453209748388609,0.023,0.0,0.0,0.977
IRL,Ireland,1000,106,87,0.4507772020725389,0.13857418218889972,0.21656333879328654,-0.30715823344728327,0.5305325277047802,0.255,0.0,0.0,0.745
CAN,Canada,1000,106,87,0.4507772020725389,0.5691864068451704,0.24832619565895736,0.08449541759213693,1.0536744879802402,0.01,0.0,0.0,0.99
NLD,Netherlands,1000,106,87,0.4507772020725389,0.4568332882122802,0.18640735355138124,0.11357063834303259,0.8361637946235828,0.003,0.0,0.0,0.997
MDV,Maldives,1000,106,87,0.4507772020725389,-0.7193061196975543,0.4176468408247045,-1.596467593020148,-0.00015866208909745102,0.975,0.0,0.0,0.975
GBR,United Kingdom,1000,106,87,0.4507772020725389,0.2194501254138876,0.1418823564667981,-0.07719962485596057,0.48210214960920555,1.0,0.0,0.0,1.0
ESP,Spain,1000,106,87,0.4507772020725389,0.19977635045522088,0.1531017631858027,-0.12218761621390345,0.49338661553489616,1.0,0.0,0.0,1.0
SVK,Slovak Republic,1000,106,87,0.4507772020725389,-1.3708273122329016,0.09692397124750513,-1.5613794312476545,-1.1721760471147882,1.0,0.0,0.0,1.0
PRT,Portugal,1000,106,87,0.4507772020725389,0.43239748777985304,0.1912998656132936,0.035783338984967925,0.7895196182998996,1.0,0.0,0.0,1.0
HRV,Croatia,1000,106,87,0.4507772020725389,-0.9529114896335646,0.13319729943184455,-1.1934538181288286,-0.6769519211148534,1.0,0.0,0.0,1.0
AND,Andorra,1000,106,87,0.4507772020725389,0.37442658525462036,0.12792523543924678,0.12543254829798936,0.6091428810306768,0.0,0.0,0.0,1.0
ITA,Italy,1000,106,87,0.4507772020725389,-0.19642227525311798,0.2080245928798219,-0.6186482455277947,0.20410914581697376,1.0,0.0,0.0,1.0
URY,Uruguay,1000,106,87,0.4507772020725389,0.44617713977643664,0.17689409388005387,0.08966002104794789,0.8118448927547628,0.007,0.0,0.0,0.993
BLR,Belarus,1000,106,87,0.4507772020725389,-2.848614481867367,0.2613313736435708,-3.2996350957636915,-2.277596488476511,1.0,0.0,0.0,1.0
QAT,Qatar,1000,106,87,0.4507772020725389,-0.4709419009312136,0.29666249337587414,-1.0797293387527245,0.049816271419943894,0.957,0.0,0.0,0.957
ISR,Israel,1000,106,87,0.4507772020725389,0.02079974349906136,0.16626938975870767,-0.3371463812403155,0.33122618470038434,0.437,0.0,0.0,0.563
MLT,Malta,1000,106,87,0.4507772020725389,0.61101325132166,0.25964653676952926,0.10673540253689423,1.1231754078076486,0.0,0.0,1.0,1.0
HUN,Hungary,1000,106,87,0.4507772020725389,0.0989963493547788,0.18289391777344666,-0.25420645632566846,0.43830688311717025,1.0,0.0,0.0,1.0
ARG,Argentina,1000,106,87,0.4507772020725389,-0.5543109990999727,0.18725154902570348,-0.9072124578462807,-0.16634887778149557,1.0,0.0,0.0,1.0
ARE,United Arab Emirates,1000,106,87,0.4507772020725389,-0.5770806161460453,0.2921290046610551,-1.1777890776274975,-0.02951422486020891,0.98,0.0,0.0,0.98
KWT,Kuwait,1000,106,87,0.4507772020725389,-0.7706806802311285,0.2120061551308371,-1.1877469843000141,-0.382017795683158,1.0,0.0,0.0,1.0
POL,Poland,1000,106,87,0.4507772020725389,-0.47072198532338916,0.09961126992390293,-0.6522103100583776,-0.2705078870414126,1.0,0.0,0.0,1.0
GRC,Greece,1000,106,87,0.4507772020725389,0.35536807362793615,0.18092268580964765,-0.001437293249553444,0.7035501756578589,0.0,0.0,1.0,1.0
OMN,Oman,1000,106,87,0.4507772020725389,0.012027047355808342,0.24162103187153194,-0.480061368166869,0.4244765480602202,0.0,0.0,1.0,1.0
CRI,Costa Rica,1000,106,87,0.4507772020725389,-0.13798262241894083,0.22890349976611493,-0.599227643027846,0.29746017244007944,0.0,0.0,1.0,1.0
BRN,Brunei Darussalam,1000,106,87,0.4507772020725389,-0.558370248067842,0.23857886174470225,-1.0317537527821892,-0.11880415737048172,0.0,0.0,1.0,1.0
EST,Estonia,1000,106,87,0.4507772020725389,0.620080015584924,0.15669873109859153,0.32496413488744846,0.9124398836369854,1.0,0.0,0.0,1.0
KOR,"Korea, Rep.",1000,106,87,0.4507772020725389,0.2461246756410859,0.14919801815755304,-0.07475462208178571,0.5195145325031284,0.059,0.0,0.0,0.941
LTU,Lithuania,1000,106,87,0.4507772020725389,-2.227047074408805,0.19415579671393365,-2.5546130946476158,-1.8266805860105653,0.0,0.0,1.0,1.0
ATG,Antigua and Barbuda,1000,106,87,0.4507772020725389,1.0959783044262164,0.24215968747125005,0.5959162739344914,1.546971530962129,0.0,0.0,1.0,1.0
COL,Colombia,1000,106,87,0.4507772020725389,-0.7862278741017831,0.20188389280452676,-1.173957584216387,-0.404778429052777,1.0,0.0,0.0,1.0
KAZ,Kazakhstan,1000,106,87,0.4507772020725389,-0.09311312074179116,0.29734557990982036,-0.6586614624661805,0.4826773254951102,1.0,0.0,0.0,1.0
ROU,Romania,1000,106,87,0.4507772020725389,-0.8955550965679161,0.1442565807122609,-1.1525766473945085,-0.6040423809643908,1.0,0.0,0.0,1.0
SMR,San Marino,1000,106,87,0.4507772020725389,0.059034105502056504,0.20677685617076946,-0.3118362564108495,0.4707156083143724,0.0,0.0,1.0,1.0
SYC,Seychelles,1000,106,87,0.4507772020725389,0.7436415466123133,0.17580526982604908,0.397259230021498,1.0938243160382193,0.0,0.0,1.0,1.0
RUS,Russian Federation,1000,106,87,0.4507772020725389,-2.3572753231868706,0.3537229129400565,-2.9623852088909524,-1.5866711943130136,0.0,0.0,1.0,1.0
CHL,Chile,1000,106,87,0.4507772020725389,-0.47014972503836544,0.17110739740076195,-0.8174899512977302,-0.12920523655206037,1.0,0.0,0.0,1.0
TUR,Turkiye,1000,106,87,0.4507772020725389,0.4176024816428385,0.16481517629522766,0.08385241383377241,0.7143199488989499,0.0,0.0,1.0,1.0
BRA,Brazil,1000,106,87,0.4507772020725389,-0.38249814062254656,0.15721008003802225,-0.6911823201183017,-0.07970964844650916,0.0,0.011,0.0,0.989
SRB,Serbia,1000,106,87,0.4507772020725389,-1.5841865016420138,0.21132100273830423,-1.969489537554737,-1.1573569113683824,0.0,0.0,1.0,1.0
MKD,North Macedonia,1000,106,87,0.4507772020725389,-1.9283901731529418,0.12824767449124494,-2.1731720165512765,-1.6613803308735098,0.0,0.0,0.0,1.0
CYP,Cyprus,1000,106,87,0.4507772020725389,0.5374973211251662,0.2636680074441363,-0.021864354498922392,1.0273513775208243,0.0,0.971,0.0,0.971
BGR,Bulgaria,1000,106,87,0.4507772020725389,-2.856876491245223,0.25489235400698357,-3.2918564540343103,-2.332804190074892,0.0,0.0,1.0,1.0
SGP,Singapore,1000,106,87,0.4507772020725389,-0.5108066252696304,0.3654797544120807,-1.2824238155713206,0.12145695923972856,0.0,0.0,1.0,1.0
LVA,Latvia,1000,106,87,0.4507772020725389,-0.06550714669717968,0.24396256566714863,-0.5050779396819931,0.42645129570518564,0.0,0.0,1.0,1.0
JOR,Jordan,1000,106,87,0.4507772020725389,-0.1687529888466605,0.2015156398143332,-0.538092637134062,0.22062652793472265,0.0,0.0,1.0,1.0
NIC,Nicaragua,1000,106,87,0.4507772020725389,-0.7232116027205935,0.26140914606080873,-1.1954104170991044,-0.16963854873170436,0.0,0.0,1.0,1.0
TUN,Tunisia,1000,106,87,0.4507772020725389,-0.4285538291079702,0.18133982789968783,-0.7982976599635045,-0.09270489802203825,0.0,0.006,0.0,0.994
IRN,"Iran, Islamic Rep.",1000,106,87,0.4507772020725389,-0.14807751131366667,0.15437312527784627,-0.46519988247376537,0.15606543712241208,0.0,0.155,0.0,0.845
VCT,St. Vincent and the Grenadines,1000,106,87,0.4507772020725389,1.3708300068065626,0.2478441600139176,0.9111416208337852,1.900845959088401,0.0,1.0,0.0,1.0
ALB,Albania,1000,106,87,0.4507772020725389,-1.0928477749934205,0.2241427019071574,-1.5134222586782864,-0.652696076573515,0.0,0.0,0.0,1.0
UZB,Uzbekistan,1000,106,87,0.4507772020725389,0.9996801333928351,0.23701882905218546,0.5917930991393854,1.492542646905674,0.0,1.0,0.0,1.0
KNA,St. Kitts and Nevis,1000,106,87,0.4507772020725389,-1.6614383928222791,0.1950777622975471,-1.9958016747414644,-1.2450685058260071,0.0,0.0,0.0,1.0
ECU,Ecuador,1000,106,87,0.4507772020725389,-1.1439418425630015,0.2264830087015994,-1.559091017505662,-0.7000528092060283,0.0,0.0,0.0,1.0
BIH,Bosnia and Herzegovina,1000,106,87,0.4507772020725389,-0.9358318835977364,0.18685104327356394,-1.291064823644855,-0.5629405860953062,0.0,0.0,0.0,1.0
PSE,West Bank and Gaza,1000,106,87,0.4507772020725389,0.4076087767229384,0.2464806458881881,-0.05108735805785087,0.9009079924172012,0.0,0.96,0.0,0.96
BRB,Barbados,1000,106,87,0.4507772020725389,1.1261932703188053,0.24855490133796973,0.6638859564482756,1.6544970290127095,0.0,1.0,0.0,1.0
THA,Thailand,1000,106,87,0.4507772020725389,0.6120065494034835,0.13584526720761078,0.35255438525507704,0.8784054737433102,0.0,0.0,1.0,1.0
MDA,Moldova,1000,106,87,0.4507772020725389,-0.10168263646752014,0.21343050510295344,-0.5153296506464999,0.29967179240373015,0.0,0.0,1.0,1.0
PAN,Panama,1000,106,87,0.4507772020725389,-0.13425074502524115,0.25869647461224077,-0.6093894043705538,0.36117902889360604,0.0,0.318,0.0,0.682
GEO,Georgia,1000,106,87,0.4507772020725389,-0.9682047661335164,0.17165269667222136,-1.289011323815649,-0.6401984142561127,0.0,0.0,1.0,1.0
KGZ,Kyrgyz Republic,1000,106,87,0.4507772020725389,0.6422021032584924,0.23291701513722435,0.24260218788997454,1.1784284447748523,0.0,1.0,0.0,1.0
DZA,Algeria,1000,106,87,0.4507772020725389,-0.03708810581948135,0.19663408499691648,-0.4546107075665642,0.3245972427435784,0.0,0.443,0.0,0.557
SLV,El Salvador,1000,106,87,0.4507772020725389,1.5671006267598222,0.255113210049574,1.1157520718472707,2.1138103789490583,0.0,1.0,0.0,1.0
MNE,Montenegro,1000,106,87,0.4507772020725389,-0.11817077046622591,0.1555110448351859,-0.4502681101664553,0.1919763894317566,0.0,0.0,1.0,1.0
BLZ,Belize,1000,106,87,0.4507772020725389,0.646504125477915,0.18710281978971727,0.2590329004906316,0.9952914794627472,0.0,0.0,1.0,1.0
MYS,Malaysia,1000,106,87,0.4507772020725389,0.5862103019609085,0.15309089416799807,0.26643787489593607,0.8882293126113749,0.0,1.0,0.0,1.0
TJK,Tajikistan,1000,106,87,0.4507772020725389,0.8753142958003662,0.28449845213316444,0.40397347726938054,1.5386814081547853,0.0,1.0,0.0,1.0
MUS,Mauritius,1000,106,87,0.4507772020725389,0.5960168463922679,0.19050046990001762,0.23373068325017066,0.9708012090517726,0.0,0.0,1.0,1.0
ARM,Armenia,1000,106,87,0.4507772020725389,-1.8947445602361688,0.14851027961244576,-2.158577183847331,-1.5894174345208478,0.0,0.0,1.0,1.0
MEX,Mexico,1000,106,87,0.4507772020725389,-1.4598389344272322,0.1550218083291394,-1.7469204572375405,-1.1439537556836055,0.0,0.0,0.0,1.0
BHS,"Bahamas, The",1000,106,87,0.4507772020725389,0.3455348358250944,0.21819475089365106,-0.04090753260066939,0.813201011253992,0.0,0.943,0.0,0.943
BTN,Bhutan,1000,106,87,0.4507772020725389,0.9603488359047065,0.2320016664879233,0.5338325808440879,1.4266555418097764,0.0,0.0,1.0,1.0
JAM,Jamaica,1000,106,87,0.4507772020725389,0.643857827235261,0.2160959566085916,0.2536803881570618,1.0801908952572619,0.0,0.997,0.0,0.997
LBN,Lebanon,1000,106,87,0.4507772020725389,-0.28939175760461183,0.19474674461861252,-0.6776331003611485,0.08977324553123299,0.0,0.071,0.0,0.929
PRY,Paraguay,1000,106,87,0.4507772020725389,-0.6530525805076638,0.1852026181897189,-1.0363604191803184,-0.30644757616437773,0.0,0.0,0.0,1.0
FJI,Fiji,1000,106,87,0.4507772020725389,1.0044805207747807,0.2815949186918771,0.4661327787635662,1.5769745515885052,0.0,1.0,0.0,1.0
PER,Peru,1000,106,87,0.4507772020725389,-1.3656658607699201,0.16468499514965657,-1.6845271283577061,-1.0395970638457153,0.0,0.0,0.0,1.0
CPV,Cabo Verde,1000,106,87,0.4507772020725389,0.7380100408397747,0.19907401547256726,0.36718661783009515,1.1618498036849871,0.0,1.0,0.0,1.0
MNG,Mongolia,1000,106,87,0.4507772020725389,2.418917430951037,0.4098912088527219,1.6512994699080343,3.2228075109870584,0.0,1.0,0.0,1.0
SUR,Suriname,1000,106,87,0.4507772020725389,0.4790596031824573,0.2923302506838801,-0.05314777624638004,1.1324809775744387,0.0,0.961,0.0,0.961
EGY,"Egypt, Arab Rep.",1000,106,87,0.4507772020725389,-0.20540399660943848,0.21424530076362827,-0.5990345677779595,0.25010137235737373,0.0,0.158,0.0,0.842
AZE,Azerbaijan,1000,106,87,0.4507772020725389,0.19235587843705038,0.18890063500609175,-0.19886223304473036,0.5559952354377783,0.0,0.848,0.0,0.848
UKR,Ukraine,1000,106,87,0.4507772020725389,1.0676452419771092,0.25093988135626216,0.5697275781835444,1.567643654033663,0.0,0.0,1.0,1.0
DOM,Dominican Republic,1000,106,87,0.4507772020725389,1.452545626969258,0.1937051960485634,1.0742571435283093,1.8424002034596318,0.0,1.0,0.0,1.0
BOL,Bolivia,1000,106,87,0.4507772020725389,-1.2398630116737885,0.28178104607726706,-1.7146621914767306,-0.6510953034568192,0.0,0.0,0.0,1.0
GTM,Guatemala,1000,106,87,0.4507772020725389,0.3065956826293749,0.2072823465748981,-0.10123712625132533,0.7236067687188281,0.0,0.931,0.0,0.931
PHL,Philippines,1000,106,87,0.4507772020725389,0.30935400559737475,0.25786005370129483,-0.16049024531766293,0.8240212935296665,0.0,0.887,0.0,0.887
ZAF,South Africa,1000,106,87,0.4507772020725389,-0.03334282751739458,0.38956020541525166,-0.6666423005121068,0.8325189908532811,0.0,0.0,1.0,1.0
NAM,Namibia,1000,106,87,0.4507772020725389,1.6960619602726874,0.5452006184049668,0.769854132001077,2.8409667850759988,0.0,1.0,0.0,1.0
