iso3,country,region,income_group,potential_capacity_score,potential_capacity_rank_point,median_potential_capacity_rank,potential_rank_p05,potential_rank_p95,top_quartile_probability,bottom_quartile_probability,method_disagreement_index,capacity_score,preparedness_score,vulnerability_score,equity_access_score,expanded_feature_missing_count,expanded_feature_missing_rate,n_valid_pipelines,n_countries_in_sample,n_indicators
NOR,Norway,Europe & Central Asia,High income,0.8610700537740054,1,1.5,1.0,3.0,1.0,0.0,0.0104166666666666,0.8893379752351854,0.962615262387194,0.811761696495954,0.7805652809776883,1,0.0384615384615384,60,193,26
DEU,Germany,Europe & Central Asia,High income,0.8582878738042546,2,3.0,1.95,6.049999999999997,1.0,0.0,0.0213541666666666,0.9836246709352092,0.938569393744255,0.7063349549289141,0.8046224756086403,1,0.0384615384615384,60,193,26
SWE,Sweden,Europe & Central Asia,High income,0.8538659065665202,3,6.0,2.0,12.0,1.0,0.0,0.0520833333333333,0.8642630286716789,0.9787664702575456,0.7824609132483888,0.7899732140884674,1,0.0384615384615384,60,193,26
JPN,Japan,East Asia & Pacific,High income,0.8428422797911096,4,5.0,2.0,10.199999999999989,1.0,0.0,0.0427083333333332,0.8801047100926818,0.959470696947852,0.7014535847653254,0.8303401273585788,2,0.0769230769230769,60,193,26
FRA,France,Europe & Central Asia,High income,0.8403236132618811,5,8.0,3.95,14.0,1.0,0.0,0.05234375,0.8816586691752235,0.9149891975859356,0.7485342291560318,0.8161123571303338,1,0.0384615384615384,60,193,26
AUS,Australia,East Asia & Pacific,High income,0.8368027626289708,6,11.5,4.95,17.0,1.0,0.0,0.0627604166666666,0.8291484874562962,0.9423188888894608,0.806195960811031,0.7695477133590953,1,0.0384615384615384,60,193,26
CUB,Cuba,Latin America & Caribbean ,Upper middle income,0.8359340270302232,7,7.0,2.0,16.099999999999994,1.0,0.0,0.0734374999999999,0.7871430913252367,0.978327822018152,0.6844729033931781,0.8937922913843265,0,0.0,60,193,26
DNK,Denmark,Europe & Central Asia,High income,0.8339455876296181,8,11.0,8.0,24.0,1.0,0.0,0.0833333333333333,0.8524434355787608,0.95256787051843,0.728529526762817,0.8022415176584646,1,0.0384615384615384,60,193,26
BEL,Belgium,Europe & Central Asia,High income,0.8308187258687971,9,10.5,7.85,27.19999999999999,1.0,0.0,0.1007812499999999,0.9142151453801022,0.9679362773203304,0.6881062591222258,0.7530172216525302,1,0.0384615384615384,60,193,26
AUT,Austria,Europe & Central Asia,High income,0.830528220154409,10,7.0,5.9,19.0,1.0,0.0,0.0682291666666666,0.9136190221246516,0.8979830596659448,0.7733998042913311,0.737110994535708,2,0.0769230769230769,60,193,26
ISL,Iceland,Europe & Central Asia,High income,0.8197837824330648,11,13.0,6.0,17.0,1.0,0.0,0.0572916666666666,0.7553247390699022,0.91199171686747,0.8111782215564786,0.800640452238409,1,0.0384615384615384,60,193,26
FIN,Finland,Europe & Central Asia,High income,0.8177702742189719,12,14.0,10.0,20.0,1.0,0.0,0.0520833333333333,0.7847361384939117,0.9205143361449236,0.7855510164736608,0.7802796057633915,2,0.0769230769230769,60,193,26
LUX,Luxembourg,Europe & Central Asia,High income,0.8161753266508913,13,15.5,7.0,20.05,1.0,0.0,0.0679687499999999,0.6792069728068933,0.9896118582899992,0.7630458643046747,0.8328366112019977,1,0.0384615384615384,60,193,26
CZE,Czechia,Europe & Central Asia,High income,0.8097716791500749,14,20.0,14.95,22.0,1.0,0.0,0.03671875,0.7306943708589259,0.9562019417740776,0.7031982734362339,0.8489921305310624,2,0.0769230769230769,60,193,26
USA,United States,North America,High income,0.8057357451635478,15,9.0,1.0,20.34999999999998,1.0,0.0,0.1007812499999998,0.8550311559518963,0.9138985755857656,0.7324631956840566,0.721550053432473,2,0.0769230769230769,60,193,26
SVN,Slovenia,Europe & Central Asia,High income,0.805722499678827,16,18.0,4.0,23.05,1.0,0.0,0.0992187499999999,0.6779266272763665,0.9339615960818666,0.773573339196457,0.8374284361606179,1,0.0384615384615384,60,193,26
NZL,New Zealand,East Asia & Pacific,High income,0.8030950622595759,17,22.5,13.85,25.05,1.0,0.0,0.0583333333333333,0.6743030036937113,0.9187125225851258,0.793972891705199,0.8253918310542672,1,0.0384615384615384,60,193,26
CHE,Switzerland,Europe & Central Asia,High income,0.803058382240651,18,14.0,2.95,38.0,1.0,0.0,0.1825520833333333,0.8352090043731014,0.9483929944940565,0.7646785951566378,0.6639529349388084,1,0.0384615384615384,60,193,26
IRL,Ireland,Europe & Central Asia,High income,0.8006104333369206,19,15.0,7.0,17.049999999999997,1.0,0.0,0.0523437499999999,0.694201995616675,0.9240148867420244,0.8315798802336001,0.7526449707553831,1,0.0384615384615384,60,193,26
CAN,Canada,North America,High income,0.7994145925547239,20,20.0,17.0,27.0,1.0,0.0,0.0520833333333333,0.751060450017869,0.8882866246726704,0.7919311320519059,0.7663801634764503,1,0.0384615384615384,60,193,26
NLD,Netherlands,Europe & Central Asia,High income,0.7966718819180485,21,19.0,15.0,29.69999999999996,1.0,0.0,0.0765624999999998,0.7946422085942241,0.9332033521228416,0.6649056239430973,0.7939363430120309,1,0.0384615384615384,60,193,26
MDV,Maldives,South Asia,Upper middle income,0.7861726319518041,22,23.5,1.0,40.14999999999999,1.0,0.0,0.2039062499999999,0.5428082750870333,0.9702682370087844,0.7980405859266773,0.8335734297847213,0,0.0,60,193,26
GBR,United Kingdom,Europe & Central Asia,High income,0.7855584803681768,23,23.0,20.0,31.399999999999977,1.0,0.0,0.0593749999999998,0.7043249696725941,0.9193555687134758,0.7163281258832328,0.8022252572034044,1,0.0384615384615384,60,193,26
ESP,Spain,Europe & Central Asia,High income,0.7786480255688792,24,29.0,24.0,42.0,1.0,0.0,0.09375,0.6449209188532831,0.9550424082252345,0.7745812685503448,0.7400475066466544,1,0.0384615384615384,60,193,26
SVK,Slovak Republic,Europe & Central Asia,High income,0.7754658787366955,25,29.0,15.0,33.099999999999994,1.0,0.0,0.0942708333333333,0.5938029528903954,0.962316136506726,0.7173988313513748,0.8283455941982859,1,0.0384615384615384,60,193,26
PRT,Portugal,Europe & Central Asia,High income,0.773482753376958,26,26.0,25.0,36.49999999999997,1.0,0.0,0.0598958333333331,0.670886260568819,0.9601730266700844,0.7702644180338383,0.6926073082350904,1,0.0384615384615384,60,193,26
HRV,Croatia,Europe & Central Asia,High income,0.7692249571651889,27,30.0,22.0,35.099999999999994,1.0,0.0,0.0682291666666666,0.5929113746534783,0.9152107996414532,0.7116733195238027,0.8571043348420216,1,0.0384615384615384,60,193,26
AND,Andorra,Europe & Central Asia,High income,0.7685882923202738,28,28.0,20.95,36.14999999999999,1.0,0.0,0.0791666666666666,0.5645719971529731,0.9776348192598014,0.7390831156505907,0.79306323721773,4,0.1538461538461538,60,193,26
ITA,Italy,Europe & Central Asia,High income,0.7638932900906541,29,30.0,25.95,47.24999999999999,0.95,0.0,0.1109374999999999,0.6492379606677942,0.908578032959132,0.7573050759114517,0.7404520908242386,1,0.0384615384615384,60,193,26
URY,Uruguay,Latin America & Caribbean ,High income,0.7597407882153921,30,36.0,31.0,54.0,0.9,0.0,0.1197916666666666,0.6041402553582664,0.9193650921392078,0.6871293162808386,0.828328489083256,2,0.0769230769230769,60,193,26
SAU,Saudi Arabia,"Middle East, North Africa, Afghanistan & Pakistan",High income,0.7555719842796018,31,42.5,25.0,52.0,0.9,0.0,0.140625,0.4502722868091502,0.9729502025039536,0.729829034851629,0.8692364129536747,0,0.0,60,193,26
BLR,Belarus,Europe & Central Asia,Upper middle income,0.751985191892442,32,34.0,26.0,43.0,1.0,0.0,0.0885416666666666,0.6506495746089037,0.9549718293872288,0.6122043999499703,0.7901149636236653,2,0.0769230769230769,60,193,26
QAT,Qatar,"Middle East, North Africa, Afghanistan & Pakistan",High income,0.746674096402051,33,48.5,31.85,68.19999999999999,0.5333333333333333,0.0,0.1893229166666666,0.3429346613064137,0.9774170852937168,0.7087091624784967,0.9576354765295764,0,0.0,60,193,26
ISR,Israel,"Middle East, North Africa, Afghanistan & Pakistan",High income,0.7458520258711318,34,39.0,33.0,51.29999999999998,0.9333333333333332,0.0,0.0953124999999999,0.5279205804875065,0.9666844126236896,0.7264596774701316,0.7623434329031993,2,0.0769230769230769,60,193,26
MLT,Malta,"Middle East, North Africa, Afghanistan & Pakistan",High income,0.7422932540057879,35,41.5,25.95,100.15,0.8,0.0,0.3864583333333333,0.6949066120095724,0.9452842452889392,0.64959822247046,0.6793839362541803,1,0.0384615384615384,60,193,26
HUN,Hungary,Europe & Central Asia,High income,0.7401533362116283,36,44.0,37.0,64.0,0.7833333333333333,0.0,0.140625,0.592121438040106,0.9848619247385212,0.6280352282588941,0.7555947538089919,2,0.0769230769230769,60,193,26
ARG,Argentina,Latin America & Caribbean ,Upper middle income,0.7394775181902676,37,37.0,33.0,66.0,0.8,0.0,0.171875,0.6546176521084986,0.8513215977301716,0.7004171361212989,0.7515536868011014,1,0.0384615384615384,60,193,26
ARE,United Arab Emirates,"Middle East, North Africa, Afghanistan & Pakistan",High income,0.7371535222427504,38,41.5,30.85,66.0,0.6333333333333333,0.0,0.1830729166666666,0.3453668031427175,0.9974899598393574,0.7977547814356623,0.8080025445532645,1,0.0384615384615384,60,193,26
KWT,Kuwait,"Middle East, North Africa, Afghanistan & Pakistan",High income,0.7367604750619614,39,45.5,36.7,64.14999999999999,0.6,0.0,0.1429687499999999,0.395799648377058,0.9581999257779844,0.7128524493659094,0.880189876726894,1,0.0384615384615384,60,193,26
POL,Poland,Europe & Central Asia,High income,0.7355818926450353,40,43.0,35.0,45.0,1.0,0.0,0.0520833333333333,0.5407322335707355,0.9361927703656184,0.6856895491234622,0.7797130175203245,2,0.0769230769230769,60,193,26
GRC,Greece,Europe & Central Asia,High income,0.7354897896001756,41,44.0,36.95,80.05,0.7333333333333333,0.0,0.2244791666666666,0.5648799319924448,0.9824356150333362,0.737662296654285,0.6569813147206365,1,0.0384615384615384,60,193,26
OMN,Oman,"Middle East, North Africa, Afghanistan & Pakistan",High income,0.7351618152881761,42,54.0,24.75,84.05,0.4666666666666667,0.0,0.3088541666666666,0.2724264016816877,0.9963626333844748,0.7426942829021415,0.9291639431844008,0,0.0,60,193,26
CRI,Costa Rica,Latin America & Caribbean ,High income,0.732177745182939,43,48.5,32.95,76.0,0.5,0.0,0.22421875,0.3614080256350851,0.9230029923788804,0.785519586875447,0.8587803758423436,0,0.0,60,193,26
BRN,Brunei Darussalam,East Asia & Pacific,High income,0.7283637268047207,44,45.5,17.95,74.05,0.5666666666666667,0.0,0.2921875,0.300471754304953,0.9412811415580636,0.7571481108901569,0.9145539004657092,2,0.0769230769230769,60,193,26
EST,Estonia,Europe & Central Asia,High income,0.7282265704440525,45,41.0,39.0,56.0,0.85,0.0,0.0885416666666666,0.5583626360146948,0.8684809203627931,0.7127758379727243,0.7732868874259978,1,0.0384615384615384,60,193,26
MCO,Monaco,Europe & Central Asia,High income,0.7274713370585578,46,31.0,4.95,82.79999999999995,0.7833333333333333,0.0,0.4054687499999997,0.5152531141750044,0.9250083556149732,0.6071172021856719,0.8625066762585814,5,0.1923076923076923,60,193,26
KOR,"Korea, Rep.",East Asia & Pacific,High income,0.7256044338064565,47,31.0,25.0,65.39999999999992,0.8333333333333334,0.0,0.2104166666666662,0.5926042318721941,0.937626831948221,0.6950238954767094,0.6771627759287008,2,0.0769230769230769,60,193,26
LTU,Lithuania,Europe & Central Asia,High income,0.7209567647541534,48,46.0,32.0,78.0,0.5,0.0,0.2395833333333333,0.6577686111667523,0.8925885911044664,0.6432972568930223,0.690172599852372,1,0.0384615384615384,60,193,26
ATG,Antigua and Barbuda,Latin America & Caribbean ,High income,0.7115913123640994,49,44.5,7.0,57.44999999999997,0.7166666666666667,0.0,0.2627604166666665,0.3794933092931326,0.9106087451409915,0.768588140659134,0.7876750543631399,1,0.0384615384615384,60,193,26
COL,Colombia,Latin America & Caribbean ,Upper middle income,0.7101912345859036,50,61.0,43.55,85.0,0.15,0.0,0.2158854166666666,0.354941997831947,0.8893699607554202,0.7619853913866848,0.8344675883695621,0,0.0,60,193,26
KAZ,Kazakhstan,Europe & Central Asia,Upper middle income,0.7090108830379578,51,57.0,37.0,65.0,0.2333333333333333,0.0,0.1458333333333333,0.4097274500671538,0.9305901961000154,0.6673311737790726,0.8283947122055891,0,0.0,60,193,26
ROU,Romania,Europe & Central Asia,High income,0.7028341438153161,52,50.0,43.95,55.0,0.4666666666666667,0.0,0.0575520833333333,0.5402628949409131,0.814117375244629,0.6551166902891886,0.8018396147865335,1,0.0384615384615384,60,193,26
SMR,San Marino,Europe & Central Asia,High income,0.7024569819118412,53,26.0,15.95,79.0,0.8833333333333333,0.0,0.3283854166666666,0.5360174970735537,0.8344615091381571,0.6157987426654815,0.8235501787701727,6,0.2307692307692307,60,193,26
PLW,Palau,East Asia & Pacific,High income,0.7024333390699563,54,52.0,36.0,66.0,0.25,0.0,0.15625,0.5362907085599046,0.8902700987864465,0.6075520147203979,0.7756205342130765,4,0.1538461538461538,60,193,26
SYC,Seychelles,Sub-Saharan Africa ,High income,0.7012259679387803,55,54.0,26.0,70.1,0.2333333333333333,0.0,0.2296874999999999,0.3418739572172526,0.9675630925312452,0.6947525826676225,0.8007142393390014,2,0.0769230769230769,60,193,26
RUS,Russian Federation,Europe & Central Asia,High income,0.6989983909344943,56,54.5,43.9,91.0,0.3333333333333333,0.0,0.2453125,0.5920132945094181,0.9396085264625544,0.5837960444941198,0.6805756982718847,2,0.0769230769230769,60,193,26
CHL,Chile,Latin America & Caribbean ,High income,0.6982007888708822,57,68.0,54.0,96.0,0.0,0.0,0.21875,0.4368623179100732,0.9197557906003184,0.7529887957924098,0.6831962511807274,1,0.0384615384615384,60,193,26
TON,Tonga,East Asia & Pacific,Upper middle income,0.6953209446132155,58,56.0,10.0,88.0,0.2666666666666666,0.0,0.40625,0.2563024879570035,0.975695576146483,0.7043985774546654,0.8448871368947101,2,0.0769230769230769,60,193,26
TUR,Turkiye,Europe & Central Asia,Upper middle income,0.6933497826738224,59,72.0,55.0,101.05,0.0166666666666666,0.0,0.23984375,0.2751721568793997,0.9576042105957356,0.7097883253054541,0.8308344379147002,2,0.0769230769230769,60,193,26
BRA,Brazil,Latin America & Caribbean ,Upper middle income,0.6888440212001339,60,62.5,53.95,82.0,0.0,0.0,0.14609375,0.4951594678053926,0.8271090286894579,0.7033599026092245,0.7297476856964605,1,0.0384615384615384,60,193,26
SRB,Serbia,Europe & Central Asia,Upper middle income,0.6885828777950316,61,60.5,49.95,94.1,0.05,0.0,0.2299479166666666,0.5668824894192857,0.8934190959424905,0.6337486862951238,0.6602812395232264,1,0.0384615384615384,60,193,26
TUV,Tuvalu,East Asia & Pacific,Upper middle income,0.6882539424419049,62,32.0,5.0,65.0,0.8333333333333334,0.0,0.3125,0.5312132856025258,0.8053901808714473,0.5212048692670842,0.8952074340265621,3,0.1153846153846153,60,193,26
MKD,North Macedonia,Europe & Central Asia,Upper middle income,0.687622500803049,63,63.0,57.9,76.05,0.0,0.0,0.09453125,0.4742074380793902,0.8439322654987391,0.6819603288603566,0.7503899707737098,0,0.0,60,193,26
CHN,China,East Asia & Pacific,Upper middle income,0.6868193062806881,64,76.5,60.0,87.19999999999999,0.0,0.0,0.1416666666666666,0.3203666621840635,0.9563534174379298,0.6890617319767195,0.7814954135240395,1,0.0384615384615384,60,193,26
CYP,Cyprus,Europe & Central Asia,High income,0.6867041272209746,65,65.5,56.85,88.1,0.0,0.0,0.1627604166666666,0.4030870152886168,0.9172025269884388,0.8157477202878922,0.6107792463189511,2,0.0769230769230769,60,193,26
BGR,Bulgaria,Europe & Central Asia,High income,0.6854375852916174,66,68.5,46.95,111.1,0.2333333333333333,0.0,0.3341145833333332,0.6008706829887424,0.90834786272613,0.5947468983471923,0.637784897104405,1,0.0384615384615384,60,193,26
PRK,"Korea, Dem. People's Rep.",East Asia & Pacific,Low income,0.6850976690932676,67,57.0,37.0,77.05,0.45,0.0,0.20859375,0.4940855777944583,0.9435586540227514,0.5741700776532609,0.7285763669025999,9,0.3461538461538461,60,193,26
SGP,Singapore,East Asia & Pacific,High income,0.6846585060982541,68,66.5,48.0,116.0,0.0833333333333333,0.0,0.3541666666666667,0.4108830413712889,0.9415056150331502,0.7115127888790815,0.6747325791094959,1,0.0384615384615384,60,193,26
LVA,Latvia,Europe & Central Asia,High income,0.6788426652576671,69,73.0,54.95,109.0,0.0,0.0,0.2815104166666666,0.5032232979013287,0.928011666331225,0.6212809763928517,0.6628547204052629,1,0.0384615384615384,60,193,26
JOR,Jordan,"Middle East, North Africa, Afghanistan & Pakistan",Lower middle income,0.6757023078644859,70,88.0,65.7,110.0,0.0,0.0,0.2307291666666666,0.3138518481233711,0.9418200451610784,0.7218043095294339,0.7253330286440602,1,0.0384615384615384,60,193,26
NIC,Nicaragua,Latin America & Caribbean ,Lower middle income,0.6740976553258002,71,83.5,56.55,114.0,0.05,0.0,0.29921875,0.2706416633866143,0.9554654121422552,0.7426474199142016,0.7276361258601298,4,0.1538461538461538,60,193,26
TUN,Tunisia,"Middle East, North Africa, Afghanistan & Pakistan",Lower middle income,0.6736728995848067,72,87.5,70.85,110.05,0.0,0.0,0.2041666666666667,0.25366575099988,0.9592596257996054,0.7339569865766812,0.7478092349630598,0,0.0,60,193,26
IRN,"Iran, Islamic Rep.","Middle East, North Africa, Afghanistan & Pakistan",Upper middle income,0.6716950825288099,73,90.0,71.9,107.0,0.0,0.0,0.1828124999999999,0.2899006188927754,0.979555809138539,0.7206501324705947,0.6966737696133306,2,0.0769230769230769,60,193,26
NRU,Nauru,East Asia & Pacific,High income,0.670929668447223,74,70.5,46.0,111.0,0.1166666666666666,0.0,0.3385416666666667,0.5668279441592471,0.8864385214919197,0.389373482358202,0.8410787257795229,3,0.1153846153846153,60,193,26
VCT,St. Vincent and the Grenadines,Latin America & Caribbean ,Upper middle income,0.6701417723839488,75,71.5,50.0,84.05,0.0333333333333333,0.0,0.17734375,0.3606948551024671,0.9521916893872016,0.5932353937819079,0.7744451512642184,2,0.0769230769230769,60,193,26
ALB,Albania,Europe & Central Asia,Upper middle income,0.6696856726155633,76,83.5,73.95,92.05,0.0,0.0,0.0942708333333333,0.3345657943556133,0.9726193994126826,0.7797703899355044,0.5917871067584531,1,0.0384615384615384,60,193,26
UZB,Uzbekistan,Europe & Central Asia,Lower middle income,0.6686025330658762,77,75.0,60.95,93.0,0.0,0.0,0.1669270833333333,0.4119113055278265,0.9405649421131524,0.6146409081395038,0.7072929764830225,1,0.0384615384615384,60,193,26
KNA,St. Kitts and Nevis,Latin America & Caribbean ,High income,0.6647839475886296,78,67.0,57.9,79.05,0.0,0.0,0.11015625,0.4175374788716006,0.942039817022099,0.6969060044676371,0.6026524899931812,2,0.0769230769230769,60,193,26
ECU,Ecuador,Latin America & Caribbean ,Upper middle income,0.664199875526843,79,77.5,59.55,87.05,0.0166666666666666,0.0,0.1432291666666666,0.3467191820439355,0.7721230764365231,0.7681359992125998,0.7698212444143137,0,0.0,60,193,26
BIH,Bosnia and Herzegovina,Europe & Central Asia,Upper middle income,0.6623497621693846,80,68.5,53.0,77.0,0.0,0.0,0.125,0.4938099285027721,0.6856349836250097,0.6897881404976597,0.7801659960520969,1,0.0384615384615384,60,193,26
LBY,Libya,"Middle East, North Africa, Afghanistan & Pakistan",Upper middle income,0.6597821993652432,81,87.0,78.85,103.0,0.0,0.0,0.12578125,0.3839160252030721,0.8404155544724616,0.6255679164991333,0.7892293012863056,0,0.0,60,193,26
PSE,West Bank and Gaza,"Middle East, North Africa, Afghanistan & Pakistan",Lower middle income,0.6587017614512714,82,96.0,82.0,112.0,0.0,0.0,0.15625,0.3176807706933734,0.9877450980392156,0.6045379500737209,0.7248432269987758,1,0.0384615384615384,60,193,26
BRB,Barbados,Latin America & Caribbean ,High income,0.6579409859020005,83,71.0,64.85,106.49999999999996,0.0,0.0,0.2169270833333332,0.4376839484267321,0.8694472408349976,0.5981394797313992,0.7264932746148729,0,0.0,60,193,26
THA,Thailand,East Asia & Pacific,Upper middle income,0.6577800277292037,84,85.0,40.0,105.39999999999998,0.1,0.0,0.3406249999999999,0.1805741643377892,0.8457201250794135,0.6959196213257433,0.9089062001738688,0,0.0,60,193,26
LCA,St. Lucia,Latin America & Caribbean ,Upper middle income,0.656083207299029,85,65.0,37.0,84.0,0.1,0.0,0.2447916666666666,0.3119948676060742,0.9066315423963224,0.7046030667039356,0.7011033524897836,0,0.0,60,193,26
MDA,Moldova,Europe & Central Asia,Upper middle income,0.6559742104121051,86,70.5,51.9,95.0,0.0333333333333333,0.0,0.2244791666666666,0.5279581493319597,0.8066741913681217,0.6028075479993572,0.6864569529489815,0,0.0,60,193,26
PAN,Panama,Latin America & Caribbean ,High income,0.6543250217256888,87,76.0,68.0,88.05,0.0,0.0,0.1044270833333333,0.3766516033544161,0.8106900404600847,0.7907396443352344,0.6392187987530201,1,0.0384615384615384,60,193,26
GEO,Georgia,Europe & Central Asia,Upper middle income,0.6532030764803352,88,83.5,48.95,107.34999999999998,0.0666666666666666,0.0,0.3041666666666665,0.509239642509025,0.887079208498833,0.6353008413217734,0.5811926135917094,0,0.0,60,193,26
BHR,Bahrain,"Middle East, North Africa, Afghanistan & Pakistan",High income,0.6523110582727074,89,103.0,84.0,123.05,0.0,0.0,0.2033854166666666,0.2242510935493122,0.989839380449274,0.6157753186314454,0.7793784404607978,0,0.0,60,193,26
TTO,Trinidad and Tobago,Latin America & Caribbean ,High income,0.6512626453966167,90,83.0,69.95,105.15,0.0,0.0,0.1833333333333332,0.4104531585570775,0.9077504764921543,0.6217329960273007,0.6651139505099344,1,0.0384615384615384,60,193,26
KGZ,Kyrgyz Republic,Europe & Central Asia,Lower middle income,0.6501454007497245,91,88.0,54.75,96.0,0.0333333333333333,0.0,0.21484375,0.3317152029949079,0.8719689879667554,0.6767504291276911,0.7201469829095438,0,0.0,60,193,26
DZA,Algeria,"Middle East, North Africa, Afghanistan & Pakistan",Upper middle income,0.6490773240471281,92,96.0,78.5,113.0,0.0,0.0,0.1796875,0.2542673301460795,0.8443272353045255,0.7553194495008495,0.7423952812370581,0,0.0,60,193,26
DMA,Dominica,Latin America & Caribbean ,Upper middle income,0.6483251716035098,93,92.0,88.0,100.0,0.0,0.0,0.0625,0.3440806211298222,0.9032418160110532,0.6047602982406856,0.7412179510324783,2,0.0769230769230769,60,193,26
SLV,El Salvador,Latin America & Caribbean ,Upper middle income,0.6480007768591318,94,94.0,86.95,98.05,0.0,0.0,0.0578124999999999,0.3694577590601324,0.8834736436967887,0.5989970298532373,0.740074674826369,0,0.0,60,193,26
MNE,Montenegro,Europe & Central Asia,Upper middle income,0.6477545124955246,95,81.5,56.0,112.0,0.0,0.0,0.2916666666666667,0.5126032821767527,0.6703444256780262,0.6929378044056801,0.7151325377216396,0,0.0,60,193,26
LKA,Sri Lanka,South Asia,Lower middle income,0.6477008450464888,96,91.0,43.0,113.15,0.1,0.0,0.3653645833333332,0.1899266334096221,0.9682850936923582,0.7529169738176473,0.6796746792663276,0,0.0,60,193,26
BLZ,Belize,Latin America & Caribbean ,Upper middle income,0.6459885184203296,97,90.0,44.95,116.15,0.0833333333333333,0.0,0.3708333333333333,0.1845481518563255,0.8652466029814967,0.7259879734102914,0.8081713454332043,0,0.0,60,193,26
MYS,Malaysia,East Asia & Pacific,Upper middle income,0.6456944397265684,98,96.5,83.0,118.0,0.0,0.0,0.1822916666666666,0.2291338827416733,0.9145985435053348,0.7111663135976891,0.7278790190615761,1,0.0384615384615384,60,193,26
TJK,Tajikistan,Europe & Central Asia,Lower middle income,0.6357559129066745,99,95.5,67.4,110.0,0.0,0.0,0.2218749999999999,0.3499546768118913,0.9214354407742822,0.6826989523373221,0.5889345817032028,0,0.0,60,193,26
MUS,Mauritius,Sub-Saharan Africa ,Upper middle income,0.6346337579052626,100,83.0,68.0,112.2,0.0,0.0,0.2302083333333332,0.3330310308730893,0.9426166152682652,0.6202816841723293,0.6426057013073662,2,0.0769230769230769,60,193,26
ARM,Armenia,Europe & Central Asia,Upper middle income,0.6346016951006593,101,107.0,79.8,135.0,0.0,0.0,0.2875,0.4732849256029421,0.9163214042247854,0.6415149075582738,0.5072855430166362,0,0.0,60,193,26
MEX,Mexico,Latin America & Caribbean ,Upper middle income,0.6295156707444782,102,105.5,100.0,118.0,0.0,0.0,0.09375,0.2638600782104646,0.834289803866633,0.6905645268805292,0.729348274020286,0,0.0,60,193,26
BHS,"Bahamas, The",Latin America & Caribbean ,High income,0.6272271607997593,103,99.0,81.0,114.05,0.0,0.0,0.1721354166666666,0.3548022405378866,0.8258192258773593,0.6158999980284617,0.7123871787553294,1,0.0384615384615384,60,193,26
BTN,Bhutan,South Asia,Lower middle income,0.6260503846584147,104,105.5,56.8,123.25,0.0,0.0,0.3460937499999999,0.1205530925308737,0.8514114305809429,0.7092362861309001,0.8230007293909417,0,0.0,60,193,26
JAM,Jamaica,Latin America & Caribbean ,Upper middle income,0.6236573755955415,105,106.0,81.0,119.1,0.0,0.0,0.1984374999999999,0.2282760912104227,0.8809742637247908,0.6509635969585903,0.7344155504883616,0,0.0,60,193,26
TKM,Turkmenistan,Europe & Central Asia,Upper middle income,0.6230590832895327,106,109.0,99.0,115.0,0.0,0.0,0.0833333333333333,0.2990039826459934,0.9642564590376924,0.6336296311541779,0.5953462603202672,1,0.0384615384615384,60,193,26
GRD,Grenada,Latin America & Caribbean ,Upper middle income,0.6224522850556857,107,97.0,84.0,110.0,0.0,0.0,0.1354166666666666,0.2911663844123551,0.9151535956660868,0.6419917381565539,0.6414974219877472,2,0.0769230769230769,60,193,26
LBN,Lebanon,"Middle East, North Africa, Afghanistan & Pakistan",Lower middle income,0.6207577583141333,108,99.5,85.0,123.1,0.0,0.0,0.1984374999999999,0.3822786569165964,0.7926950458636233,0.6585748480252485,0.6494824824510651,1,0.0384615384615384,60,193,26
PRY,Paraguay,Latin America & Caribbean ,Upper middle income,0.6200103143941642,109,110.5,97.65,121.0,0.0,0.0,0.1216145833333333,0.2308564778967678,0.8269696833764881,0.7383300460921496,0.683885050211251,0,0.0,60,193,26
FJI,Fiji,East Asia & Pacific,Upper middle income,0.6178667108182544,110,114.0,90.95,125.0,0.0,0.0,0.17734375,0.1718859030867164,0.9193966862730744,0.553064783244404,0.8271194706688227,0,0.0,60,193,26
GUY,Guyana,Latin America & Caribbean ,High income,0.6118947006333888,111,106.0,63.0,117.0,0.0,0.0,0.28125,0.2028261617228233,0.867480051953228,0.6105846381499948,0.766687950707509,0,0.0,60,193,26
PER,Peru,Latin America & Caribbean ,Upper middle income,0.6056794177274751,112,118.0,107.0,126.05,0.0,0.0,0.0992187499999999,0.219058315884222,0.7904545559187894,0.7070732519612428,0.7061315471456461,1,0.0384615384615384,60,193,26
CPV,Cabo Verde,Sub-Saharan Africa ,Upper middle income,0.6056459361798809,113,118.0,106.0,129.05,0.0,0.0,0.1200520833333333,0.1748414442188375,0.8907404525592983,0.6685434249570065,0.6884584229843812,0,0.0,60,193,26
MNG,Mongolia,East Asia & Pacific,Upper middle income,0.6032546228987976,114,107.5,79.95,121.0,0.0,0.0,0.2138020833333333,0.4314765764284001,0.7677104522967445,0.5775556570056546,0.6362758058643913,0,0.0,60,193,26
HND,Honduras,Latin America & Caribbean ,Lower middle income,0.600295509808412,115,118.5,107.45,132.1,0.0,0.0,0.1283854166666666,0.1662024963072592,0.9044145349804646,0.6889332074130756,0.6416318005328481,0,0.0,60,193,26
VNM,Viet Nam,East Asia & Pacific,Lower middle income,0.5964542720852765,116,114.0,77.0,122.1,0.0,0.0,0.2348958333333333,0.1832401747811078,0.8161335993963043,0.6903622627948471,0.6960810513688466,0,0.0,60,193,26
MAR,Morocco,"Middle East, North Africa, Afghanistan & Pakistan",Lower middle income,0.5918387866998884,117,123.0,117.0,138.05,0.0,0.0,0.1096354166666667,0.1294196547620839,0.9488915513110034,0.6876315193950658,0.6014124213314006,1,0.0384615384615384,60,193,26
WSM,Samoa,East Asia & Pacific,Upper middle income,0.5872633582580222,118,105.5,57.95,111.05,0.0,0.0,0.2765625,0.2456591993164952,0.6134292279437159,0.6798764898784216,0.810088515893456,2,0.0769230769230769,60,193,26
SUR,Suriname,Latin America & Caribbean ,Upper middle income,0.5820331620334881,119,111.0,101.0,116.0,0.0,0.0,0.078125,0.3039261044589958,0.6108436046278103,0.6270112389349571,0.7863517001121891,0,0.0,60,193,26
EGY,"Egypt, Arab Rep.","Middle East, North Africa, Afghanistan & Pakistan",Lower middle income,0.5749914738003827,120,126.0,121.0,134.0,0.0,0.0,0.0677083333333333,0.1425905407592108,0.9368700462464432,0.5748929504998724,0.6456123576960046,0,0.0,60,193,26
AZE,Azerbaijan,Europe & Central Asia,Upper middle income,0.5727858513007176,121,119.0,96.65,126.0,0.0,0.0,0.1528645833333333,0.3472579615421797,0.7015549952002419,0.681467035750128,0.5608634127103203,0,0.0,60,193,26
UKR,Ukraine,Europe & Central Asia,Upper middle income,0.5714051748848457,122,116.5,78.95,135.0,0.0,0.0,0.2919270833333333,0.4441733441292559,0.5402916603346692,0.5866085877199805,0.7145471073554772,3,0.1153846153846153,60,193,26
DOM,Dominican Republic,Latin America & Caribbean ,Upper middle income,0.5691724008936305,123,123.0,116.0,132.0,0.0,0.0,0.0833333333333333,0.1833018379392382,0.7568322344837783,0.6245700681687736,0.7119854629827318,0,0.0,60,193,26
MHL,Marshall Islands,East Asia & Pacific,Upper middle income,0.5672960384510873,124,120.0,65.95,133.0,0.0,0.0,0.3492187499999999,0.4722536138840991,0.5022291706934692,0.5302010852570538,0.7645002839697274,4,0.1538461538461538,60,193,26
BOL,Bolivia,Latin America & Caribbean ,Lower middle income,0.566427958565157,125,126.0,121.0,131.0,0.0,0.0,0.0520833333333333,0.2527398762657427,0.7729294989041062,0.619314310713776,0.6207281483770031,0,0.0,60,193,26
KIR,Kiribati,East Asia & Pacific,Lower middle income,0.5517726113500948,126,126.0,92.8,138.0,0.0,0.0,0.2354166666666667,0.4386351161119455,0.5847467409745934,0.5255845965845357,0.6581239917293048,2,0.0769230769230769,60,193,26
VEN,"Venezuela, RB",Latin America & Caribbean ,Not classified,0.5503931493614824,127,133.0,123.0,156.0,0.0,0.1166666666666666,0.171875,0.0995329192562174,0.7297257197008843,0.6400220801570267,0.7322918783318013,1,0.0384615384615384,60,193,26
STP,Sao Tome and Principe,Sub-Saharan Africa ,Lower middle income,0.5432597176279896,128,134.0,130.0,139.0,0.0,0.0,0.046875,0.2281945139463848,0.8569850950422522,0.5472049288752009,0.5406543326481204,1,0.0384615384615384,60,193,26
GTM,Guatemala,Latin America & Caribbean ,Upper middle income,0.5425743618946528,129,131.0,128.0,140.0,0.0,0.0,0.0625,0.1381242055350285,0.8197473484421942,0.6661923964367509,0.5462334971646373,0,0.0,60,193,26
VUT,Vanuatu,East Asia & Pacific,Lower middle income,0.5401828820320265,130,132.0,105.0,143.0,0.0,0.0166666666666666,0.1979166666666666,0.1091645110423711,0.7539178804659304,0.6888072958568461,0.6088418407629584,1,0.0384615384615384,60,193,26
SLB,Solomon Islands,East Asia & Pacific,Lower middle income,0.5398396985066892,131,132.0,114.85,138.05,0.0,0.0,0.1208333333333334,0.1643797317525542,0.7713716073919891,0.6719613155185465,0.551646139363667,1,0.0384615384615384,60,193,26
IRQ,Iraq,"Middle East, North Africa, Afghanistan & Pakistan",Upper middle income,0.5395766173515494,132,133.0,127.0,142.0,0.0,0.0,0.078125,0.1230682021831125,0.7447388813460643,0.5954737713571951,0.6950256145198255,0,0.0,60,193,26
FSM,"Micronesia, Fed. Sts.",East Asia & Pacific,Lower middle income,0.5300177062349254,133,120.0,95.0,130.0,0.0,0.0,0.1822916666666666,0.3052058387651767,0.5598279910743895,0.5624547285242376,0.6925822665758978,3,0.1153846153846153,60,193,26
BWA,Botswana,Sub-Saharan Africa ,Upper middle income,0.5208874245115966,134,125.0,113.75,133.0,0.0,0.0,0.1002604166666666,0.2831414738377958,0.5146708482962801,0.538222136240808,0.7475152396715028,1,0.0384615384615384,60,193,26
IDN,Indonesia,East Asia & Pacific,Upper middle income,0.5044533640762929,135,136.0,129.0,144.0,0.0,0.0333333333333333,0.078125,0.0796636381467361,0.6623559046159495,0.6187233532347418,0.6570705603077445,0,0.0,60,193,26
SYR,Syrian Arab Republic,"Middle East, North Africa, Afghanistan & Pakistan",Low income,0.5021758668129401,136,137.0,133.0,145.0,0.0,0.0666666666666666,0.0625,0.1437721937857306,0.5865949872379461,0.537497402384935,0.7408388838431488,0,0.0,60,193,26
IND,India,South Asia,Lower middle income,0.4769684618841638,137,142.0,139.0,147.05,0.0,0.1166666666666666,0.0419270833333333,0.0957956293385185,0.7598478206784196,0.4991762873010434,0.5530541102186738,1,0.0384615384615384,60,193,26
PHL,Philippines,East Asia & Pacific,Lower middle income,0.4762555295733501,138,137.0,131.0,143.0,0.0,0.0,0.0625,0.1486166930851677,0.5385221702317291,0.575070341487582,0.6428129134889219,0,0.0,60,193,26
RWA,Rwanda,Sub-Saharan Africa ,Low income,0.4737129322126504,139,140.5,123.0,146.0,0.0,0.0833333333333333,0.1197916666666666,0.0993679443748664,0.8041887962443444,0.5257346829238777,0.465560305307513,0,0.0,60,193,26
TLS,Timor-Leste,East Asia & Pacific,Lower middle income,0.4709222041686162,140,136.0,126.0,140.0,0.0,0.0,0.0729166666666666,0.191850044061503,0.524835899074898,0.6180879989865786,0.5489148745514851,0,0.0,60,193,26
KHM,Cambodia,East Asia & Pacific,Lower middle income,0.4667317995496761,141,143.0,140.0,152.05,0.0,0.3333333333333333,0.0627604166666667,0.0715686876585644,0.6658634126967647,0.6623869270601,0.4671081707832752,0,0.0,60,193,26
BGD,Bangladesh,South Asia,Lower middle income,0.465299501876273,142,148.0,144.0,166.05,0.0,0.8666666666666667,0.11484375,0.0277365541864058,0.8647335436985515,0.5390275147402761,0.4297003948798584,0,0.0,60,193,26
LAO,Lao PDR,East Asia & Pacific,Lower middle income,0.4611983638971529,143,143.5,138.0,155.0,0.0,0.4666666666666667,0.0885416666666666,0.0563489181052585,0.6191769003881133,0.6275395245169573,0.5417281125782825,0,0.0,60,193,26
NPL,Nepal,South Asia,Lower middle income,0.458358176994579,144,150.0,146.0,162.05,0.0,1.0,0.08359375,0.1190327163734313,0.7429265240918324,0.500478663921392,0.4709948035916604,0,0.0,60,193,26
ZAF,South Africa,Sub-Saharan Africa ,Upper middle income,0.4558240917095925,145,138.0,102.95,147.0,0.0,0.1,0.2294270833333333,0.3119245659700085,0.3124315443592552,0.4791970942098676,0.7197431622992388,1,0.0384615384615384,60,193,26
BDI,Burundi,Sub-Saharan Africa ,Low income,0.4518265491961435,146,146.0,136.0,152.05,0.0,0.7,0.08359375,0.1805834456155578,0.8008280063142355,0.446328627443242,0.3795661174115387,1,0.0384615384615384,60,193,26
GHA,Ghana,Sub-Saharan Africa ,Lower middle income,0.4426805862707159,147,154.0,150.0,160.0,0.0,1.0,0.0520833333333333,0.073435482198883,0.7695431024679774,0.4472207892448177,0.4805229711711855,0,0.0,60,193,26
ERI,Eritrea,Sub-Saharan Africa ,Low income,0.440702298686015,148,164.5,154.95,173.0,0.0,1.0,0.0940104166666667,0.0663047120643272,0.8438076073665504,0.5602701851860995,0.2924266901270832,1,0.0384615384615384,60,193,26
NAM,Namibia,Sub-Saharan Africa ,Lower middle income,0.4386367228883814,149,140.0,106.6,145.0,0.0,0.1666666666666666,0.2,0.3412299256898816,0.3221436883899233,0.4837600851556433,0.6074131923180774,1,0.0384615384615384,60,193,26
SEN,Senegal,Sub-Saharan Africa ,Lower middle income,0.4379660663743003,150,158.0,151.0,174.05,0.0,1.0,0.1200520833333333,0.0493759678162195,0.7881863096898036,0.5250920714456888,0.3892099165454893,0,0.0,60,193,26
MMR,Myanmar,East Asia & Pacific,Lower middle income,0.4366122918198714,151,148.0,146.0,153.0,0.0,1.0,0.0364583333333333,0.0938008368757022,0.6423661279444203,0.5645265572023461,0.4457556452570169,0,0.0,60,193,26
COM,Comoros,Sub-Saharan Africa ,Lower middle income,0.4359416716365727,152,152.0,148.0,158.05,0.0,1.0,0.05234375,0.1223795055113391,0.7148520425419502,0.5661156039532775,0.3404195345397242,1,0.0384615384615384,60,193,26
SDN,Sudan,Sub-Saharan Africa ,Low income,0.4271546428965881,153,164.0,158.9,169.05,0.0,1.0,0.0528645833333333,0.0853304772640644,0.8625426301644593,0.5290659005837872,0.2316795635740416,0,0.0,60,193,26
BFA,Burkina Faso,Sub-Saharan Africa ,Low income,0.4186920532561736,154,162.0,153.95,167.0,0.0,1.0,0.06796875,0.1459362569200346,0.8198837043593339,0.4098672330634541,0.2990810186818718,1,0.0384615384615384,60,193,26
GMB,"Gambia, The",Sub-Saharan Africa ,Low income,0.4185903875581021,155,162.0,156.0,178.0,0.0,1.0,0.1145833333333333,0.0405466889217601,0.7521294546253522,0.4173143163055236,0.4643710903797722,0,0.0,60,193,26
SWZ,Eswatini,Sub-Saharan Africa ,Lower middle income,0.4185351454171091,156,146.5,122.95,161.0,0.0,0.5166666666666667,0.1981770833333333,0.2718263000810537,0.3701339448703906,0.445789384118412,0.5863909525985802,1,0.0384615384615384,60,193,26
LSO,Lesotho,Sub-Saharan Africa ,Lower middle income,0.417122487057894,157,150.0,120.95,172.0,0.0,0.65,0.2658854166666666,0.3964792657223703,0.3801455823293173,0.3960084758203452,0.4958566243595431,1,0.0384615384615384,60,193,26
MRT,Mauritania,Sub-Saharan Africa ,Lower middle income,0.4126527430767665,158,166.0,158.95,174.1,0.0,1.0,0.07890625,0.0912867877777127,0.6511366777499508,0.5497902905279219,0.3583972162514807,1,0.0384615384615384,60,193,26
MWI,Malawi,Sub-Saharan Africa ,Low income,0.4066911657211329,159,147.0,137.0,157.0,0.0,0.8333333333333334,0.1041666666666666,0.164402859561993,0.5248615690522201,0.5189145406682777,0.4185856936020408,1,0.0384615384615384,60,193,26
PAK,Pakistan,"Middle East, North Africa, Afghanistan & Pakistan",Lower middle income,0.4032708914623641,160,157.5,150.0,166.0,0.0,1.0,0.0833333333333333,0.0413512665518383,0.5904980173483632,0.4609595267232465,0.5202747552260086,0,0.0,60,193,26
DJI,Djibouti,"Middle East, North Africa, Afghanistan & Pakistan",Lower middle income,0.4031631981103328,161,159.0,147.85,170.2,0.0,0.9833333333333332,0.1164062499999999,0.1428921391522375,0.4447442175117582,0.4635678385906203,0.5614485971867154,2,0.0769230769230769,60,193,26
YEM,"Yemen, Rep.","Middle East, North Africa, Afghanistan & Pakistan",Low income,0.4017038679812735,162,159.0,147.0,169.0,0.0,0.9833333333333332,0.1145833333333333,0.2313752368149864,0.4879420947724079,0.571265140484348,0.3162329998533518,2,0.0769230769230769,60,193,26
ZMB,Zambia,Sub-Saharan Africa ,Lower middle income,0.398733403641898,163,153.0,147.0,160.0,0.0,0.9833333333333332,0.0677083333333333,0.148354756843235,0.4799273839424842,0.5115420343716984,0.4551094394101747,1,0.0384615384615384,60,193,26
KEN,Kenya,Sub-Saharan Africa ,Lower middle income,0.3890903623993153,164,152.0,146.0,158.2,0.0,1.0,0.0635416666666666,0.0972183112902353,0.5114875945465769,0.5283100932087896,0.4193454505516595,0,0.0,60,193,26
ZWE,Zimbabwe,Sub-Saharan Africa ,Lower middle income,0.38806923138714,165,160.5,150.95,166.0,0.0,1.0,0.0783854166666667,0.1516628575007665,0.5097254431143966,0.4358296936483875,0.4550589312850092,1,0.0384615384615384,60,193,26
TZA,Tanzania,Sub-Saharan Africa ,Lower middle income,0.3792385926527514,166,160.0,153.0,167.1,0.0,1.0,0.0734374999999999,0.0474646694482312,0.5417886370447174,0.5876322975302823,0.3400687665877747,0,0.0,60,193,26
NER,Niger,Sub-Saharan Africa ,Low income,0.3718314017389253,167,177.0,168.95,181.0,0.0,1.0,0.0627604166666667,0.0699257888213592,0.7265049772254087,0.471340186773199,0.2195546541357343,0,0.0,60,193,26
GAB,Gabon,Sub-Saharan Africa ,Upper middle income,0.3651068735683225,168,157.5,146.95,169.0,0.0,0.9833333333333332,0.11484375,0.138052807569856,0.2113504030946073,0.5261745164673685,0.5848497671414582,1,0.0384615384615384,60,193,26
MDG,Madagascar,Sub-Saharan Africa ,Low income,0.3592437746890344,169,169.0,163.95,174.0,0.0,1.0,0.05234375,0.1153231844898054,0.4538996775579914,0.5671666338727684,0.3005856028355726,1,0.0384615384615384,60,193,26
MLI,Mali,Sub-Saharan Africa ,Low income,0.3538967819781152,170,172.5,167.0,180.0,0.0,1.0,0.0677083333333333,0.0332697724922051,0.5993694215763046,0.4130624802531362,0.3698854535908151,0,0.0,60,193,26
UGA,Uganda,Sub-Saharan Africa ,Low income,0.3483614467043022,171,166.0,160.0,172.05,0.0,1.0,0.0627604166666667,0.1061035619419715,0.5064313529574772,0.5197927914983296,0.2611180804194307,1,0.0384615384615384,60,193,26
LBR,Liberia,Sub-Saharan Africa ,Low income,0.3361796610294643,172,175.0,165.95,181.0,0.0,1.0,0.0783854166666667,0.1877567007405658,0.4721357417605541,0.4099281004611766,0.2748981011555607,0,0.0,60,193,26
SLE,Sierra Leone,Sub-Saharan Africa ,Low income,0.3338856777659499,173,179.0,171.0,181.0,0.0,1.0,0.0520833333333333,0.1633917159005928,0.5541396929007991,0.4001231932387364,0.2178881090236713,1,0.0384615384615384,60,193,26
CIV,Cote d'Ivoire,Sub-Saharan Africa ,Lower middle income,0.3329791863052103,174,179.0,173.0,184.0,0.0,1.0,0.0572916666666666,0.0741535282821927,0.53792970700994,0.3596764405761871,0.360157069352521,1,0.0384615384615384,60,193,26
AFG,Afghanistan,"Middle East, North Africa, Afghanistan & Pakistan",Low income,0.332396513672854,175,173.0,157.95,180.0,0.0,1.0,0.11484375,0.1807662521463091,0.4637854931996459,0.4285911568318846,0.2564431525135764,0,0.0,60,193,26
COG,"Congo, Rep.",Sub-Saharan Africa ,Lower middle income,0.3320672498962238,176,175.0,168.0,183.0,0.0,1.0,0.078125,0.0686799822695373,0.3698733797352416,0.5035692837773829,0.3861463538027336,1,0.0384615384615384,60,193,26
MOZ,Mozambique,Sub-Saharan Africa ,Low income,0.3257438703745057,177,168.0,157.0,175.0,0.0,1.0,0.09375,0.1282612890222688,0.3748780585097737,0.4572386837406941,0.342597450225286,0,0.0,60,193,26
TGO,Togo,Sub-Saharan Africa ,Low income,0.3205897779711805,178,183.0,178.0,187.0,0.0,1.0,0.046875,0.0813653588071903,0.6325742771675917,0.3859978558884651,0.1824216200214748,0,0.0,60,193,26
GNB,Guinea-Bissau,Sub-Saharan Africa ,Low income,0.3155606717144947,179,182.0,177.0,184.0,0.0,1.0,0.0364583333333333,0.1548181604943501,0.5127264590088881,0.4021180881259933,0.1925799792287475,1,0.0384615384615384,60,193,26
ETH,Ethiopia,Sub-Saharan Africa ,Not classified,0.3126339450597165,180,179.0,174.0,186.0,0.0,1.0,0.0625,0.0239316577780025,0.3825684395906421,0.6049296229032614,0.2391060599669598,0,0.0,60,193,26
PNG,Papua New Guinea,East Asia & Pacific,Lower middle income,0.3095099282313308,181,174.0,167.0,184.0,0.0,1.0,0.0885416666666666,0.0206440936051811,0.1960784313725489,0.591727638610372,0.429589549337221,0,0.0,60,193,26
HTI,Haiti,Latin America & Caribbean ,Lower middle income,0.3051267654564157,182,173.0,166.0,183.05,0.0,1.0,0.0888020833333333,0.1540041635140614,0.3465821000861043,0.4212631876254252,0.2986576106000716,0,0.0,60,193,26
BEN,Benin,Sub-Saharan Africa ,Lower middle income,0.3006775454404479,183,187.0,185.0,191.0,0.0,1.0,0.03125,0.0116356163820883,0.5702578590175916,0.3817788427817855,0.239037863580326,0,0.0,60,193,26
SOM,"Somalia, Fed. Rep.",Sub-Saharan Africa ,Low income,0.2984658517600893,184,189.0,182.9,192.0,0.0,1.0,0.0473958333333333,0.1120044287556544,0.4041786619317692,0.3950327498036119,0.2826475665493215,2,0.0769230769230769,60,193,26
GNQ,Equatorial Guinea,Sub-Saharan Africa ,Upper middle income,0.2927705859332707,185,185.0,181.9,190.0,0.0,1.0,0.0421874999999999,0.0820787762600091,0.366065703462512,0.4402580538222786,0.282679810188283,2,0.0769230769230769,60,193,26
SSD,South Sudan,Sub-Saharan Africa ,Low income,0.2865672395568097,186,184.0,151.0,191.0,0.0,1.0,0.2083333333333333,0.2378771947203191,0.2177132779376326,0.4458488030640477,0.2448296825052394,1,0.0384615384615384,60,193,26
CMR,Cameroon,Sub-Saharan Africa ,Lower middle income,0.2865604943277909,187,184.0,180.9,187.0,0.0,1.0,0.0317708333333333,0.0811858984779102,0.3723105828002901,0.4061616075451374,0.2865838884878259,0,0.0,60,193,26
AGO,Angola,Sub-Saharan Africa ,Lower middle income,0.285234672855883,188,181.0,174.0,187.05,0.0,1.0,0.06796875,0.0249203806482133,0.2070013693468884,0.4993583796185231,0.4096585618099072,0,0.0,60,193,26
COD,"Congo, Dem. Rep.",Sub-Saharan Africa ,Low income,0.2753439223999352,189,187.0,184.95,189.0,0.0,1.0,0.02109375,0.0818089216160086,0.3462236769487815,0.4447416681983175,0.2286014228366332,1,0.0384615384615384,60,193,26
GIN,Guinea,Sub-Saharan Africa ,Lower middle income,0.2646289650491303,190,188.0,185.0,190.0,0.0,1.0,0.0260416666666666,0.0917987251446991,0.3326963463073173,0.4070738962817934,0.2269468924627113,1,0.0384615384615384,60,193,26
NGA,Nigeria,Sub-Saharan Africa ,Lower middle income,0.2458062841838076,191,191.0,188.0,193.0,0.0,1.0,0.0260416666666666,0.0917886867565593,0.3094133804118968,0.3074809229965886,0.274542146570186,1,0.0384615384615384,60,193,26
TCD,Chad,Sub-Saharan Africa ,Low income,0.2354626317582355,192,192.0,190.0,193.0,0.0,1.0,0.015625,0.0134573715352018,0.3646409329992405,0.3833856531406419,0.180366569357858,0,0.0,60,193,26
CAF,Central African Republic,Sub-Saharan Africa ,Low income,0.1936446053898495,193,193.0,191.0,193.0,0.0,1.0,0.0104166666666666,0.1395661306570862,0.0862745098039214,0.3607286368211666,0.1880091442772238,1,0.0384615384615384,60,193,26
