iso3,country,observed_shock_burden,predicted_shock_burden,realized_resilience_gap,gap_interpretation,prediction_interval_low,prediction_interval_high,n_validation_countries,missing_count_from_potential_capacity_sample,missing_rate_from_potential_capacity_sample
NOR,Norway,1072.0009,2489.43297920569,-1417.4320792056901,better-than-expected shock burden / adaptive over-performance,1827.6871113250568,3176.808882821159,106,87,0.4507772020725389
DEU,Germany,2179.8662,3168.4079074236597,-988.5417074236598,better-than-expected shock burden / adaptive over-performance,2411.9721279011255,3844.625455066008,106,87,0.4507772020725389
SWE,Sweden,1389.8391,3136.7813567587964,-1746.9422567587965,better-than-expected shock burden / adaptive over-performance,2518.2612958847003,3693.2076464021334,106,87,0.4507772020725389
JPN,Japan,859.7607,3114.2401415601903,-2254.47944156019,better-than-expected shock burden / adaptive over-performance,2083.5519460314563,4224.538661120744,106,87,0.4507772020725389
FRA,France,1838.9587,3022.6706781782536,-1183.7119781782537,better-than-expected shock burden / adaptive over-performance,2419.9600057421703,3581.397078332704,106,87,0.4507772020725389
AUS,Australia,927.5937,1794.7921784411287,-867.1984784411287,better-than-expected shock burden / adaptive over-performance,1056.3600007967743,2680.7335845422663,106,87,0.4507772020725389
DNK,Denmark,674.96173,2984.4210130255883,-2309.4592830255883,better-than-expected shock burden / adaptive over-performance,2323.0252467466257,3510.213270554453,106,87,0.4507772020725389
BEL,Belgium,2334.5127,2927.5877931260566,-593.0750931260563,better-than-expected shock burden / adaptive over-performance,2177.1861940923927,3539.195233266099,106,87,0.4507772020725389
AUT,Austria,2567.4924,2765.756093019986,-198.26369301998602,better-than-expected shock burden / adaptive over-performance,2231.568651325123,3291.797329070057,106,87,0.4507772020725389
ISL,Iceland,1134.6113,2761.7517687546424,-1627.1404687546424,better-than-expected shock burden / adaptive over-performance,1997.4586952297761,3621.4879121977588,106,87,0.4507772020725389
FIN,Finland,1876.0293,3636.311748378223,-1760.282448378223,better-than-expected shock burden / adaptive over-performance,2995.396714422163,4264.0536153779485,106,87,0.4507772020725389
LUX,Luxembourg,-259.57343,1796.0006700275108,-2055.5741000275107,better-than-expected shock burden / adaptive over-performance,1107.8023276077533,2403.443224656804,106,87,0.4507772020725389
CZE,Czechia,4400.776,3394.2052132099575,1006.5707867900423,worse-than-expected shock burden / capacity under-realization,2770.021007696377,3982.132747267722,106,87,0.4507772020725389
USA,United States,3758.817,1804.0498317086053,1954.7671682913947,worse-than-expected shock burden / capacity under-realization,1099.4812680099024,2571.6518608408987,106,87,0.4507772020725389
SVN,Slovenia,2868.0425,3115.6763031045675,-247.6338031045675,better-than-expected shock burden / adaptive over-performance,2587.8873310052027,3670.24024783247,106,87,0.4507772020725389
NZL,New Zealand,-91.14247,1665.3184336941083,-1756.4609036941083,better-than-expected shock burden / adaptive over-performance,1140.2115501721544,2242.3345769928437,106,87,0.4507772020725389
CHE,Switzerland,2020.4288,2650.108662849276,-629.6798628492759,better-than-expected shock burden / adaptive over-performance,2014.5107854742544,3232.4919434448957,106,87,0.4507772020725389
IRL,Ireland,1580.8341,1868.1496445102425,-287.3155445102425,better-than-expected shock burden / adaptive over-performance,1148.4835372792256,2523.9423576817603,106,87,0.4507772020725389
CAN,Canada,1420.5111,2348.4527926154033,-927.9416926154033,better-than-expected shock burden / adaptive over-performance,1583.0386081281952,3360.8371310073326,106,87,0.4507772020725389
NLD,Netherlands,2329.8596,3111.9890693963334,-782.1294693963337,better-than-expected shock burden / adaptive over-performance,2338.126904997842,3733.3454653441095,106,87,0.4507772020725389
MDV,Maldives,1109.1743,16.798199274564013,1092.376100725436,worse-than-expected shock burden / capacity under-realization,-1505.0830656899095,1015.2643072875884,106,87,0.4507772020725389
GBR,United Kingdom,2703.8333,3095.3774537333816,-391.5441537333818,better-than-expected shock burden / adaptive over-performance,2528.8203877661517,3557.268178609026,106,87,0.4507772020725389
ESP,Spain,2906.9697,3263.9835357886086,-357.0138357886085,better-than-expected shock burden / adaptive over-performance,2715.6847229255636,3750.9296027808127,106,87,0.4507772020725389
SVK,Slovak Republic,5343.659,3088.583458626464,2255.0755413735355,worse-than-expected shock burden / capacity under-realization,2650.1530168862396,3524.6281194973817,106,87,0.4507772020725389
PRT,Portugal,2965.186,3702.310942615842,-737.124942615842,better-than-expected shock burden / adaptive over-performance,2979.9457036712643,4348.128314451503,106,87,0.4507772020725389
HRV,Croatia,5616.296,4035.7770592755655,1580.5189407244347,worse-than-expected shock burden / capacity under-realization,3468.507196456049,4554.759653218523,106,87,0.4507772020725389
AND,Andorra,1773.4039,2427.9327117447538,-654.5288117447537,better-than-expected shock burden / adaptive over-performance,1895.488510561274,2888.40320719485,106,87,0.4507772020725389
ITA,Italy,4042.4766,3745.4697504988844,297.00684950111554,worse-than-expected shock burden / capacity under-realization,2946.470260827212,4404.987099154573,106,87,0.4507772020725389
URY,Uruguay,2126.0981,2841.744167258217,-715.646067258217,better-than-expected shock burden / adaptive over-performance,2165.0995200247435,3681.259995282581,106,87,0.4507772020725389
BLR,Belarus,9591.885,4875.089768000801,4716.795231999199,worse-than-expected shock burden / capacity under-realization,3830.968532054881,5921.226026070567,106,87,0.4507772020725389
QAT,Qatar,519.23267,-208.1749471653402,727.4076171653402,worse-than-expected shock burden / capacity under-realization,-1355.3358349840537,567.6097174986396,106,87,0.4507772020725389
ISR,Israel,1356.6249,1429.2856722525914,-72.66077225259141,better-than-expected shock burden / adaptive over-performance,906.033494307484,1872.3214177653974,106,87,0.4507772020725389
MLT,Malta,1495.4257,2533.374821304886,-1037.9491213048861,better-than-expected shock burden / adaptive over-performance,1676.409044101367,3351.014874487127,106,87,0.4507772020725389
HUN,Hungary,4209.2827,4349.684885378956,-140.40218537895635,better-than-expected shock burden / adaptive over-performance,3545.2741853322564,5067.226036534966,106,87,0.4507772020725389
ARG,Argentina,4112.5483,3211.275826774515,901.2724732254856,worse-than-expected shock burden / capacity under-realization,2379.2431766548043,4119.8142419572705,106,87,0.4507772020725389
ARE,United Arab Emirates,607.97754,-283.9066378489033,891.8841778489033,worse-than-expected shock burden / capacity under-realization,-1167.0877178166706,416.814079146297,106,87,0.4507772020725389
KWT,Kuwait,1601.9636,366.40982104372324,1235.5537789562768,worse-than-expected shock burden / capacity under-realization,-340.8330068433886,906.2693915886331,106,87,0.4507772020725389
POL,Poland,4447.032,3667.629509298451,779.4024907015491,worse-than-expected shock burden / capacity under-realization,3168.310155666893,4146.700787085948,106,87,0.4507772020725389
GRC,Greece,3676.7937,4266.202404657772,-589.4087046577715,better-than-expected shock burden / adaptive over-performance,3618.3353956070046,4897.487940549287,106,87,0.4507772020725389
OMN,Oman,958.591,981.3805867990079,-22.789586799007907,better-than-expected shock burden / adaptive over-performance,245.51752482087377,1830.4034522429688,106,87,0.4507772020725389
CRI,Costa Rica,1545.6193,1349.6692901299089,195.9500098700912,worse-than-expected shock burden / capacity under-realization,548.6932538982553,1999.554288350701,106,87,0.4507772020725389
BRN,Brunei Darussalam,1141.6431,229.10230933067328,912.5407906693267,worse-than-expected shock burden / capacity under-realization,-454.4603084996207,909.6025578514793,106,87,0.4507772020725389
EST,Estonia,3296.8997,4306.840884248152,-1009.9411842481522,better-than-expected shock burden / adaptive over-performance,3723.880366686908,5023.389410813249,106,87,0.4507772020725389
KOR,"Korea, Rep.",1248.7174,1656.5742160619966,-407.8568160619966,better-than-expected shock burden / adaptive over-performance,1149.2295615684438,2168.066426971562,106,87,0.4507772020725389
LTU,Lithuania,8358.042,4641.0810579965655,3716.960942003434,worse-than-expected shock burden / capacity under-realization,3816.359477760267,5478.688888076791,106,87,0.4507772020725389
ATG,Antigua and Barbuda,-654.30273,1199.8263277701963,-1854.1290577701961,better-than-expected shock burden / adaptive over-performance,347.88278220932574,1882.6074258171438,106,87,0.4507772020725389
COL,Colombia,3685.9177,2429.738410504582,1256.1792894954178,worse-than-expected shock burden / capacity under-realization,1653.8577631235353,3056.343845009856,106,87,0.4507772020725389
KAZ,Kazakhstan,4240.0146,4081.399851620132,158.61474837986862,worse-than-expected shock burden / capacity under-realization,2917.459028050631,5465.972366411584,106,87,0.4507772020725389
ROU,Romania,5864.2363,4361.324726500807,1502.9115734991929,worse-than-expected shock burden / capacity under-realization,3712.5607034988175,5079.184392482469,106,87,0.4507772020725389
SMR,San Marino,3935.886,4036.238523111445,-100.35252311144495,better-than-expected shock burden / adaptive over-performance,3279.2133480340194,4784.337296083436,106,87,0.4507772020725389
SYC,Seychelles,-546.97345,633.4835097126017,-1180.4569597126017,better-than-expected shock burden / adaptive over-performance,167.33423640108862,1258.7054885065952,106,87,0.4507772020725389
RUS,Russian Federation,8749.637,4779.103764438648,3970.5332355613527,worse-than-expected shock burden / capacity under-realization,3561.2750659108765,6169.063033565354,106,87,0.4507772020725389
CHL,Chile,3120.594,2342.1399697564534,778.4540302435466,worse-than-expected shock burden / capacity under-realization,1717.6413407324023,2915.3622099993454,106,87,0.4507772020725389
TUR,Turkiye,2705.4653,3439.957166574424,-734.491866574424,better-than-expected shock burden / adaptive over-performance,2776.074165460814,4012.5532153205504,106,87,0.4507772020725389
BRA,Brazil,3766.584,3149.571639718035,617.0123602819649,worse-than-expected shock burden / capacity under-realization,2462.211373416002,3893.5140426340536,106,87,0.4507772020725389
SRB,Serbia,8464.41,5838.438624642402,2625.971375357598,worse-than-expected shock burden / capacity under-realization,4911.35641210688,6665.078410985894,106,87,0.4507772020725389
MKD,North Macedonia,7957.562,4783.432165255891,3174.129834744109,worse-than-expected shock burden / capacity under-realization,4022.3937343952593,5431.64015195049,106,87,0.4507772020725389
CYP,Cyprus,1689.024,2622.0508564244697,-933.0268564244698,better-than-expected shock burden / adaptive over-performance,1747.7140329917318,3287.137443315428,106,87,0.4507772020725389
BGR,Bulgaria,10165.963,5386.532103044462,4779.430896955538,worse-than-expected shock burden / capacity under-realization,4400.197008920147,6419.727283441825,106,87,0.4507772020725389
SGP,Singapore,972.30634,188.71146438190408,783.5948756180959,worse-than-expected shock burden / capacity under-realization,-1046.4752342255763,1088.7613884885957,106,87,0.4507772020725389
LVA,Latvia,5407.656,5248.10665831314,159.54934168686032,worse-than-expected shock burden / capacity under-realization,4347.760715539914,6337.126489394082,106,87,0.4507772020725389
JOR,Jordan,1475.2865,1186.945466028063,288.3410339719369,worse-than-expected shock burden / capacity under-realization,660.4856760613355,1768.443838110749,106,87,0.4507772020725389
NIC,Nicaragua,2660.4993,1448.8451845324514,1211.6541154675485,worse-than-expected shock burden / capacity under-realization,691.7751988444124,2372.7413653776957,106,87,0.4507772020725389
TUN,Tunisia,2412.1658,1690.619398121018,721.5464018789821,worse-than-expected shock burden / capacity under-realization,1150.8166394664024,2224.4768670677454,106,87,0.4507772020725389
IRN,"Iran, Islamic Rep.",3064.1272,2845.2194563655967,218.90774363440323,worse-than-expected shock burden / capacity under-realization,2242.3000809702157,3453.124948991959,106,87,0.4507772020725389
VCT,St. Vincent and the Grenadines,1232.5092,3513.4819577366884,-2280.9727577366884,better-than-expected shock burden / adaptive over-performance,2651.3769089075627,4631.51457414202,106,87,0.4507772020725389
ALB,Albania,5970.3384,4208.4156491874255,1761.9227508125741,worse-than-expected shock burden / capacity under-realization,3369.083179913849,4876.994438194881,106,87,0.4507772020725389
UZB,Uzbekistan,1438.2266,3040.913598548166,-1602.6869985481662,better-than-expected shock burden / adaptive over-performance,2270.3258536208527,4187.53004589574,106,87,0.4507772020725389
KNA,St. Kitts and Nevis,4525.9116,1791.8590802797687,2734.0525197202314,worse-than-expected shock burden / capacity under-realization,1143.7503014821546,2470.0909232714334,106,87,0.4507772020725389
ECU,Ecuador,4378.3784,2532.8616682335974,1845.5167317664022,worse-than-expected shock burden / capacity under-realization,1784.6111732916788,3160.4972682382363,106,87,0.4507772020725389
BIH,Bosnia and Herzegovina,7126.2676,5583.958279612745,1542.309320387255,worse-than-expected shock burden / capacity under-realization,4722.423664385325,6289.841911881929,106,87,0.4507772020725389
PSE,West Bank and Gaza,922.9372,1573.9010525240276,-650.9638525240276,better-than-expected shock burden / adaptive over-performance,913.1604065686537,2564.3498205453375,106,87,0.4507772020725389
BRB,Barbados,1115.5847,2970.173280064269,-1854.5885800642689,better-than-expected shock burden / adaptive over-performance,2157.499291914214,3921.7788627526957,106,87,0.4507772020725389
THA,Thailand,2082.8452,3096.455734564207,-1013.6105345642068,better-than-expected shock burden / adaptive over-performance,2506.257295350841,3643.0901775995317,106,87,0.4507772020725389
MDA,Moldova,5433.009,5254.079734261424,178.92926573857585,worse-than-expected shock burden / capacity under-realization,4369.177538353331,6108.425764594906,106,87,0.4507772020725389
PAN,Panama,1724.4185,1528.640239910675,195.77826008932493,worse-than-expected shock burden / capacity under-realization,716.8421865671064,2265.5958667989735,106,87,0.4507772020725389
GEO,Georgia,6951.208,5343.492326576265,1607.7156734237342,worse-than-expected shock burden / capacity under-realization,4509.180962482186,6077.296010478595,106,87,0.4507772020725389
KGZ,Kyrgyz Republic,2132.5605,3144.567183680011,-1012.0066836800111,better-than-expected shock burden / adaptive over-performance,2502.978011166275,4169.908784127933,106,87,0.4507772020725389
DZA,Algeria,2952.565,2911.11908419295,41.445915807049914,worse-than-expected shock burden / capacity under-realization,2165.865110917611,3560.5527565692564,106,87,0.4507772020725389
SLV,El Salvador,753.09076,3357.5152904910974,-2604.4245304910974,better-than-expected shock burden / adaptive over-performance,2526.9600920995044,4454.57598519579,106,87,0.4507772020725389
MNE,Montenegro,5335.1875,5149.540702066335,185.64679793366486,worse-than-expected shock burden / capacity under-realization,4415.264844509478,5859.042177230878,106,87,0.4507772020725389
BLZ,Belize,1799.2277,2882.045701885422,-1082.8180018854223,better-than-expected shock burden / adaptive over-performance,2148.2047774317084,3641.4881139948034,106,87,0.4507772020725389
MYS,Malaysia,1283.0078,2264.770533286546,-981.7627332865461,better-than-expected shock burden / adaptive over-performance,1680.4019411629843,2841.5929799951455,106,87,0.4507772020725389
TJK,Tajikistan,1522.2467,2925.5015212413914,-1403.2548212413915,better-than-expected shock burden / adaptive over-performance,2179.614419796443,4292.7459838527875,106,87,0.4507772020725389
MUS,Mauritius,1459.971,2412.5013362971295,-952.5303362971295,better-than-expected shock burden / adaptive over-performance,1861.383714099649,3162.1766694058224,106,87,0.4507772020725389
ARM,Armenia,8041.9443,4910.701944743561,3131.2423552564387,worse-than-expected shock burden / capacity under-realization,4078.732598119247,5556.225241124012,106,87,0.4507772020725389
MEX,Mexico,5406.9375,3017.5292582103425,2389.4082417896575,worse-than-expected shock burden / capacity under-realization,2351.833647836383,3599.367563285318,106,87,0.4507772020725389
BHS,"Bahamas, The",2630.4177,3164.1509405200522,-533.7332405200523,better-than-expected shock burden / adaptive over-performance,2415.9878607524392,4193.926821877618,106,87,0.4507772020725389
BTN,Bhutan,302.12527,1829.5218735077842,-1527.3966035077842,better-than-expected shock burden / adaptive over-performance,1205.0631041986906,2735.2452265242496,106,87,0.4507772020725389
JAM,Jamaica,2040.6863,3130.6037995752968,-1089.9174995752967,better-than-expected shock burden / adaptive over-performance,2394.705250200885,3902.1910883640944,106,87,0.4507772020725389
LBN,Lebanon,2354.6365,1869.6268118259516,485.0096881740485,worse-than-expected shock burden / capacity under-realization,1337.9801614507,2501.1118453328427,106,87,0.4507772020725389
PRY,Paraguay,4178.656,3113.909273794001,1064.746726205999,worse-than-expected shock burden / capacity under-realization,2409.6955253809474,3789.327574467366,106,87,0.4507772020725389
FJI,Fiji,2112.3386,3713.7046679833056,-1601.3660679833056,better-than-expected shock burden / adaptive over-performance,2721.8096833041855,5116.9916130860565,106,87,0.4507772020725389
PER,Peru,5901.3433,3649.5150617570553,2251.828238242945,worse-than-expected shock burden / capacity under-realization,3027.222896126331,4358.19726831669,106,87,0.4507772020725389
CPV,Cabo Verde,1312.6262,2478.3507868367083,-1165.7245868367083,better-than-expected shock burden / adaptive over-performance,1909.005094002987,3315.9920994420354,106,87,0.4507772020725389
MNG,Mongolia,211.21863,4120.190967719567,-3908.9723377195673,better-than-expected shock burden / adaptive over-performance,2816.648845076735,5965.838449921517,106,87,0.4507772020725389
SUR,Suriname,3481.618,4238.093177757436,-756.4751777574361,better-than-expected shock burden / adaptive over-performance,3259.995752434926,5668.2392348772655,106,87,0.4507772020725389
EGY,"Egypt, Arab Rep.",2995.015,2595.8350728984283,399.1799271015716,worse-than-expected shock burden / capacity under-realization,1949.9084149061066,3526.494728564635,106,87,0.4507772020725389
AZE,Azerbaijan,3777.4768,4120.190379172456,-342.7135791724563,better-than-expected shock burden / adaptive over-performance,3299.22323886309,4724.291740751017,106,87,0.4507772020725389
UKR,Ukraine,4533.1055,6272.766737364015,-1739.6612373640155,better-than-expected shock burden / adaptive over-performance,5255.828095401404,7282.3199433405025,106,87,0.4507772020725389
DOM,Dominican Republic,907.20123,3329.837518104242,-2422.636288104242,better-than-expected shock burden / adaptive over-performance,2613.1239510850087,4023.0274148070002,106,87,0.4507772020725389
BOL,Bolivia,5224.8447,3094.1509060260496,2130.69379397395,worse-than-expected shock burden / capacity under-realization,2346.6999577553565,4245.348730940954,106,87,0.4507772020725389
GTM,Guatemala,2760.5828,3286.391314642447,-525.8085146424469,better-than-expected shock burden / adaptive over-performance,2542.185857528667,4001.6738239055167,106,87,0.4507772020725389
PHL,Philippines,2245.3413,2673.130806366826,-427.7895063668261,better-than-expected shock burden / adaptive over-performance,1975.4314435222032,3743.9698349917926,106,87,0.4507772020725389
ZAF,South Africa,4671.983,4483.8626840220295,188.12031597797068,worse-than-expected shock burden / capacity under-realization,3409.398502733498,6307.991399756934,106,87,0.4507772020725389
NAM,Namibia,1225.8562,3815.9162596472643,-2590.060059647264,better-than-expected shock burden / adaptive over-performance,2402.9727741430406,6318.093501356698,106,87,0.4507772020725389
