iso3,country,region,income_group,potential_capacity_score,capacity_score,preparedness_score,vulnerability_score,equity_access_score,method_disagreement_index,expanded_feature_missing_rate,evidence_variant,outcome,observed_outcome,predicted_outcome,realized_resilience_gap,conversion_efficiency_zscore,observed_shock_burden,conversion_profile,main_bottleneck_block,n,coverage_count,missing_count_from_potential_capacity_sample,missing_rate_from_potential_capacity_sample,missing_count,missing_rate,source_provenance
NOR,Norway,Europe & Central Asia,High income,0.8312568747423993,0.8893379752351854,0.8433625462607695,0.811761696495954,0.7805652809776883,0.0104166666666666,0.0384615384615384,ghs_enhanced_owid,owid_excess_mortality_2020_2022,1072.0009,2482.8748750673135,-1410.8739750673135,0.8762506077879808,1072.0009,effective converters,equity_access,106,106,87,0.4507772020725389,87,0.4507772020725389,official GHS raw CSV https://ghsindex.org/wp-content/uploads/2022/04/2021-GHS-Index-April-2022.csv; local file data/raw/ghs/ghs_index_2019.csv; parsed Year == 2019; verify license before publication
DEU,Germany,Europe & Central Asia,High income,0.838815839454,0.9836246709352092,0.8606812563432362,0.7063349549289141,0.8046224756086403,0.0213541666666666,0.0384615384615384,ghs_enhanced_owid,owid_excess_mortality_2020_2022,2179.8662,3128.7663363589368,-948.9001363589368,0.5893328078256928,2179.8662,effective converters,vulnerability,106,106,87,0.4507772020725389,87,0.4507772020725389,official GHS raw CSV https://ghsindex.org/wp-content/uploads/2022/04/2021-GHS-Index-April-2022.csv; local file data/raw/ghs/ghs_index_2019.csv; parsed Year == 2019; verify license before publication
SWE,Sweden,Europe & Central Asia,High income,0.8287926245381454,0.8642630286716789,0.878473342144046,0.7824609132483888,0.7899732140884674,0.0520833333333333,0.0384615384615384,ghs_enhanced_owid,owid_excess_mortality_2020_2022,1389.8391,3119.747250987172,-1729.908150987172,1.074392961743851,1389.8391,effective converters,vulnerability,106,106,87,0.4507772020725389,87,0.4507772020725389,official GHS raw CSV https://ghsindex.org/wp-content/uploads/2022/04/2021-GHS-Index-April-2022.csv; local file data/raw/ghs/ghs_index_2019.csv; parsed Year == 2019; verify license before publication
JPN,Japan,East Asia & Pacific,High income,0.8079998259031065,0.8801047100926818,0.8201008813958399,0.7014535847653254,0.8303401273585788,0.0427083333333332,0.0769230769230769,ghs_enhanced_owid,owid_excess_mortality_2020_2022,859.7607,3197.143164356309,-2337.3824643563094,1.4516766495231912,859.7607,effective converters,vulnerability,106,106,87,0.4507772020725389,87,0.4507772020725389,official GHS raw CSV https://ghsindex.org/wp-content/uploads/2022/04/2021-GHS-Index-April-2022.csv; local file data/raw/ghs/ghs_index_2019.csv; parsed Year == 2019; verify license before publication
FRA,France,Europe & Central Asia,High income,0.8174928061762134,0.8816586691752235,0.8236659692432649,0.7485342291560318,0.8161123571303338,0.05234375,0.0384615384615384,ghs_enhanced_owid,owid_excess_mortality_2020_2022,1838.9587,2973.207983356718,-1134.2492833567183,0.7044474853801079,1838.9587,effective converters,vulnerability,106,106,87,0.4507772020725389,87,0.4507772020725389,official GHS raw CSV https://ghsindex.org/wp-content/uploads/2022/04/2021-GHS-Index-April-2022.csv; local file data/raw/ghs/ghs_index_2019.csv; parsed Year == 2019; verify license before publication
AUS,Australia,East Asia & Pacific,High income,0.8296804813293102,0.8291484874562962,0.9138297636908184,0.806195960811031,0.7695477133590953,0.0627604166666666,0.0384615384615384,ghs_enhanced_owid,owid_excess_mortality_2020_2022,927.5937,1693.5961529625251,-766.0024529625251,0.47574065922044756,927.5937,effective converters,equity_access,106,106,87,0.4507772020725389,87,0.4507772020725389,official GHS raw CSV https://ghsindex.org/wp-content/uploads/2022/04/2021-GHS-Index-April-2022.csv; local file data/raw/ghs/ghs_index_2019.csv; parsed Year == 2019; verify license before publication
DNK,Denmark,Europe & Central Asia,High income,0.8149025201187946,0.8524434355787608,0.8763956004751361,0.728529526762817,0.8022415176584646,0.0833333333333333,0.0384615384615384,ghs_enhanced_owid,owid_excess_mortality_2020_2022,674.96173,2916.1350865610348,-2241.173356561035,1.3919241197649423,674.96173,effective converters,vulnerability,106,106,87,0.4507772020725389,87,0.4507772020725389,official GHS raw CSV https://ghsindex.org/wp-content/uploads/2022/04/2021-GHS-Index-April-2022.csv; local file data/raw/ghs/ghs_index_2019.csv; parsed Year == 2019; verify license before publication
BEL,Belgium,Europe & Central Asia,High income,0.7998159219871059,0.9142151453801022,0.8439250617935659,0.6881062591222258,0.7530172216525302,0.1007812499999999,0.0384615384615384,ghs_enhanced_owid,owid_excess_mortality_2020_2022,2334.5127,2919.380947039218,-584.8682470392177,0.36324375245461205,2334.5127,effective converters,vulnerability,106,106,87,0.4507772020725389,87,0.4507772020725389,official GHS raw CSV https://ghsindex.org/wp-content/uploads/2022/04/2021-GHS-Index-April-2022.csv; local file data/raw/ghs/ghs_index_2019.csv; parsed Year == 2019; verify license before publication
AUT,Austria,Europe & Central Asia,High income,0.8008945084953951,0.9136190221246516,0.7794482130298896,0.7733998042913311,0.737110994535708,0.0682291666666666,0.0769230769230769,ghs_enhanced_owid,owid_excess_mortality_2020_2022,2567.4924,2733.31283605327,-165.82043605327,0.10298599339350198,2567.4924,capacity under-realizers,equity_access,106,106,87,0.4507772020725389,87,0.4507772020725389,official GHS raw CSV https://ghsindex.org/wp-content/uploads/2022/04/2021-GHS-Index-April-2022.csv; local file data/raw/ghs/ghs_index_2019.csv; parsed Year == 2019; verify license before publication
ISL,Iceland,Europe & Central Asia,High income,0.7701820401208012,0.7553247390699022,0.7135847476184152,0.8111782215564786,0.800640452238409,0.0572916666666666,0.0384615384615384,ghs_enhanced_owid,owid_excess_mortality_2020_2022,1134.6113,2841.8265967116995,-1707.2152967116995,1.0602991250846427,1134.6113,effective converters,preparedness,106,106,87,0.4507772020725389,87,0.4507772020725389,official GHS raw CSV https://ghsindex.org/wp-content/uploads/2022/04/2021-GHS-Index-April-2022.csv; local file data/raw/ghs/ghs_index_2019.csv; parsed Year == 2019; verify license before publication
FIN,Finland,Europe & Central Asia,High income,0.8125456213904731,0.7847361384939117,0.8996157248309282,0.7855510164736608,0.7802796057633915,0.0520833333333333,0.0769230769230769,ghs_enhanced_owid,owid_excess_mortality_2020_2022,1876.0293,3503.4827531377227,-1627.4534531377228,1.010761487318908,1876.0293,effective converters,equity_access,106,106,87,0.4507772020725389,87,0.4507772020725389,official GHS raw CSV https://ghsindex.org/wp-content/uploads/2022/04/2021-GHS-Index-April-2022.csv; local file data/raw/ghs/ghs_index_2019.csv; parsed Year == 2019; verify license before publication
LUX,Luxembourg,Europe & Central Asia,High income,0.759727945319763,0.6792069728068933,0.7638223329654863,0.7630458643046747,0.8328366112019977,0.0679687499999999,0.0384615384615384,ghs_enhanced_owid,owid_excess_mortality_2020_2022,-259.57343,1868.4462027953286,-2128.0196327953286,1.3216478080777536,-259.57343,effective converters,capacity,106,106,87,0.4507772020725389,87,0.4507772020725389,official GHS raw CSV https://ghsindex.org/wp-content/uploads/2022/04/2021-GHS-Index-April-2022.csv; local file data/raw/ghs/ghs_index_2019.csv; parsed Year == 2019; verify license before publication
CZE,Czechia,Europe & Central Asia,High income,0.7684058937348468,0.7306943708589259,0.7907388001131652,0.7031982734362339,0.8489921305310624,0.03671875,0.0769230769230769,ghs_enhanced_owid,owid_excess_mortality_2020_2022,4400.776,3439.947291941674,960.8287080583259,-0.59674127831019,4400.776,capacity under-realizers,vulnerability,106,106,87,0.4507772020725389,87,0.4507772020725389,official GHS raw CSV https://ghsindex.org/wp-content/uploads/2022/04/2021-GHS-Index-April-2022.csv; local file data/raw/ghs/ghs_index_2019.csv; parsed Year == 2019; verify license before publication
USA,United States,North America,High income,0.8077503397279306,0.8550311559518963,0.9219569538432968,0.7324631956840566,0.721550053432473,0.1007812499999998,0.0769230769230769,ghs_enhanced_owid,owid_excess_mortality_2020_2022,3758.817,1653.5568463935972,2105.260153606403,-1.3075125927256643,3758.817,capacity under-realizers,equity_access,106,106,87,0.4507772020725389,87,0.4507772020725389,official GHS raw CSV https://ghsindex.org/wp-content/uploads/2022/04/2021-GHS-Index-April-2022.csv; local file data/raw/ghs/ghs_index_2019.csv; parsed Year == 2019; verify license before publication
SVN,Slovenia,Europe & Central Asia,High income,0.7915032452961444,0.6779266272763665,0.877084578551136,0.773573339196457,0.8374284361606179,0.0992187499999999,0.0384615384615384,ghs_enhanced_owid,owid_excess_mortality_2020_2022,2868.0425,2988.4073284596834,-120.3648284596834,0.07475490792085948,2868.0425,capacity under-realizers,capacity,106,106,87,0.4507772020725389,87,0.4507772020725389,official GHS raw CSV https://ghsindex.org/wp-content/uploads/2022/04/2021-GHS-Index-April-2022.csv; local file data/raw/ghs/ghs_index_2019.csv; parsed Year == 2019; verify license before publication
NZL,New Zealand,East Asia & Pacific,High income,0.7676017564028979,0.6743030036937113,0.7767392991584139,0.793972891705199,0.8253918310542672,0.0583333333333333,0.0384615384615384,ghs_enhanced_owid,owid_excess_mortality_2020_2022,-91.14247,1670.6856562290764,-1761.8281262290764,1.094217480588606,-91.14247,effective converters,capacity,106,106,87,0.4507772020725389,87,0.4507772020725389,official GHS raw CSV https://ghsindex.org/wp-content/uploads/2022/04/2021-GHS-Index-April-2022.csv; local file data/raw/ghs/ghs_index_2019.csv; parsed Year == 2019; verify license before publication
CHE,Switzerland,Europe & Central Asia,High income,0.7739643343878394,0.8352090043731014,0.8320168030828103,0.7646785951566378,0.6639529349388084,0.1825520833333333,0.0384615384615384,ghs_enhanced_owid,owid_excess_mortality_2020_2022,2020.4288,2589.3956022457696,-568.9668022457697,0.3533678521891038,2020.4288,effective converters,equity_access,106,106,87,0.4507772020725389,87,0.4507772020725389,official GHS raw CSV https://ghsindex.org/wp-content/uploads/2022/04/2021-GHS-Index-April-2022.csv; local file data/raw/ghs/ghs_index_2019.csv; parsed Year == 2019; verify license before publication
IRL,Ireland,Europe & Central Asia,High income,0.7623172594287673,0.694201995616675,0.7708421911094112,0.8315798802336001,0.7526449707553831,0.0523437499999999,0.0384615384615384,ghs_enhanced_owid,owid_excess_mortality_2020_2022,1580.8341,1820.504744472139,-239.67064447213897,0.14885209565059093,1580.8341,effective converters,capacity,106,106,87,0.4507772020725389,87,0.4507772020725389,official GHS raw CSV https://ghsindex.org/wp-content/uploads/2022/04/2021-GHS-Index-April-2022.csv; local file data/raw/ghs/ghs_index_2019.csv; parsed Year == 2019; verify license before publication
CAN,Canada,North America,High income,0.7885595606149969,0.751060450017869,0.844866496913762,0.7919311320519059,0.7663801634764503,0.0520833333333333,0.0384615384615384,ghs_enhanced_owid,owid_excess_mortality_2020_2022,1420.5111,2277.203386420091,-856.6922864200912,0.5320653367548756,1420.5111,effective converters,capacity,106,106,87,0.4507772020725389,87,0.4507772020725389,official GHS raw CSV https://ghsindex.org/wp-content/uploads/2022/04/2021-GHS-Index-April-2022.csv; local file data/raw/ghs/ghs_index_2019.csv; parsed Year == 2019; verify license before publication
NLD,Netherlands,Europe & Central Asia,High income,0.7811489607276895,0.7946422085942241,0.8711116673614059,0.6649056239430973,0.7939363430120309,0.0765624999999998,0.0384615384615384,ghs_enhanced_owid,owid_excess_mortality_2020_2022,2329.8596,3006.9085965271274,-677.0489965271277,0.4204943922654987,2329.8596,effective converters,vulnerability,106,106,87,0.4507772020725389,87,0.4507772020725389,official GHS raw CSV https://ghsindex.org/wp-content/uploads/2022/04/2021-GHS-Index-April-2022.csv; local file data/raw/ghs/ghs_index_2019.csv; parsed Year == 2019; verify license before publication
MDV,Maldives,South Asia,Upper middle income,0.6985040918276869,0.5428082750870333,0.6195940765123158,0.7980405859266773,0.8335734297847213,0.2039062499999999,0.0,ghs_enhanced_owid,owid_excess_mortality_2020_2022,1109.1743,159.8136806528346,949.3606193471653,-0.5896187997040895,1109.1743,capacity under-realizers,capacity,106,106,87,0.4507772020725389,87,0.4507772020725389,official GHS raw CSV https://ghsindex.org/wp-content/uploads/2022/04/2021-GHS-Index-April-2022.csv; local file data/raw/ghs/ghs_index_2019.csv; parsed Year == 2019; verify license before publication
GBR,United Kingdom,Europe & Central Asia,High income,0.7729608211889547,0.7043249696725941,0.8689649319965875,0.7163281258832328,0.8022252572034044,0.0593749999999998,0.0384615384615384,ghs_enhanced_owid,owid_excess_mortality_2020_2022,2703.8333,2953.4171960645112,-249.58389606451146,0.1550089125502415,2703.8333,capacity under-realizers,capacity,106,106,87,0.4507772020725389,87,0.4507772020725389,official GHS raw CSV https://ghsindex.org/wp-content/uploads/2022/04/2021-GHS-Index-April-2022.csv; local file data/raw/ghs/ghs_index_2019.csv; parsed Year == 2019; verify license before publication
ESP,Spain,Europe & Central Asia,High income,0.7468752139384819,0.6449209188532831,0.8279511617036448,0.7745812685503448,0.7400475066466544,0.09375,0.0384615384615384,ghs_enhanced_owid,owid_excess_mortality_2020_2022,2906.9697,3214.8240007165364,-307.8543007165363,0.19119887593088447,2906.9697,capacity under-realizers,capacity,106,106,87,0.4507772020725389,87,0.4507772020725389,official GHS raw CSV https://ghsindex.org/wp-content/uploads/2022/04/2021-GHS-Index-April-2022.csv; local file data/raw/ghs/ghs_index_2019.csv; parsed Year == 2019; verify license before publication
SVK,Slovak Republic,Europe & Central Asia,High income,0.727005710186271,0.5938029528903954,0.7684754623050284,0.7173988313513748,0.8283455941982859,0.0942708333333333,0.0384615384615384,ghs_enhanced_owid,owid_excess_mortality_2020_2022,5343.659,3128.5441124152494,2215.1148875847502,-1.3757400029111284,5343.659,capacity under-realizers,capacity,106,106,87,0.4507772020725389,87,0.4507772020725389,official GHS raw CSV https://ghsindex.org/wp-content/uploads/2022/04/2021-GHS-Index-April-2022.csv; local file data/raw/ghs/ghs_index_2019.csv; parsed Year == 2019; verify license before publication
PRT,Portugal,Europe & Central Asia,High income,0.7387383583204691,0.670886260568819,0.8211954464441286,0.7702644180338383,0.6926073082350904,0.0598958333333331,0.0384615384615384,ghs_enhanced_owid,owid_excess_mortality_2020_2022,2965.186,3676.7053225760797,-711.5193225760795,0.4419028558737404,2965.186,capacity under-realizers,capacity,106,106,87,0.4507772020725389,87,0.4507772020725389,official GHS raw CSV https://ghsindex.org/wp-content/uploads/2022/04/2021-GHS-Index-April-2022.csv; local file data/raw/ghs/ghs_index_2019.csv; parsed Year == 2019; verify license before publication
HRV,Croatia,Europe & Central Asia,High income,0.7222030494865792,0.5929113746534783,0.7271231689270141,0.7116733195238027,0.8571043348420216,0.0682291666666666,0.0384615384615384,ghs_enhanced_owid,owid_excess_mortality_2020_2022,5616.296,4099.233473402511,1517.0625265974895,-0.9422010643579958,5616.296,capacity under-realizers,capacity,106,106,87,0.4507772020725389,87,0.4507772020725389,official GHS raw CSV https://ghsindex.org/wp-content/uploads/2022/04/2021-GHS-Index-April-2022.csv; local file data/raw/ghs/ghs_index_2019.csv; parsed Year == 2019; verify license before publication
AND,Andorra,Europe & Central Asia,High income,0.6803566705286501,0.5645719971529731,0.6247083320933065,0.7390831156505907,0.79306323721773,0.0791666666666666,0.1538461538461538,ghs_enhanced_owid,owid_excess_mortality_2020_2022,1773.4039,2650.2333183257847,-876.8294183257847,0.544571892537527,1773.4039,effective converters,capacity,106,106,87,0.4507772020725389,87,0.4507772020725389,official GHS raw CSV https://ghsindex.org/wp-content/uploads/2022/04/2021-GHS-Index-April-2022.csv; local file data/raw/ghs/ghs_index_2019.csv; parsed Year == 2019; verify license before publication
ITA,Italy,Europe & Central Asia,High income,0.7220711902416209,0.6492379606677942,0.7412896335629988,0.7573050759114517,0.7404520908242386,0.1109374999999999,0.0384615384615384,ghs_enhanced_owid,owid_excess_mortality_2020_2022,4042.4766,3753.5849086338076,288.8916913661924,-0.17942178012918963,4042.4766,capacity under-realizers,capacity,106,106,87,0.4507772020725389,87,0.4507772020725389,official GHS raw CSV https://ghsindex.org/wp-content/uploads/2022/04/2021-GHS-Index-April-2022.csv; local file data/raw/ghs/ghs_index_2019.csv; parsed Year == 2019; verify license before publication
URY,Uruguay,Latin America & Caribbean ,High income,0.693096147067719,0.6041402553582664,0.652786527548515,0.6871293162808386,0.828328489083256,0.1197916666666666,0.0769230769230769,ghs_enhanced_owid,owid_excess_mortality_2020_2022,2126.0981,3012.914586588215,-886.816486588215,0.550774554709786,2126.0981,effective converters,capacity,106,106,87,0.4507772020725389,87,0.4507772020725389,official GHS raw CSV https://ghsindex.org/wp-content/uploads/2022/04/2021-GHS-Index-April-2022.csv; local file data/raw/ghs/ghs_index_2019.csv; parsed Year == 2019; verify license before publication
BLR,Belarus,Europe & Central Asia,Upper middle income,0.6862554118857113,0.6506495746089037,0.6920527093603058,0.6122043999499703,0.7901149636236653,0.0885416666666666,0.0769230769230769,ghs_enhanced_owid,owid_excess_mortality_2020_2022,9591.885,5071.638814455456,4520.2461855445445,-2.8073864409085383,9591.885,capacity under-realizers,vulnerability,106,106,87,0.4507772020725389,87,0.4507772020725389,official GHS raw CSV https://ghsindex.org/wp-content/uploads/2022/04/2021-GHS-Index-April-2022.csv; local file data/raw/ghs/ghs_index_2019.csv; parsed Year == 2019; verify license before publication
QAT,Qatar,"Middle East, North Africa, Afghanistan & Pakistan",High income,0.6843427479834072,0.3429346613064137,0.728091691619142,0.7087091624784967,0.9576354765295764,0.1893229166666666,0.0,ghs_enhanced_owid,owid_excess_mortality_2020_2022,519.23267,-200.55114377577956,719.7838137757795,-0.4470356781986041,519.23267,capacity under-realizers,capacity,106,106,87,0.4507772020725389,87,0.4507772020725389,official GHS raw CSV https://ghsindex.org/wp-content/uploads/2022/04/2021-GHS-Index-April-2022.csv; local file data/raw/ghs/ghs_index_2019.csv; parsed Year == 2019; verify license before publication
ISR,Israel,"Middle East, North Africa, Afghanistan & Pakistan",High income,0.694232445257916,0.5279205804875065,0.760206090170827,0.7264596774701316,0.7623434329031993,0.0953124999999999,0.0769230769230769,ghs_enhanced_owid,owid_excess_mortality_2020_2022,1356.6249,1410.8935051732842,-54.268605173284186,0.03370456830818491,1356.6249,effective converters,capacity,106,106,87,0.4507772020725389,87,0.4507772020725389,official GHS raw CSV https://ghsindex.org/wp-content/uploads/2022/04/2021-GHS-Index-April-2022.csv; local file data/raw/ghs/ghs_index_2019.csv; parsed Year == 2019; verify license before publication
MLT,Malta,"Middle East, North Africa, Afghanistan & Pakistan",High income,0.6738709639125446,0.6949066120095724,0.6715950849159655,0.64959822247046,0.6793839362541803,0.3864583333333333,0.0384615384615384,ghs_enhanced_owid,owid_excess_mortality_2020_2022,1495.4257,2650.5783112719346,-1155.1526112719346,0.7174299020340305,1495.4257,uncertain / data-limited systems,vulnerability,106,106,87,0.4507772020725389,87,0.4507772020725389,official GHS raw CSV https://ghsindex.org/wp-content/uploads/2022/04/2021-GHS-Index-April-2022.csv; local file data/raw/ghs/ghs_index_2019.csv; parsed Year == 2019; verify license before publication
HUN,Hungary,Europe & Central Asia,High income,0.6948542966112268,0.592121438040106,0.8036657663369151,0.6280352282588941,0.7555947538089919,0.140625,0.0769230769230769,ghs_enhanced_owid,owid_excess_mortality_2020_2022,4209.2827,4411.548768364239,-202.2660683642389,0.12562125921317244,4209.2827,capacity under-realizers,capacity,106,106,87,0.4507772020725389,87,0.4507772020725389,official GHS raw CSV https://ghsindex.org/wp-content/uploads/2022/04/2021-GHS-Index-April-2022.csv; local file data/raw/ghs/ghs_index_2019.csv; parsed Year == 2019; verify license before publication
ARG,Argentina,Latin America & Caribbean ,Upper middle income,0.7124646130070503,0.6546176521084986,0.7432699769973026,0.7004171361212989,0.7515536868011014,0.171875,0.0384615384615384,ghs_enhanced_owid,owid_excess_mortality_2020_2022,4112.5483,3160.55417713861,951.9941228613902,-0.5912543880668567,4112.5483,capacity under-realizers,capacity,106,106,87,0.4507772020725389,87,0.4507772020725389,official GHS raw CSV https://ghsindex.org/wp-content/uploads/2022/04/2021-GHS-Index-April-2022.csv; local file data/raw/ghs/ghs_index_2019.csv; parsed Year == 2019; verify license before publication
ARE,United Arab Emirates,"Middle East, North Africa, Afghanistan & Pakistan",High income,0.6632101888810534,0.3453668031427175,0.7017166263925695,0.7977547814356623,0.8080025445532645,0.1830729166666666,0.0384615384615384,ghs_enhanced_owid,owid_excess_mortality_2020_2022,607.97754,-251.09939057901875,859.0769305790187,-0.5335463661951683,607.97754,capacity under-realizers,capacity,106,106,87,0.4507772020725389,87,0.4507772020725389,official GHS raw CSV https://ghsindex.org/wp-content/uploads/2022/04/2021-GHS-Index-April-2022.csv; local file data/raw/ghs/ghs_index_2019.csv; parsed Year == 2019; verify license before publication
KWT,Kuwait,"Middle East, North Africa, Afghanistan & Pakistan",High income,0.6673583613260101,0.395799648377058,0.6805914708341791,0.7128524493659094,0.880189876726894,0.1429687499999999,0.0384615384615384,ghs_enhanced_owid,owid_excess_mortality_2020_2022,1601.9636,409.78332129976025,1192.1802787002398,-0.7404266520360814,1601.9636,capacity under-realizers,capacity,106,106,87,0.4507772020725389,87,0.4507772020725389,official GHS raw CSV https://ghsindex.org/wp-content/uploads/2022/04/2021-GHS-Index-April-2022.csv; local file data/raw/ghs/ghs_index_2019.csv; parsed Year == 2019; verify license before publication
POL,Poland,Europe & Central Asia,High income,0.6960963117906322,0.5407322335707355,0.7782504469480068,0.6856895491234622,0.7797130175203245,0.0520833333333333,0.0769230769230769,ghs_enhanced_owid,owid_excess_mortality_2020_2022,4447.032,3655.985432735002,791.046567264998,-0.491294791458237,4447.032,capacity under-realizers,capacity,106,106,87,0.4507772020725389,87,0.4507772020725389,official GHS raw CSV https://ghsindex.org/wp-content/uploads/2022/04/2021-GHS-Index-April-2022.csv; local file data/raw/ghs/ghs_index_2019.csv; parsed Year == 2019; verify license before publication
GRC,Greece,Europe & Central Asia,High income,0.6814655767161519,0.5648799319924448,0.7663387634972417,0.737662296654285,0.6569813147206365,0.2244791666666666,0.0384615384615384,ghs_enhanced_owid,owid_excess_mortality_2020_2022,3676.7937,4340.000772102561,-663.2070721025611,0.41189759701353224,3676.7937,uncertain / data-limited systems,capacity,106,106,87,0.4507772020725389,87,0.4507772020725389,official GHS raw CSV https://ghsindex.org/wp-content/uploads/2022/04/2021-GHS-Index-April-2022.csv; local file data/raw/ghs/ghs_index_2019.csv; parsed Year == 2019; verify license before publication
OMN,Oman,"Middle East, North Africa, Afghanistan & Pakistan",High income,0.6621894674460524,0.2724264016816877,0.70447324201598,0.7426942829021415,0.9291639431844008,0.3088541666666666,0.0,ghs_enhanced_owid,owid_excess_mortality_2020_2022,958.591,1072.2713344897343,-113.68033448973426,0.07060337347665545,958.591,uncertain / data-limited systems,capacity,106,106,87,0.4507772020725389,87,0.4507772020725389,official GHS raw CSV https://ghsindex.org/wp-content/uploads/2022/04/2021-GHS-Index-April-2022.csv; local file data/raw/ghs/ghs_index_2019.csv; parsed Year == 2019; verify license before publication
CRI,Costa Rica,Latin America & Caribbean ,High income,0.6675014249185817,0.3614080256350851,0.664297711321451,0.785519586875447,0.8587803758423436,0.22421875,0.0,ghs_enhanced_owid,owid_excess_mortality_2020_2022,1545.6193,1395.6600524259507,149.9592475740494,-0.09313509509162173,1545.6193,uncertain / data-limited systems,capacity,106,106,87,0.4507772020725389,87,0.4507772020725389,official GHS raw CSV https://ghsindex.org/wp-content/uploads/2022/04/2021-GHS-Index-April-2022.csv; local file data/raw/ghs/ghs_index_2019.csv; parsed Year == 2019; verify license before publication
BRN,Brunei Darussalam,East Asia & Pacific,High income,0.6479183103310182,0.300471754304953,0.6194994756632539,0.7571481108901569,0.9145539004657092,0.2921875,0.0769230769230769,ghs_enhanced_owid,owid_excess_mortality_2020_2022,1141.6431,369.99671417887043,771.6463858211296,-0.4792459330330359,1141.6431,uncertain / data-limited systems,capacity,106,106,87,0.4507772020725389,87,0.4507772020725389,official GHS raw CSV https://ghsindex.org/wp-content/uploads/2022/04/2021-GHS-Index-April-2022.csv; local file data/raw/ghs/ghs_index_2019.csv; parsed Year == 2019; verify license before publication
EST,Estonia,Europe & Central Asia,High income,0.699703311455274,0.5583626360146948,0.7543878844076791,0.7127758379727243,0.7732868874259978,0.0885416666666666,0.0384615384615384,ghs_enhanced_owid,owid_excess_mortality_2020_2022,3296.8997,4259.200688802284,-962.3009888022843,0.5976556667811145,3296.8997,capacity under-realizers,capacity,106,106,87,0.4507772020725389,87,0.4507772020725389,official GHS raw CSV https://ghsindex.org/wp-content/uploads/2022/04/2021-GHS-Index-April-2022.csv; local file data/raw/ghs/ghs_index_2019.csv; parsed Year == 2019; verify license before publication
KOR,"Korea, Rep.",East Asia & Pacific,High income,0.7062762374003921,0.5926042318721941,0.860314046323964,0.6950238954767094,0.6771627759287008,0.2104166666666662,0.0769230769230769,ghs_enhanced_owid,owid_excess_mortality_2020_2022,1248.7174,1515.3624330637267,-266.6450330637267,0.1656050621208671,1248.7174,effective converters,capacity,106,106,87,0.4507772020725389,87,0.4507772020725389,official GHS raw CSV https://ghsindex.org/wp-content/uploads/2022/04/2021-GHS-Index-April-2022.csv; local file data/raw/ghs/ghs_index_2019.csv; parsed Year == 2019; verify license before publication
LTU,Lithuania,Europe & Central Asia,High income,0.6865067337808028,0.6577686111667523,0.7547884672110645,0.6432972568930223,0.690172599852372,0.2395833333333333,0.0384615384615384,ghs_enhanced_owid,owid_excess_mortality_2020_2022,8358.042,4645.278887099614,3712.7631129003857,-2.3058834394450716,8358.042,uncertain / data-limited systems,vulnerability,106,106,87,0.4507772020725389,87,0.4507772020725389,official GHS raw CSV https://ghsindex.org/wp-content/uploads/2022/04/2021-GHS-Index-April-2022.csv; local file data/raw/ghs/ghs_index_2019.csv; parsed Year == 2019; verify license before publication
ATG,Antigua and Barbuda,Latin America & Caribbean ,High income,0.6316985778533936,0.3794933092931326,0.5910378070981679,0.768588140659134,0.7876750543631399,0.2627604166666665,0.0384615384615384,ghs_enhanced_owid,owid_excess_mortality_2020_2022,-654.30273,1306.3257608198091,-1960.628490819809,1.217686297350068,-654.30273,uncertain / data-limited systems,capacity,106,106,87,0.4507772020725389,87,0.4507772020725389,official GHS raw CSV https://ghsindex.org/wp-content/uploads/2022/04/2021-GHS-Index-April-2022.csv; local file data/raw/ghs/ghs_index_2019.csv; parsed Year == 2019; verify license before publication
COL,Colombia,Latin America & Caribbean ,Upper middle income,0.6675044109889315,0.354941997831947,0.7186226663675321,0.7619853913866848,0.8344675883695621,0.2158854166666666,0.0,ghs_enhanced_owid,owid_excess_mortality_2020_2022,3685.9177,2380.9725010223556,1304.9451989776444,-0.8104614897865791,3685.9177,capacity under-realizers,capacity,106,106,87,0.4507772020725389,87,0.4507772020725389,official GHS raw CSV https://ghsindex.org/wp-content/uploads/2022/04/2021-GHS-Index-April-2022.csv; local file data/raw/ghs/ghs_index_2019.csv; parsed Year == 2019; verify license before publication
KAZ,Kazakhstan,Europe & Central Asia,Upper middle income,0.6517499232360947,0.4097274500671538,0.7015463568925635,0.6673311737790726,0.8283947122055891,0.1458333333333333,0.0,ghs_enhanced_owid,owid_excess_mortality_2020_2022,4240.0146,4175.573581789711,64.44101821028926,-0.04002234244241964,4240.0146,capacity under-realizers,capacity,106,106,87,0.4507772020725389,87,0.4507772020725389,official GHS raw CSV https://ghsindex.org/wp-content/uploads/2022/04/2021-GHS-Index-April-2022.csv; local file data/raw/ghs/ghs_index_2019.csv; parsed Year == 2019; verify license before publication
ROU,Romania,Europe & Central Asia,High income,0.6608441029043126,0.5402628949409131,0.6461572116006156,0.6551166902891886,0.8018396147865335,0.0575520833333333,0.0384615384615384,ghs_enhanced_owid,owid_excess_mortality_2020_2022,5864.2363,4370.861441702323,1493.3748582976768,-0.9274893791815783,5864.2363,capacity under-realizers,capacity,106,106,87,0.4507772020725389,87,0.4507772020725389,official GHS raw CSV https://ghsindex.org/wp-content/uploads/2022/04/2021-GHS-Index-April-2022.csv; local file data/raw/ghs/ghs_index_2019.csv; parsed Year == 2019; verify license before publication
SMR,San Marino,Europe & Central Asia,High income,0.6338371211079608,0.5360174970735537,0.5599820659226349,0.6157987426654815,0.8235501787701727,0.3283854166666666,0.2307692307692307,ghs_enhanced_owid,owid_excess_mortality_2020_2022,3935.886,4179.233427008576,-243.34742700857578,0.15113563265615748,3935.886,uncertain / data-limited systems,capacity,106,106,87,0.4507772020725389,87,0.4507772020725389,official GHS raw CSV https://ghsindex.org/wp-content/uploads/2022/04/2021-GHS-Index-April-2022.csv; local file data/raw/ghs/ghs_index_2019.csv; parsed Year == 2019; verify license before publication
SYC,Seychelles,Sub-Saharan Africa ,High income,0.6193174290451005,0.3418739572172526,0.6399289369565252,0.6947525826676225,0.8007142393390014,0.2296874999999999,0.0769230769230769,ghs_enhanced_owid,owid_excess_mortality_2020_2022,-546.97345,808.8139207190686,-1355.7873707190686,0.8420380052493148,-546.97345,uncertain / data-limited systems,capacity,106,106,87,0.4507772020725389,87,0.4507772020725389,official GHS raw CSV https://ghsindex.org/wp-content/uploads/2022/04/2021-GHS-Index-April-2022.csv; local file data/raw/ghs/ghs_index_2019.csv; parsed Year == 2019; verify license before publication
RUS,Russian Federation,Europe & Central Asia,High income,0.6445636714514356,0.5920132945094181,0.7218696485303195,0.5837960444941198,0.6805756982718847,0.2453125,0.0769230769230769,ghs_enhanced_owid,owid_excess_mortality_2020_2022,8749.637,4902.74883600247,3846.8881639975307,-2.3891844001406293,8749.637,uncertain / data-limited systems,vulnerability,106,106,87,0.4507772020725389,87,0.4507772020725389,official GHS raw CSV https://ghsindex.org/wp-content/uploads/2022/04/2021-GHS-Index-April-2022.csv; local file data/raw/ghs/ghs_index_2019.csv; parsed Year == 2019; verify license before publication
CHL,Chile,Latin America & Caribbean ,High income,0.657328564565411,0.4368623179100732,0.7562668933784337,0.7529887957924098,0.6831962511807274,0.21875,0.0384615384615384,ghs_enhanced_owid,owid_excess_mortality_2020_2022,3120.594,2292.169853154917,828.4241468450832,-0.5145088611791918,3120.594,capacity under-realizers,capacity,106,106,87,0.4507772020725389,87,0.4507772020725389,official GHS raw CSV https://ghsindex.org/wp-content/uploads/2022/04/2021-GHS-Index-April-2022.csv; local file data/raw/ghs/ghs_index_2019.csv; parsed Year == 2019; verify license before publication
TUR,Turkiye,Europe & Central Asia,Upper middle income,0.6415475904097357,0.2751721568793997,0.7503954415393888,0.7097883253054541,0.8308344379147002,0.23984375,0.0769230769230769,ghs_enhanced_owid,owid_excess_mortality_2020_2022,2705.4653,3437.3769103021614,-731.9116103021615,0.4545678811204597,2705.4653,uncertain / data-limited systems,capacity,106,106,87,0.4507772020725389,87,0.4507772020725389,official GHS raw CSV https://ghsindex.org/wp-content/uploads/2022/04/2021-GHS-Index-April-2022.csv; local file data/raw/ghs/ghs_index_2019.csv; parsed Year == 2019; verify license before publication
BRA,Brazil,Latin America & Caribbean ,Upper middle income,0.654401976076027,0.4951594678053926,0.6893408481930303,0.7033599026092245,0.7297476856964605,0.14609375,0.0384615384615384,ghs_enhanced_owid,owid_excess_mortality_2020_2022,3766.584,3085.607256446078,680.976743553922,-0.4229337956284397,3766.584,capacity under-realizers,capacity,106,106,87,0.4507772020725389,87,0.4507772020725389,official GHS raw CSV https://ghsindex.org/wp-content/uploads/2022/04/2021-GHS-Index-April-2022.csv; local file data/raw/ghs/ghs_index_2019.csv; parsed Year == 2019; verify license before publication
SRB,Serbia,Europe & Central Asia,Upper middle income,0.6359025567119271,0.5668824894192857,0.6826978116100725,0.6337486862951238,0.6602812395232264,0.2299479166666666,0.0384615384615384,ghs_enhanced_owid,owid_excess_mortality_2020_2022,8464.41,5935.289347608881,2529.1206523911187,-1.5707593647555358,8464.41,uncertain / data-limited systems,capacity,106,106,87,0.4507772020725389,87,0.4507772020725389,official GHS raw CSV https://ghsindex.org/wp-content/uploads/2022/04/2021-GHS-Index-April-2022.csv; local file data/raw/ghs/ghs_index_2019.csv; parsed Year == 2019; verify license before publication
MKD,North Macedonia,Europe & Central Asia,Upper middle income,0.6319542909941591,0.4742074380793902,0.62125942626318,0.6819603288603566,0.7503899707737098,0.09453125,0.0,ghs_enhanced_owid,owid_excess_mortality_2020_2022,7957.562,4847.735992279993,3109.8260077200066,-1.9314176726872532,7957.562,structurally vulnerable systems,capacity,106,106,87,0.4507772020725389,87,0.4507772020725389,official GHS raw CSV https://ghsindex.org/wp-content/uploads/2022/04/2021-GHS-Index-April-2022.csv; local file data/raw/ghs/ghs_index_2019.csv; parsed Year == 2019; verify license before publication
CYP,Cyprus,Europe & Central Asia,High income,0.6267185706129477,0.4030870152886168,0.6772603005563305,0.8157477202878922,0.6107792463189511,0.1627604166666666,0.0769230769230769,ghs_enhanced_owid,owid_excess_mortality_2020_2022,1689.024,2612.5494880140254,-923.5254880140255,0.573573391019118,1689.024,adaptive over-performers,capacity,106,106,87,0.4507772020725389,87,0.4507772020725389,official GHS raw CSV https://ghsindex.org/wp-content/uploads/2022/04/2021-GHS-Index-April-2022.csv; local file data/raw/ghs/ghs_index_2019.csv; parsed Year == 2019; verify license before publication
BGR,Bulgaria,Europe & Central Asia,High income,0.6602593275257934,0.6008706829887424,0.8076348316628342,0.5947468983471923,0.637784897104405,0.3341145833333332,0.0384615384615384,ghs_enhanced_owid,owid_excess_mortality_2020_2022,10165.963,5343.831772429525,4822.131227570475,-2.9948779931180125,10165.963,uncertain / data-limited systems,vulnerability,106,106,87,0.4507772020725389,87,0.4507772020725389,official GHS raw CSV https://ghsindex.org/wp-content/uploads/2022/04/2021-GHS-Index-April-2022.csv; local file data/raw/ghs/ghs_index_2019.csv; parsed Year == 2019; verify license before publication
SGP,Singapore,East Asia & Pacific,High income,0.6460889774908809,0.4108830413712889,0.7872275006036574,0.7115127888790815,0.6747325791094959,0.3541666666666667,0.0384615384615384,ghs_enhanced_owid,owid_excess_mortality_2020_2022,972.30634,54.3935542060708,917.9127857939292,-0.5700875135994438,972.30634,uncertain / data-limited systems,capacity,106,106,87,0.4507772020725389,87,0.4507772020725389,official GHS raw CSV https://ghsindex.org/wp-content/uploads/2022/04/2021-GHS-Index-April-2022.csv; local file data/raw/ghs/ghs_index_2019.csv; parsed Year == 2019; verify license before publication
LVA,Latvia,Europe & Central Asia,High income,0.6481037522458587,0.5032232979013287,0.8050560142839915,0.6212809763928517,0.6628547204052629,0.2815104166666666,0.0384615384615384,ghs_enhanced_owid,owid_excess_mortality_2020_2022,5407.656,5226.539579189057,181.11642081094305,-0.11248586097734224,5407.656,uncertain / data-limited systems,capacity,106,106,87,0.4507772020725389,87,0.4507772020725389,official GHS raw CSV https://ghsindex.org/wp-content/uploads/2022/04/2021-GHS-Index-April-2022.csv; local file data/raw/ghs/ghs_index_2019.csv; parsed Year == 2019; verify license before publication
JOR,Jordan,"Middle East, North Africa, Afghanistan & Pakistan",Lower middle income,0.6106195108106978,0.3138518481233711,0.6814888569459259,0.7218043095294339,0.7253330286440602,0.2307291666666666,0.0384615384615384,ghs_enhanced_owid,owid_excess_mortality_2020_2022,1475.2865,1201.729219837147,273.557280162853,-0.16989804705703065,1475.2865,uncertain / data-limited systems,capacity,106,106,87,0.4507772020725389,87,0.4507772020725389,official GHS raw CSV https://ghsindex.org/wp-content/uploads/2022/04/2021-GHS-Index-April-2022.csv; local file data/raw/ghs/ghs_index_2019.csv; parsed Year == 2019; verify license before publication
NIC,Nicaragua,Latin America & Caribbean ,Lower middle income,0.6038351471549912,0.2706416633866143,0.6744153794590192,0.7426474199142016,0.7276361258601298,0.29921875,0.1538461538461538,ghs_enhanced_owid,owid_excess_mortality_2020_2022,2660.4993,1517.8932448139344,1142.6060551860655,-0.70963762037729,2660.4993,uncertain / data-limited systems,capacity,106,106,87,0.4507772020725389,87,0.4507772020725389,official GHS raw CSV https://ghsindex.org/wp-content/uploads/2022/04/2021-GHS-Index-April-2022.csv; local file data/raw/ghs/ghs_index_2019.csv; parsed Year == 2019; verify license before publication
TUN,Tunisia,"Middle East, North Africa, Afghanistan & Pakistan",Lower middle income,0.5896772731639605,0.25366575099988,0.6232771201162209,0.7339569865766812,0.7478092349630598,0.2041666666666667,0.0,ghs_enhanced_owid,owid_excess_mortality_2020_2022,2412.1658,1825.8440321620137,586.3217678379865,-0.3641464896982358,2412.1658,structurally vulnerable systems,capacity,106,106,87,0.4507772020725389,87,0.4507772020725389,official GHS raw CSV https://ghsindex.org/wp-content/uploads/2022/04/2021-GHS-Index-April-2022.csv; local file data/raw/ghs/ghs_index_2019.csv; parsed Year == 2019; verify license before publication
IRN,"Iran, Islamic Rep.","Middle East, North Africa, Afghanistan & Pakistan",Upper middle income,0.5974924840387326,0.2899006188927754,0.6827454151782296,0.7206501324705947,0.6966737696133306,0.1828124999999999,0.0769230769230769,ghs_enhanced_owid,owid_excess_mortality_2020_2022,3064.1272,2931.5020178386867,132.6251821613132,-0.08236943804374681,3064.1272,structurally vulnerable systems,capacity,106,106,87,0.4507772020725389,87,0.4507772020725389,official GHS raw CSV https://ghsindex.org/wp-content/uploads/2022/04/2021-GHS-Index-April-2022.csv; local file data/raw/ghs/ghs_index_2019.csv; parsed Year == 2019; verify license before publication
VCT,St. Vincent and the Grenadines,Latin America & Caribbean ,Upper middle income,0.589666335728561,0.3606948551024671,0.6302899427656503,0.5932353937819079,0.7744451512642184,0.17734375,0.0769230769230769,ghs_enhanced_owid,owid_excess_mortality_2020_2022,1232.5092,3697.6054607355813,-2465.0962607355814,1.5309957763040989,1232.5092,adaptive over-performers,capacity,106,106,87,0.4507772020725389,87,0.4507772020725389,official GHS raw CSV https://ghsindex.org/wp-content/uploads/2022/04/2021-GHS-Index-April-2022.csv; local file data/raw/ghs/ghs_index_2019.csv; parsed Year == 2019; verify license before publication
ALB,Albania,Europe & Central Asia,Upper middle income,0.6090971134839653,0.3345657943556133,0.7302651628862903,0.7797703899355044,0.5917871067584531,0.0942708333333333,0.0384615384615384,ghs_enhanced_owid,owid_excess_mortality_2020_2022,5970.3384,4233.238863149889,1737.0995368501108,-1.0788593112155938,5970.3384,structurally vulnerable systems,capacity,106,106,87,0.4507772020725389,87,0.4507772020725389,official GHS raw CSV https://ghsindex.org/wp-content/uploads/2022/04/2021-GHS-Index-April-2022.csv; local file data/raw/ghs/ghs_index_2019.csv; parsed Year == 2019; verify license before publication
UZB,Uzbekistan,Europe & Central Asia,Lower middle income,0.5975745903090715,0.4119113055278265,0.6564531710859335,0.6146409081395038,0.7072929764830225,0.1669270833333333,0.0384615384615384,ghs_enhanced_owid,owid_excess_mortality_2020_2022,1438.2266,3159.7529606755834,-1721.5263606755834,1.0691872885337188,1438.2266,adaptive over-performers,capacity,106,106,87,0.4507772020725389,87,0.4507772020725389,official GHS raw CSV https://ghsindex.org/wp-content/uploads/2022/04/2021-GHS-Index-April-2022.csv; local file data/raw/ghs/ghs_index_2019.csv; parsed Year == 2019; verify license before publication
KNA,St. Kitts and Nevis,Latin America & Caribbean ,High income,0.5822456668210336,0.4175374788716006,0.6118866939517158,0.6969060044676371,0.6026524899931812,0.11015625,0.0769230769230769,ghs_enhanced_owid,owid_excess_mortality_2020_2022,4525.9116,1916.749440081804,2609.1621599181963,-1.6204706932358288,4525.9116,structurally vulnerable systems,capacity,106,106,87,0.4507772020725389,87,0.4507772020725389,official GHS raw CSV https://ghsindex.org/wp-content/uploads/2022/04/2021-GHS-Index-April-2022.csv; local file data/raw/ghs/ghs_index_2019.csv; parsed Year == 2019; verify license before publication
ECU,Ecuador,Latin America & Caribbean ,Upper middle income,0.6315118735333952,0.3467191820439355,0.6413710684627318,0.7681359992125998,0.7698212444143137,0.1432291666666666,0.0,ghs_enhanced_owid,owid_excess_mortality_2020_2022,4378.3784,2390.665465515317,1987.7129344846826,-1.234507615655136,4378.3784,structurally vulnerable systems,capacity,106,106,87,0.4507772020725389,87,0.4507772020725389,official GHS raw CSV https://ghsindex.org/wp-content/uploads/2022/04/2021-GHS-Index-April-2022.csv; local file data/raw/ghs/ghs_index_2019.csv; parsed Year == 2019; verify license before publication
BIH,Bosnia and Herzegovina,Europe & Central Asia,Upper middle income,0.6202039929015761,0.4938099285027721,0.5170519065537755,0.6897881404976597,0.7801659960520969,0.125,0.0384615384615384,ghs_enhanced_owid,owid_excess_mortality_2020_2022,7126.2676,5579.26606607788,1547.00153392212,-0.9607952647106704,7126.2676,structurally vulnerable systems,capacity,106,106,87,0.4507772020725389,87,0.4507772020725389,official GHS raw CSV https://ghsindex.org/wp-content/uploads/2022/04/2021-GHS-Index-April-2022.csv; local file data/raw/ghs/ghs_index_2019.csv; parsed Year == 2019; verify license before publication
PSE,West Bank and Gaza,"Middle East, North Africa, Afghanistan & Pakistan",Lower middle income,0.6587017614512715,0.3176807706933734,0.9877450980392156,0.6045379500737209,0.7248432269987758,0.15625,0.0384615384615384,ghs_enhanced_owid,owid_excess_mortality_2020_2022,922.9372,1255.168106679837,-332.23090667983695,0.20633843918644118,922.9372,effective converters,capacity,106,106,87,0.4507772020725389,87,0.4507772020725389,official GHS raw CSV https://ghsindex.org/wp-content/uploads/2022/04/2021-GHS-Index-April-2022.csv; local file data/raw/ghs/ghs_index_2019.csv; parsed Year == 2019; verify license before publication
BRB,Barbados,Latin America & Caribbean ,High income,0.5867083275558405,0.4376839484267321,0.5845166074503578,0.5981394797313992,0.7264932746148729,0.2169270833333332,0.0,ghs_enhanced_owid,owid_excess_mortality_2020_2022,1115.5847,3080.21918520584,-1964.6344852058398,1.220174297750945,1115.5847,adaptive over-performers,capacity,106,106,87,0.4507772020725389,87,0.4507772020725389,official GHS raw CSV https://ghsindex.org/wp-content/uploads/2022/04/2021-GHS-Index-April-2022.csv; local file data/raw/ghs/ghs_index_2019.csv; parsed Year == 2019; verify license before publication
THA,Thailand,East Asia & Pacific,Upper middle income,0.6542326235161116,0.1805741643377892,0.8315305082270452,0.6959196213257433,0.9089062001738688,0.3406249999999999,0.0,ghs_enhanced_owid,owid_excess_mortality_2020_2022,2082.8452,2858.608134620993,-775.7629346209928,0.48180259539382386,2082.8452,uncertain / data-limited systems,capacity,106,106,87,0.4507772020725389,87,0.4507772020725389,official GHS raw CSV https://ghsindex.org/wp-content/uploads/2022/04/2021-GHS-Index-April-2022.csv; local file data/raw/ghs/ghs_index_2019.csv; parsed Year == 2019; verify license before publication
MDA,Moldova,Europe & Central Asia,Upper middle income,0.6054776843416476,0.5279581493319597,0.6046880870862918,0.6028075479993572,0.6864569529489815,0.2244791666666666,0.0,ghs_enhanced_owid,owid_excess_mortality_2020_2022,5433.009,5294.394955312679,138.61404468732144,-0.08608893710681728,5433.009,uncertain / data-limited systems,capacity,106,106,87,0.4507772020725389,87,0.4507772020725389,official GHS raw CSV https://ghsindex.org/wp-content/uploads/2022/04/2021-GHS-Index-April-2022.csv; local file data/raw/ghs/ghs_index_2019.csv; parsed Year == 2019; verify license before publication
PAN,Panama,Latin America & Caribbean ,High income,0.6216337473686943,0.3766516033544161,0.6799249430321066,0.7907396443352344,0.6392187987530201,0.1044270833333333,0.0384615384615384,ghs_enhanced_owid,owid_excess_mortality_2020_2022,1724.4185,1359.2230508497369,365.19544915026313,-0.22681170673947307,1724.4185,structurally vulnerable systems,capacity,106,106,87,0.4507772020725389,87,0.4507772020725389,official GHS raw CSV https://ghsindex.org/wp-content/uploads/2022/04/2021-GHS-Index-April-2022.csv; local file data/raw/ghs/ghs_index_2019.csv; parsed Year == 2019; verify license before publication
GEO,Georgia,Europe & Central Asia,Upper middle income,0.6072104736128041,0.509239642509025,0.7031087970287084,0.6353008413217734,0.5811926135917094,0.3041666666666665,0.0,ghs_enhanced_owid,owid_excess_mortality_2020_2022,6951.208,5358.872672695317,1592.3353273046823,-0.9889506951082789,6951.208,uncertain / data-limited systems,capacity,106,106,87,0.4507772020725389,87,0.4507772020725389,official GHS raw CSV https://ghsindex.org/wp-content/uploads/2022/04/2021-GHS-Index-April-2022.csv; local file data/raw/ghs/ghs_index_2019.csv; parsed Year == 2019; verify license before publication
KGZ,Kyrgyz Republic,Europe & Central Asia,Lower middle income,0.5980083095953735,0.3317152029949079,0.6634206233493514,0.6767504291276911,0.7201469829095438,0.21484375,0.0,ghs_enhanced_owid,owid_excess_mortality_2020_2022,2132.5605,3137.84644306092,-1005.2859430609201,0.624352305148883,2132.5605,adaptive over-performers,capacity,106,106,87,0.4507772020725389,87,0.4507772020725389,official GHS raw CSV https://ghsindex.org/wp-content/uploads/2022/04/2021-GHS-Index-April-2022.csv; local file data/raw/ghs/ghs_index_2019.csv; parsed Year == 2019; verify license before publication
DZA,Algeria,"Middle East, North Africa, Afghanistan & Pakistan",Upper middle income,0.5699797137709572,0.2542673301460795,0.5279367941998417,0.7553194495008495,0.7423952812370581,0.1796875,0.0,ghs_enhanced_owid,owid_excess_mortality_2020_2022,2952.565,3007.006039295581,-54.44103929558105,0.03381166185951277,2952.565,adaptive over-performers,capacity,106,106,87,0.4507772020725389,87,0.4507772020725389,official GHS raw CSV https://ghsindex.org/wp-content/uploads/2022/04/2021-GHS-Index-April-2022.csv; local file data/raw/ghs/ghs_index_2019.csv; parsed Year == 2019; verify license before publication
SLV,El Salvador,Latin America & Caribbean ,Upper middle income,0.5928884325461629,0.3694577590601324,0.663024266444913,0.5989970298532373,0.740074674826369,0.0578124999999999,0.0,ghs_enhanced_owid,owid_excess_mortality_2020_2022,753.09076,3376.344558130786,-2623.253798130786,1.6292225780722627,753.09076,adaptive over-performers,capacity,106,106,87,0.4507772020725389,87,0.4507772020725389,official GHS raw CSV https://ghsindex.org/wp-content/uploads/2022/04/2021-GHS-Index-April-2022.csv; local file data/raw/ghs/ghs_index_2019.csv; parsed Year == 2019; verify license before publication
MNE,Montenegro,Europe & Central Asia,Upper middle income,0.6162781540921238,0.5126032821767527,0.544438992064423,0.6929378044056801,0.7151325377216396,0.2916666666666667,0.0,ghs_enhanced_owid,owid_excess_mortality_2020_2022,5335.1875,5070.063922524672,265.1235774753277,-0.16466013266039253,5335.1875,uncertain / data-limited systems,capacity,106,106,87,0.4507772020725389,87,0.4507772020725389,official GHS raw CSV https://ghsindex.org/wp-content/uploads/2022/04/2021-GHS-Index-April-2022.csv; local file data/raw/ghs/ghs_index_2019.csv; parsed Year == 2019; verify license before publication
BLZ,Belize,Latin America & Caribbean ,Upper middle income,0.5702459536701937,0.1845481518563255,0.5622763439809535,0.7259879734102914,0.8081713454332043,0.3708333333333333,0.0,ghs_enhanced_owid,owid_excess_mortality_2020_2022,1799.2277,2983.931385244183,-1184.703685244183,0.7357831688647797,1799.2277,uncertain / data-limited systems,capacity,106,106,87,0.4507772020725389,87,0.4507772020725389,official GHS raw CSV https://ghsindex.org/wp-content/uploads/2022/04/2021-GHS-Index-April-2022.csv; local file data/raw/ghs/ghs_index_2019.csv; parsed Year == 2019; verify license before publication
MYS,Malaysia,East Asia & Pacific,Upper middle income,0.6090351444974358,0.2291338827416733,0.7679613625888048,0.7111663135976891,0.7278790190615761,0.1822916666666666,0.0384615384615384,ghs_enhanced_owid,owid_excess_mortality_2020_2022,1283.0078,2168.2247692163983,-885.2169692163982,0.5497811434668328,1283.0078,adaptive over-performers,capacity,106,106,87,0.4507772020725389,87,0.4507772020725389,official GHS raw CSV https://ghsindex.org/wp-content/uploads/2022/04/2021-GHS-Index-April-2022.csv; local file data/raw/ghs/ghs_index_2019.csv; parsed Year == 2019; verify license before publication
TJK,Tajikistan,Europe & Central Asia,Lower middle income,0.5521349365208686,0.3499546768118913,0.5869515352310584,0.6826989523373221,0.5889345817032028,0.2218749999999999,0.0,ghs_enhanced_owid,owid_excess_mortality_2020_2022,1522.2467,3050.550167103981,-1528.3034671039811,0.9491824681722185,1522.2467,adaptive over-performers,capacity,106,106,87,0.4507772020725389,87,0.4507772020725389,official GHS raw CSV https://ghsindex.org/wp-content/uploads/2022/04/2021-GHS-Index-April-2022.csv; local file data/raw/ghs/ghs_index_2019.csv; parsed Year == 2019; verify license before publication
MUS,Mauritius,Sub-Saharan Africa ,Upper middle income,0.5638998884405889,0.3330310308730893,0.659681137409571,0.6202816841723293,0.6426057013073662,0.2302083333333332,0.0769230769230769,ghs_enhanced_owid,owid_excess_mortality_2020_2022,1459.971,2537.5468061084343,-1077.5758061084343,0.6692493246925825,1459.971,uncertain / data-limited systems,capacity,106,106,87,0.4507772020725389,87,0.4507772020725389,official GHS raw CSV https://ghsindex.org/wp-content/uploads/2022/04/2021-GHS-Index-April-2022.csv; local file data/raw/ghs/ghs_index_2019.csv; parsed Year == 2019; verify license before publication
ARM,Armenia,Europe & Central Asia,Upper middle income,0.6113214644144626,0.4732849256029421,0.8232004814799982,0.6415149075582738,0.5072855430166362,0.2875,0.0,ghs_enhanced_owid,owid_excess_mortality_2020_2022,8041.9443,4769.607013692141,3272.3372863078594,-2.0323484497456463,8041.9443,uncertain / data-limited systems,capacity,106,106,87,0.4507772020725389,87,0.4507772020725389,official GHS raw CSV https://ghsindex.org/wp-content/uploads/2022/04/2021-GHS-Index-April-2022.csv; local file data/raw/ghs/ghs_index_2019.csv; parsed Year == 2019; verify license before publication
MEX,Mexico,Latin America & Caribbean ,Upper middle income,0.6036480214173391,0.2638600782104646,0.7308192065580768,0.6905645268805292,0.729348274020286,0.09375,0.0,ghs_enhanced_owid,owid_excess_mortality_2020_2022,5406.9375,2856.106380060935,2550.831119939065,-1.5842430711109114,5406.9375,structurally vulnerable systems,capacity,106,106,87,0.4507772020725389,87,0.4507772020725389,official GHS raw CSV https://ghsindex.org/wp-content/uploads/2022/04/2021-GHS-Index-April-2022.csv; local file data/raw/ghs/ghs_index_2019.csv; parsed Year == 2019; verify license before publication
BHS,"Bahamas, The",Latin America & Caribbean ,High income,0.5563426003783984,0.3548022405378866,0.5422809841919163,0.6158999980284617,0.7123871787553294,0.1721354166666666,0.0384615384615384,ghs_enhanced_owid,owid_excess_mortality_2020_2022,2630.4177,3279.452993061467,-649.0352930614672,0.4030959391634021,2630.4177,adaptive over-performers,capacity,106,106,87,0.4507772020725389,87,0.4507772020725389,official GHS raw CSV https://ghsindex.org/wp-content/uploads/2022/04/2021-GHS-Index-April-2022.csv; local file data/raw/ghs/ghs_index_2019.csv; parsed Year == 2019; verify license before publication
BTN,Bhutan,South Asia,Lower middle income,0.5713398243558163,0.1205530925308737,0.6325691893705498,0.7092362861309001,0.8230007293909417,0.3460937499999999,0.0,ghs_enhanced_owid,owid_excess_mortality_2020_2022,302.12527,1830.1746592001664,-1528.0493892001664,0.9490246681691158,302.12527,uncertain / data-limited systems,capacity,106,106,87,0.4507772020725389,87,0.4507772020725389,official GHS raw CSV https://ghsindex.org/wp-content/uploads/2022/04/2021-GHS-Index-April-2022.csv; local file data/raw/ghs/ghs_index_2019.csv; parsed Year == 2019; verify license before publication
JAM,Jamaica,Latin America & Caribbean ,Upper middle income,0.5476430249002315,0.2282760912104227,0.5769168609435515,0.6509635969585903,0.7344155504883616,0.1984374999999999,0.0,ghs_enhanced_owid,owid_excess_mortality_2020_2022,2040.6863,3220.8214401738633,-1180.1351401738632,0.7329457854660367,2040.6863,adaptive over-performers,capacity,106,106,87,0.4507772020725389,87,0.4507772020725389,official GHS raw CSV https://ghsindex.org/wp-content/uploads/2022/04/2021-GHS-Index-April-2022.csv; local file data/raw/ghs/ghs_index_2019.csv; parsed Year == 2019; verify license before publication
LBN,Lebanon,"Middle East, North Africa, Afghanistan & Pakistan",Lower middle income,0.5661340590512182,0.3822786569165964,0.5742002488119627,0.6585748480252485,0.6494824824510651,0.1984374999999999,0.0384615384615384,ghs_enhanced_owid,owid_excess_mortality_2020_2022,2354.6365,1820.6088389708339,534.0276610291662,-0.3316682218410573,2354.6365,structurally vulnerable systems,capacity,106,106,87,0.4507772020725389,87,0.4507772020725389,official GHS raw CSV https://ghsindex.org/wp-content/uploads/2022/04/2021-GHS-Index-April-2022.csv; local file data/raw/ghs/ghs_index_2019.csv; parsed Year == 2019; verify license before publication
PRY,Paraguay,Latin America & Caribbean ,Upper middle income,0.5653321628981129,0.2308564778967678,0.6082570773922834,0.7383300460921496,0.683885050211251,0.1216145833333333,0.0,ghs_enhanced_owid,owid_excess_mortality_2020_2022,4178.656,3092.8926664928567,1085.7633335071432,-0.6743343471582186,4178.656,structurally vulnerable systems,capacity,106,106,87,0.4507772020725389,87,0.4507772020725389,official GHS raw CSV https://ghsindex.org/wp-content/uploads/2022/04/2021-GHS-Index-April-2022.csv; local file data/raw/ghs/ghs_index_2019.csv; parsed Year == 2019; verify license before publication
FJI,Fiji,East Asia & Pacific,Upper middle income,0.5266698465629487,0.1718859030867164,0.5546092292518519,0.553064783244404,0.8271194706688227,0.17734375,0.0,ghs_enhanced_owid,owid_excess_mortality_2020_2022,2112.3386,3965.660520883795,-1853.321920883795,1.1510414737955121,2112.3386,adaptive over-performers,capacity,106,106,87,0.4507772020725389,87,0.4507772020725389,official GHS raw CSV https://ghsindex.org/wp-content/uploads/2022/04/2021-GHS-Index-April-2022.csv; local file data/raw/ghs/ghs_index_2019.csv; parsed Year == 2019; verify license before publication
PER,Peru,Latin America & Caribbean ,Upper middle income,0.5822652960601247,0.219058315884222,0.6967980692493876,0.7070732519612428,0.7061315471456461,0.0992187499999999,0.0384615384615384,ghs_enhanced_owid,owid_excess_mortality_2020_2022,5901.3433,3475.5478124669708,2425.7954875330297,-1.5065872699358167,5901.3433,structurally vulnerable systems,capacity,106,106,87,0.4507772020725389,87,0.4507772020725389,official GHS raw CSV https://ghsindex.org/wp-content/uploads/2022/04/2021-GHS-Index-April-2022.csv; local file data/raw/ghs/ghs_index_2019.csv; parsed Year == 2019; verify license before publication
CPV,Cabo Verde,Sub-Saharan Africa ,Upper middle income,0.5318294596765393,0.1748414442188375,0.5954745465459319,0.6685434249570065,0.6884584229843812,0.1200520833333333,0.0,ghs_enhanced_owid,owid_excess_mortality_2020_2022,1312.6262,2582.878321984571,-1270.252121984571,0.788914682390288,1312.6262,adaptive over-performers,capacity,106,106,87,0.4507772020725389,87,0.4507772020725389,official GHS raw CSV https://ghsindex.org/wp-content/uploads/2022/04/2021-GHS-Index-April-2022.csv; local file data/raw/ghs/ghs_index_2019.csv; parsed Year == 2019; verify license before publication
MNG,Mongolia,East Asia & Pacific,Upper middle income,0.5588727356953908,0.4314765764284001,0.5901829034831172,0.5775556570056546,0.6362758058643913,0.2138020833333333,0.0,ghs_enhanced_owid,owid_excess_mortality_2020_2022,211.21863,4146.342559982477,-3935.123929982477,2.4439849315412165,211.21863,adaptive over-performers,capacity,106,106,87,0.4507772020725389,87,0.4507772020725389,official GHS raw CSV https://ghsindex.org/wp-content/uploads/2022/04/2021-GHS-Index-April-2022.csv; local file data/raw/ghs/ghs_index_2019.csv; parsed Year == 2019; verify license before publication
SUR,Suriname,Latin America & Caribbean ,Upper middle income,0.5446105427137311,0.3039261044589958,0.46115312734878267,0.6270112389349571,0.7863517001121891,0.078125,0.0,ghs_enhanced_owid,owid_excess_mortality_2020_2022,3481.618,4180.004975223199,-698.386975223199,0.4337467572051152,3481.618,adaptive over-performers,capacity,106,106,87,0.4507772020725389,87,0.4507772020725389,official GHS raw CSV https://ghsindex.org/wp-content/uploads/2022/04/2021-GHS-Index-April-2022.csv; local file data/raw/ghs/ghs_index_2019.csv; parsed Year == 2019; verify license before publication
EGY,"Egypt, Arab Rep.","Middle East, North Africa, Afghanistan & Pakistan",Lower middle income,0.49040390062928896,0.1425905407592108,0.5985197535620679,0.5748929504998724,0.6456123576960046,0.0677083333333333,0.0,ghs_enhanced_owid,owid_excess_mortality_2020_2022,2995.015,2727.7025434414772,267.3124565585226,-0.16601957840885667,2995.015,structurally vulnerable systems,capacity,106,106,87,0.4507772020725389,87,0.4507772020725389,official GHS raw CSV https://ghsindex.org/wp-content/uploads/2022/04/2021-GHS-Index-April-2022.csv; local file data/raw/ghs/ghs_index_2019.csv; parsed Year == 2019; verify license before publication
AZE,Azerbaijan,Europe & Central Asia,Upper middle income,0.524208145750308,0.3472579615421797,0.5072441729986039,0.681467035750128,0.5608634127103203,0.1528645833333333,0.0,ghs_enhanced_owid,owid_excess_mortality_2020_2022,3777.4768,4030.57827917267,-253.10147917267022,0.1571935756675279,3777.4768,adaptive over-performers,capacity,106,106,87,0.4507772020725389,87,0.4507772020725389,official GHS raw CSV https://ghsindex.org/wp-content/uploads/2022/04/2021-GHS-Index-April-2022.csv; local file data/raw/ghs/ghs_index_2019.csv; parsed Year == 2019; verify license before publication
UKR,Ukraine,Europe & Central Asia,Upper middle income,0.5483150002787722,0.4441733441292559,0.447930961910375,0.5866085877199805,0.7145471073554772,0.2919270833333333,0.1153846153846153,ghs_enhanced_owid,owid_excess_mortality_2020_2022,4533.1055,6146.135726745326,-1613.0302267453262,1.0018036632212608,4533.1055,uncertain / data-limited systems,capacity,106,106,87,0.4507772020725389,87,0.4507772020725389,official GHS raw CSV https://ghsindex.org/wp-content/uploads/2022/04/2021-GHS-Index-April-2022.csv; local file data/raw/ghs/ghs_index_2019.csv; parsed Year == 2019; verify license before publication
DOM,Dominican Republic,Latin America & Caribbean ,Upper middle income,0.5177694302400361,0.1833018379392382,0.5512203518694008,0.6245700681687736,0.7119854629827318,0.0833333333333333,0.0,ghs_enhanced_owid,owid_excess_mortality_2020_2022,907.20123,3272.2024294023577,-2365.0011994023575,1.468829799838605,907.20123,adaptive over-performers,capacity,106,106,87,0.4507772020725389,87,0.4507772020725389,official GHS raw CSV https://ghsindex.org/wp-content/uploads/2022/04/2021-GHS-Index-April-2022.csv; local file data/raw/ghs/ghs_index_2019.csv; parsed Year == 2019; verify license before publication
BOL,Bolivia,Latin America & Caribbean ,Lower middle income,0.5040612182247826,0.2527398762657427,0.5234625375426083,0.619314310713776,0.6207281483770031,0.0520833333333333,0.0,ghs_enhanced_owid,owid_excess_mortality_2020_2022,5224.8447,3145.127757993401,2079.716942006599,-1.2916484864449334,5224.8447,structurally vulnerable systems,capacity,106,106,87,0.4507772020725389,87,0.4507772020725389,official GHS raw CSV https://ghsindex.org/wp-content/uploads/2022/04/2021-GHS-Index-April-2022.csv; local file data/raw/ghs/ghs_index_2019.csv; parsed Year == 2019; verify license before publication
GTM,Guatemala,Latin America & Caribbean ,Upper middle income,0.4735450228727268,0.1381242055350285,0.5436299923544905,0.6661923964367509,0.5462334971646373,0.0625,0.0,ghs_enhanced_owid,owid_excess_mortality_2020_2022,2760.5828,3282.539919677626,-521.957119677626,0.3241715783544471,2760.5828,adaptive over-performers,capacity,106,106,87,0.4507772020725389,87,0.4507772020725389,official GHS raw CSV https://ghsindex.org/wp-content/uploads/2022/04/2021-GHS-Index-April-2022.csv; local file data/raw/ghs/ghs_index_2019.csv; parsed Year == 2019; verify license before publication
PHL,Philippines,East Asia & Pacific,Lower middle income,0.46575097851279146,0.1486166930851677,0.4965039659894943,0.575070341487582,0.6428129134889219,0.0625,0.0,ghs_enhanced_owid,owid_excess_mortality_2020_2022,2245.3413,2370.003536959188,-124.6622369591878,0.07742389670096957,2245.3413,adaptive over-performers,capacity,106,106,87,0.4507772020725389,87,0.4507772020725389,official GHS raw CSV https://ghsindex.org/wp-content/uploads/2022/04/2021-GHS-Index-April-2022.csv; local file data/raw/ghs/ghs_index_2019.csv; parsed Year == 2019; verify license before publication
ZAF,South Africa,Sub-Saharan Africa ,Upper middle income,0.48053113393208735,0.3119245659700085,0.4112597132492344,0.4791970942098676,0.7197431622992388,0.2294270833333333,0.0384615384615384,ghs_enhanced_owid,owid_excess_mortality_2020_2022,4671.983,4085.306880176904,586.6761198230961,-0.3643665668616184,4671.983,uncertain / data-limited systems,capacity,106,106,87,0.4507772020725389,87,0.4507772020725389,official GHS raw CSV https://ghsindex.org/wp-content/uploads/2022/04/2021-GHS-Index-April-2022.csv; local file data/raw/ghs/ghs_index_2019.csv; parsed Year == 2019; verify license before publication
NAM,Namibia,Sub-Saharan Africa ,Lower middle income,0.4314828195795028,0.3412299256898816,0.29352807515440904,0.4837600851556433,0.6074131923180774,0.2,0.0384615384615384,ghs_enhanced_owid,owid_excess_mortality_2020_2022,1225.8562,3608.1921289073343,-2382.335928907334,1.4795958693338278,1225.8562,adaptive over-performers,preparedness,106,106,87,0.4507772020725389,87,0.4507772020725389,official GHS raw CSV https://ghsindex.org/wp-content/uploads/2022/04/2021-GHS-Index-April-2022.csv; local file data/raw/ghs/ghs_index_2019.csv; parsed Year == 2019; verify license before publication
