iso3,country,conversion_profile,capacity,equity_access,preparedness,vulnerability,weakest_bottleneck_block,weakest_bottleneck_gap,second_bottleneck_block,conversion_efficiency_zscore,realized_resilience_gap,method_disagreement_index,expanded_feature_missing_rate,n_validation_countries,missing_count_from_profile_sample,missing_rate_from_profile_sample,diagnostic_scope,diagnostic_note
BLR,Belarus,capacity under-realizers,0.30393039256496823,0.060766689603379276,0.10365023165705722,-0.06926263580015768,vulnerability,-0.06926263580015768,equity_access,-2.934826273506603,4716.795231999199,0.0885416666666666,0.0769230769230769,106,0,0.0,capacity_under_realizers,Conversion bottleneck diagnostic only; no causal policy prescription.
SVK,Slovak Republic,capacity under-realizers,-0.0035338650491734125,0.0483492825564279,0.025406335349806297,-0.010095770765099488,vulnerability,-0.010095770765099488,capacity,-1.403125347198939,2255.0755413735355,0.0942708333333333,0.0384615384615384,106,0,0.0,capacity_under_realizers,Conversion bottleneck diagnostic only; no causal policy prescription.
USA,United States,capacity under-realizers,0.25769433801232744,-0.05844625820938498,-0.023011225571154093,0.00496859356758228,equity_access,-0.05844625820938498,preparedness,-1.2162711675864122,1954.767168291395,0.1007812499999998,0.0769230769230769,106,0,0.0,capacity_under_realizers,Conversion bottleneck diagnostic only; no causal policy prescription.
HRV,Croatia,capacity under-realizers,-0.0044254432860905135,0.07710802320016363,-0.021699001515466443,-0.01582128259267157,preparedness,-0.021699001515466443,vulnerability,-0.9834110417905212,1580.5189407244347,0.0682291666666666,0.0384615384615384,106,0,0.0,capacity_under_realizers,Conversion bottleneck diagnostic only; no causal policy prescription.
ROU,Romania,capacity under-realizers,-0.05707392299865577,0.02184330314467553,-0.12279242591229067,-0.0723779118272857,preparedness,-0.12279242591229067,vulnerability,-0.9351231409706718,1502.9115734991929,0.0575520833333333,0.0384615384615384,106,0,0.0,capacity_under_realizers,Conversion bottleneck diagnostic only; no causal policy prescription.
COL,Colombia,capacity under-realizers,0.00822281578801154,0.10511931434927613,0.03804836302524861,0.08051835563655674,capacity,0.00822281578801154,preparedness,-0.781604416073713,1256.1792894954178,0.2158854166666666,0.0,106,0,0.0,capacity_under_realizers,Conversion bottleneck diagnostic only; no causal policy prescription.
KWT,Kuwait,capacity under-realizers,-0.20153716956251083,0.10019356508503596,0.02129012462106472,-0.014642152750564907,capacity,-0.20153716956251083,vulnerability,-0.7687710647710952,1235.5537789562768,0.1429687499999999,0.0384615384615384,106,0,0.0,capacity_under_realizers,Conversion bottleneck diagnostic only; no causal policy prescription.
MDV,Maldives,capacity under-realizers,0.19608909304309785,0.10422515576443525,0.11894663927861282,0.11657355017654925,equity_access,0.10422515576443525,vulnerability,-0.67968481209664,1092.376100725436,0.2039062499999999,0.0,106,0,0.0,capacity_under_realizers,Conversion bottleneck diagnostic only; no causal policy prescription.
CZE,Czechia,capacity under-realizers,0.13335755291935703,0.06899581888920436,0.019292140617157894,-0.024296328680240453,vulnerability,-0.024296328680240453,preparedness,-0.6262960857776176,1006.5707867900423,0.03671875,0.0769230769230769,106,0,0.0,capacity_under_realizers,Conversion bottleneck diagnostic only; no causal policy prescription.
ARG,Argentina,capacity under-realizers,0.30789847006456317,0.022205412780815337,0.0,0.01895010037117084,preparedness,0.0,vulnerability,-0.5607786651550956,901.2724732254856,0.171875,0.0384615384615384,106,0,0.0,capacity_under_realizers,Conversion bottleneck diagnostic only; no causal policy prescription.
ARE,United Arab Emirates,capacity under-realizers,-0.2519700147968513,0.02800623291140647,0.06058015868243771,0.07026017931918793,capacity,-0.2519700147968513,equity_access,-0.5549371955598688,891.8841778489033,0.1830729166666666,0.0384615384615384,106,0,0.0,capacity_under_realizers,Conversion bottleneck diagnostic only; no causal policy prescription.
POL,Poland,capacity under-realizers,-0.05660458436883331,-0.000283294121533495,-0.0007170307913012541,-0.04180505299301207,capacity,-0.05660458436883331,vulnerability,-0.4849502246418017,779.4024907015491,0.0520833333333333,0.0769230769230769,106,0,0.0,capacity_under_realizers,Conversion bottleneck diagnostic only; no causal policy prescription.
CHL,Chile,capacity under-realizers,-0.16047450002949565,-0.09680006046113065,-0.017154010556601262,0.025494193675935528,capacity,-0.16047450002949565,equity_access,-0.4843600852495627,778.4540302435466,0.21875,0.0384615384615384,106,0,0.0,capacity_under_realizers,Conversion bottleneck diagnostic only; no causal policy prescription.
QAT,Qatar,capacity under-realizers,-0.25440215663315513,0.17763916488771836,0.04050728413679716,-0.01878543963797763,capacity,-0.25440215663315513,vulnerability,-0.4525986143987932,727.4076171653402,0.1893229166666666,0.0,106,0,0.0,capacity_under_realizers,Conversion bottleneck diagnostic only; no causal policy prescription.
ITA,Italy,capacity under-realizers,0.051901142728225325,-0.039544220817619435,-0.02833176819778771,0.029810473794977366,equity_access,-0.039544220817619435,preparedness,-0.184799946246096,297.00684950111554,0.1109374999999999,0.0384615384615384,106,0,0.0,capacity_under_realizers,Conversion bottleneck diagnostic only; no causal policy prescription.
KAZ,Kazakhstan,capacity under-realizers,0.0630082680232183,0.09904643818530312,0.07926859836984379,-0.01413586197105543,vulnerability,-0.01413586197105543,capacity,-0.0986913164584361,158.61474837986862,0.1458333333333333,0.0,106,0,0.0,capacity_under_realizers,Conversion bottleneck diagnostic only; no causal policy prescription.
HUN,Hungary,capacity under-realizers,-0.0052153798994628575,-0.024401557832866128,0.0479521235816015,-0.09945937385758019,vulnerability,-0.09945937385758019,equity_access,0.0873593196737647,-140.40218537895635,0.140625,0.0769230769230769,106,0,0.0,capacity_under_realizers,Conversion bottleneck diagnostic only; no causal policy prescription.
AUT,Austria,capacity under-realizers,0.3162822041850828,-0.042885317106149956,-0.03892674149097486,0.04590520217485683,equity_access,-0.042885317106149956,preparedness,0.1233611947811609,-198.263693019986,0.0682291666666666,0.0769230769230769,106,0,0.0,capacity_under_realizers,Conversion bottleneck diagnostic only; no causal policy prescription.
SVN,Slovenia,capacity under-realizers,0.08058980933679771,0.0574321245187599,-0.002948205075053112,0.04607873707998267,preparedness,-0.002948205075053112,vulnerability,0.1540796570156834,-247.6338031045675,0.0992187499999999,0.0384615384615384,106,0,0.0,capacity_under_realizers,Conversion bottleneck diagnostic only; no causal policy prescription.
ESP,Spain,capacity under-realizers,0.04758410091371423,-0.03994880499520359,0.018132607068314766,0.047086666433870494,equity_access,-0.03994880499520359,preparedness,0.2221367546696926,-357.0138357886085,0.09375,0.0384615384615384,106,0,0.0,capacity_under_realizers,Conversion bottleneck diagnostic only; no causal policy prescription.
GBR,United Kingdom,capacity under-realizers,0.10698815173302523,0.02222894556154642,-0.017554232443443896,-0.011166476233241518,preparedness,-0.017554232443443896,vulnerability,0.2436217840916513,-391.5441537333818,0.0593749999999998,0.0384615384615384,106,0,0.0,capacity_under_realizers,Conversion bottleneck diagnostic only; no causal policy prescription.
PRT,Portugal,capacity under-realizers,0.07354944262925012,-0.08738900340676758,0.02326322551316473,0.04276981591736395,equity_access,-0.08738900340676758,preparedness,0.4586448090368129,-737.124942615842,0.0598958333333331,0.0384615384615384,106,0,0.0,capacity_under_realizers,Conversion bottleneck diagnostic only; no causal policy prescription.
EST,Estonia,capacity under-realizers,-0.03897418192487401,-0.0067094242158601824,-0.06842888079412657,-0.014718764143750063,preparedness,-0.06842888079412657,capacity,0.6283931730001282,-1009.9411842481522,0.0885416666666666,0.0384615384615384,106,0,0.0,capacity_under_realizers,Conversion bottleneck diagnostic only; no causal policy prescription.
