iso3,country,life_expectancy_2019,life_expectancy_2020,life_expectancy_loss_2019_2020,life_expectancy_2021,life_expectancy_loss_2019_2021,life_expectancy_2022,life_expectancy_loss_2019_2022,max_life_expectancy_drop_2020_2022,higher_is_worse,source_indicator,source_provenance
ABW,Aruba,76.019,75.406,0.6129999999999995,73.655,2.3640000000000043,76.226,-0.20699999999999363,2.3640000000000043,True,SP.DYN.LE00.IN,https://api.worldbank.org/v2/country/all/indicator/SP.DYN.LE00.IN?format=json&date=2019:2022
AFE,Africa Eastern and Southern,63.8572612837043,63.7664840026943,0.09077728100999849,62.9799991857494,0.8772620979548975,64.4871517904367,-0.6298905067324014,0.8772620979548975,True,SP.DYN.LE00.IN,https://api.worldbank.org/v2/country/all/indicator/SP.DYN.LE00.IN?format=json&date=2019:2022
AFG,Afghanistan,62.941,61.454,1.4870000000000019,60.417,2.524000000000001,65.617,-2.676000000000002,2.524000000000001,True,SP.DYN.LE00.IN,https://api.worldbank.org/v2/country/all/indicator/SP.DYN.LE00.IN?format=json&date=2019:2022
AFW,Africa Western and Central,57.149956341607,57.364735967395,-0.21477962578799747,57.3627361321845,-0.21277979057749974,57.9878499444678,-0.8378936028607953,-0.21277979057749974,True,SP.DYN.LE00.IN,https://api.worldbank.org/v2/country/all/indicator/SP.DYN.LE00.IN?format=json&date=2019:2022
AGO,Angola,63.051,63.116,-0.06499999999999773,62.958,0.09300000000000352,64.246,-1.1949999999999932,0.09300000000000352,True,SP.DYN.LE00.IN,https://api.worldbank.org/v2/country/all/indicator/SP.DYN.LE00.IN?format=json&date=2019:2022
ALB,Albania,79.467,77.824,1.6430000000000007,76.844,2.6230000000000047,78.769,0.6979999999999933,2.6230000000000047,True,SP.DYN.LE00.IN,https://api.worldbank.org/v2/country/all/indicator/SP.DYN.LE00.IN?format=json&date=2019:2022
AND,Andorra,84.098,79.418,4.679999999999993,82.331,1.766999999999996,84.016,0.08199999999999363,4.679999999999993,True,SP.DYN.LE00.IN,https://api.worldbank.org/v2/country/all/indicator/SP.DYN.LE00.IN?format=json&date=2019:2022
ARB,Arab World,71.8398932674972,70.7265588103862,1.1133344571110086,70.4041144889903,1.4357787785069007,71.8760955992222,-0.03620233172499354,1.4357787785069007,True,SP.DYN.LE00.IN,https://api.worldbank.org/v2/country/all/indicator/SP.DYN.LE00.IN?format=json&date=2019:2022
ARE,United Arab Emirates,82.596,81.936,0.6599999999999966,79.083,3.5130000000000052,80.487,2.109000000000009,3.5130000000000052,True,SP.DYN.LE00.IN,https://api.worldbank.org/v2/country/all/indicator/SP.DYN.LE00.IN?format=json&date=2019:2022
ARG,Argentina,76.847,75.878,0.9689999999999941,73.948,2.899000000000001,75.806,1.0409999999999968,2.899000000000001,True,SP.DYN.LE00.IN,https://api.worldbank.org/v2/country/all/indicator/SP.DYN.LE00.IN?format=json&date=2019:2022
ARM,Armenia,76.2219512195122,73.3756097560976,2.8463414634146034,72.2780487804878,3.943902439024413,74.7658536585366,1.456097560975607,3.943902439024413,True,SP.DYN.LE00.IN,https://api.worldbank.org/v2/country/all/indicator/SP.DYN.LE00.IN?format=json&date=2019:2022
ASM,American Samoa,72.751,72.672,0.07900000000000773,72.708,0.043000000000006366,72.752,-0.000999999999990564,0.07900000000000773,True,SP.DYN.LE00.IN,https://api.worldbank.org/v2/country/all/indicator/SP.DYN.LE00.IN?format=json&date=2019:2022
ATG,Antigua and Barbuda,77.168,77.161,0.007000000000005002,77.197,-0.028999999999996362,77.483,-0.3149999999999977,0.007000000000005002,True,SP.DYN.LE00.IN,https://api.worldbank.org/v2/country/all/indicator/SP.DYN.LE00.IN?format=json&date=2019:2022
AUS,Australia,82.9,83.2,-0.29999999999999716,83.3,-0.3999999999999915,83.2,-0.29999999999999716,-0.29999999999999716,True,SP.DYN.LE00.IN,https://api.worldbank.org/v2/country/all/indicator/SP.DYN.LE00.IN?format=json&date=2019:2022
AUT,Austria,81.8951219512195,81.1926829268293,0.7024390243901877,81.190243902439,0.7048780487805004,81.2951219512195,0.5999999999999943,0.7048780487805004,True,SP.DYN.LE00.IN,https://api.worldbank.org/v2/country/all/indicator/SP.DYN.LE00.IN?format=json&date=2019:2022
AZE,Azerbaijan,73.29,70.312,2.9780000000000086,70.999,2.291000000000011,74.125,-0.8349999999999937,2.9780000000000086,True,SP.DYN.LE00.IN,https://api.worldbank.org/v2/country/all/indicator/SP.DYN.LE00.IN?format=json&date=2019:2022
BDI,Burundi,62.18,62.569,-0.3890000000000029,62.101,0.07900000000000063,62.882,-0.7019999999999982,0.07900000000000063,True,SP.DYN.LE00.IN,https://api.worldbank.org/v2/country/all/indicator/SP.DYN.LE00.IN?format=json&date=2019:2022
BEL,Belgium,81.9951219512195,80.6951219512195,1.2999999999999972,81.790243902439,0.20487804878050042,81.7487804878049,0.24634146341460905,1.2999999999999972,True,SP.DYN.LE00.IN,https://api.worldbank.org/v2/country/all/indicator/SP.DYN.LE00.IN?format=json&date=2019:2022
BEN,Benin,59.888,60.154,-0.26600000000000534,59.61,0.2779999999999987,60.475,-0.5870000000000033,0.2779999999999987,True,SP.DYN.LE00.IN,https://api.worldbank.org/v2/country/all/indicator/SP.DYN.LE00.IN?format=json&date=2019:2022
BFA,Burkina Faso,60.184,60.454,-0.2700000000000031,60.046,0.13799999999999812,60.7,-0.5160000000000053,0.13799999999999812,True,SP.DYN.LE00.IN,https://api.worldbank.org/v2/country/all/indicator/SP.DYN.LE00.IN?format=json&date=2019:2022
BGD,Bangladesh,72.625,71.421,1.2039999999999935,71.103,1.5220000000000056,74.265,-1.6400000000000006,1.5220000000000056,True,SP.DYN.LE00.IN,https://api.worldbank.org/v2/country/all/indicator/SP.DYN.LE00.IN?format=json&date=2019:2022
BGR,Bulgaria,75.1121951219512,73.3560975609756,1.7560975609756042,71.2121951219512,3.9000000000000057,74.1609756097561,0.9512195121951095,3.9000000000000057,True,SP.DYN.LE00.IN,https://api.worldbank.org/v2/country/all/indicator/SP.DYN.LE00.IN?format=json&date=2019:2022
BHR,Bahrain,80.471,78.683,1.7879999999999967,78.083,2.3880000000000052,80.992,-0.5210000000000008,2.3880000000000052,True,SP.DYN.LE00.IN,https://api.worldbank.org/v2/country/all/indicator/SP.DYN.LE00.IN?format=json&date=2019:2022
BHS,"Bahamas, The",71.408,72.994,-1.5859999999999985,70.752,0.6560000000000059,74.491,-3.0829999999999984,0.6560000000000059,True,SP.DYN.LE00.IN,https://api.worldbank.org/v2/country/all/indicator/SP.DYN.LE00.IN?format=json&date=2019:2022
BIH,Bosnia and Herzegovina,77.394,76.04,1.3539999999999992,74.567,2.8270000000000124,76.777,0.6170000000000044,2.8270000000000124,True,SP.DYN.LE00.IN,https://api.worldbank.org/v2/country/all/indicator/SP.DYN.LE00.IN?format=json&date=2019:2022
BLR,Belarus,74.2268292682927,72.1385609756098,2.0882682926828977,72.0714634146342,2.155365853658509,74.1033658536585,0.12346341463420174,2.155365853658509,True,SP.DYN.LE00.IN,https://api.worldbank.org/v2/country/all/indicator/SP.DYN.LE00.IN?format=json&date=2019:2022
BLZ,Belize,72.577,71.58,0.9969999999999999,70.917,1.6599999999999966,72.19,0.38700000000000045,1.6599999999999966,True,SP.DYN.LE00.IN,https://api.worldbank.org/v2/country/all/indicator/SP.DYN.LE00.IN?format=json&date=2019:2022
BMU,Bermuda,81.251,81.456,-0.2049999999999983,81.745,-0.4939999999999998,82.062,-0.8109999999999928,-0.2049999999999983,True,SP.DYN.LE00.IN,https://api.worldbank.org/v2/country/all/indicator/SP.DYN.LE00.IN?format=json&date=2019:2022
BOL,Bolivia,67.82,62.906,4.913999999999994,61.427,6.392999999999994,67.434,0.3859999999999957,6.392999999999994,True,SP.DYN.LE00.IN,https://api.worldbank.org/v2/country/all/indicator/SP.DYN.LE00.IN?format=json&date=2019:2022
BRA,Brazil,75.809,74.506,1.3029999999999973,73.038,2.771000000000001,74.872,0.9369999999999976,2.771000000000001,True,SP.DYN.LE00.IN,https://api.worldbank.org/v2/country/all/indicator/SP.DYN.LE00.IN?format=json&date=2019:2022
BRB,Barbados,76.495,76.647,-0.15200000000000102,76.58,-0.08499999999999375,75.676,0.8190000000000026,0.8190000000000026,True,SP.DYN.LE00.IN,https://api.worldbank.org/v2/country/all/indicator/SP.DYN.LE00.IN?format=json&date=2019:2022
BRN,Brunei Darussalam,75.049,75.114,-0.06499999999999773,74.869,0.18000000000000682,72.917,2.132000000000005,2.132000000000005,True,SP.DYN.LE00.IN,https://api.worldbank.org/v2/country/all/indicator/SP.DYN.LE00.IN?format=json&date=2019:2022
BTN,Bhutan,72.005,72.253,-0.24800000000000466,72.448,-0.44299999999999784,72.754,-0.7490000000000094,-0.24800000000000466,True,SP.DYN.LE00.IN,https://api.worldbank.org/v2/country/all/indicator/SP.DYN.LE00.IN?format=json&date=2019:2022
BWA,Botswana,67.167,67.643,-0.4759999999999991,63.303,3.8640000000000043,68.749,-1.5819999999999936,3.8640000000000043,True,SP.DYN.LE00.IN,https://api.worldbank.org/v2/country/all/indicator/SP.DYN.LE00.IN?format=json&date=2019:2022
CAF,Central African Republic,31.53,50.596,-19.065999999999995,40.279,-8.749000000000002,18.818,12.712,12.712,True,SP.DYN.LE00.IN,https://api.worldbank.org/v2/country/all/indicator/SP.DYN.LE00.IN?format=json&date=2019:2022
CAN,Canada,82.1585365853659,81.53,0.6285365853658931,81.4514634146342,0.7070731707316895,81.0948780487805,1.0636585365853932,1.0636585365853932,True,SP.DYN.LE00.IN,https://api.worldbank.org/v2/country/all/indicator/SP.DYN.LE00.IN?format=json&date=2019:2022
CEB,Central Europe and the Baltics,77.2659141936307,76.0162701269145,1.2496440667162005,74.7232827859077,2.5426314077230074,76.6522987292583,0.6136154643724012,2.5426314077230074,True,SP.DYN.LE00.IN,https://api.worldbank.org/v2/country/all/indicator/SP.DYN.LE00.IN?format=json&date=2019:2022
CHE,Switzerland,83.9048780487805,83.0,0.9048780487805033,83.7512195121951,0.15365853658539663,83.6048780487805,0.29999999999999716,0.9048780487805033,True,SP.DYN.LE00.IN,https://api.worldbank.org/v2/country/all/indicator/SP.DYN.LE00.IN?format=json&date=2019:2022
CHI,Channel Islands,81.2,80.9,0.29999999999999716,80.3,0.9000000000000057,81.0,0.20000000000000284,0.9000000000000057,True,SP.DYN.LE00.IN,https://api.worldbank.org/v2/country/all/indicator/SP.DYN.LE00.IN?format=json&date=2019:2022
CHL,Chile,80.324,79.349,0.9749999999999943,78.876,1.4479999999999933,79.176,1.1479999999999961,1.4479999999999933,True,SP.DYN.LE00.IN,https://api.worldbank.org/v2/country/all/indicator/SP.DYN.LE00.IN?format=json&date=2019:2022
CHN,China,77.94,78.019,-0.07900000000000773,78.117,-0.1770000000000067,78.202,-0.26200000000000045,-0.07900000000000773,True,SP.DYN.LE00.IN,https://api.worldbank.org/v2/country/all/indicator/SP.DYN.LE00.IN?format=json&date=2019:2022
CIV,Cote d'Ivoire,60.274,60.14,0.13400000000000034,60.29,-0.015999999999998238,61.562,-1.2879999999999967,0.13400000000000034,True,SP.DYN.LE00.IN,https://api.worldbank.org/v2/country/all/indicator/SP.DYN.LE00.IN?format=json&date=2019:2022
CMR,Cameroon,61.695,61.674,0.021000000000000796,61.146,0.5489999999999995,62.443,-0.7479999999999976,0.5489999999999995,True,SP.DYN.LE00.IN,https://api.worldbank.org/v2/country/all/indicator/SP.DYN.LE00.IN?format=json&date=2019:2022
COD,"Congo, Dem. Rep.",60.242,60.428,-0.18599999999999994,60.044,0.1980000000000004,60.979,-0.7370000000000019,0.1980000000000004,True,SP.DYN.LE00.IN,https://api.worldbank.org/v2/country/all/indicator/SP.DYN.LE00.IN?format=json&date=2019:2022
COG,"Congo, Rep.",63.152,64.391,-1.2390000000000043,64.192,-1.039999999999992,65.0,-1.847999999999999,-1.039999999999992,True,SP.DYN.LE00.IN,https://api.worldbank.org/v2/country/all/indicator/SP.DYN.LE00.IN?format=json&date=2019:2022
COL,Colombia,76.793,74.757,2.0360000000000014,72.698,4.095000000000013,76.508,0.2850000000000108,4.095000000000013,True,SP.DYN.LE00.IN,https://api.worldbank.org/v2/country/all/indicator/SP.DYN.LE00.IN?format=json&date=2019:2022
COM,Comoros,65.662,65.756,-0.09399999999999409,65.201,0.46100000000001273,66.481,-0.8189999999999884,0.46100000000001273,True,SP.DYN.LE00.IN,https://api.worldbank.org/v2/country/all/indicator/SP.DYN.LE00.IN?format=json&date=2019:2022
CPV,Cabo Verde,75.449,73.818,1.6310000000000002,74.424,1.0249999999999915,75.907,-0.4579999999999984,1.6310000000000002,True,SP.DYN.LE00.IN,https://api.worldbank.org/v2/country/all/indicator/SP.DYN.LE00.IN?format=json&date=2019:2022
CRI,Costa Rica,80.296,79.725,0.5710000000000122,78.05,2.2460000000000093,79.316,0.980000000000004,2.2460000000000093,True,SP.DYN.LE00.IN,https://api.worldbank.org/v2/country/all/indicator/SP.DYN.LE00.IN?format=json&date=2019:2022
CSS,Caribbean small states,72.1292604830284,71.9394359303317,0.18982455269670595,69.9228107471769,2.206449735851507,72.8322921090607,-0.7030316260322991,2.206449735851507,True,SP.DYN.LE00.IN,https://api.worldbank.org/v2/country/all/indicator/SP.DYN.LE00.IN?format=json&date=2019:2022
CUB,Cuba,77.413,77.407,0.006000000000000227,73.201,4.212000000000003,77.629,-0.21600000000000819,4.212000000000003,True,SP.DYN.LE00.IN,https://api.worldbank.org/v2/country/all/indicator/SP.DYN.LE00.IN?format=json&date=2019:2022
CUW,Curacao,76.492,76.501,-0.009000000000000341,75.686,0.8059999999999974,76.729,-0.23699999999999477,0.8059999999999974,True,SP.DYN.LE00.IN,https://api.worldbank.org/v2/country/all/indicator/SP.DYN.LE00.IN?format=json&date=2019:2022
CYM,Cayman Islands,79.052,79.23,-0.17799999999999727,79.3,-0.24799999999999045,79.984,-0.931999999999988,-0.17799999999999727,True,SP.DYN.LE00.IN,https://api.worldbank.org/v2/country/all/indicator/SP.DYN.LE00.IN?format=json&date=2019:2022
CYP,Cyprus,81.454,81.23,0.22399999999998954,80.573,0.8810000000000002,80.434,1.019999999999996,1.019999999999996,True,SP.DYN.LE00.IN,https://api.worldbank.org/v2/country/all/indicator/SP.DYN.LE00.IN?format=json&date=2019:2022
CZE,Czechia,79.2292682926829,78.2268292682927,1.002439024390199,77.2219512195122,2.0073170731706966,78.9292682926829,0.29999999999999716,2.0073170731706966,True,SP.DYN.LE00.IN,https://api.worldbank.org/v2/country/all/indicator/SP.DYN.LE00.IN?format=json&date=2019:2022
DEU,Germany,81.2926829268293,81.0414634146342,0.25121951219510663,80.790243902439,0.5024390243902985,80.6080487804878,0.6846341463414944,0.6846341463414944,True,SP.DYN.LE00.IN,https://api.worldbank.org/v2/country/all/indicator/SP.DYN.LE00.IN?format=json&date=2019:2022
DJI,Djibouti,64.381,64.2,0.18099999999999739,63.83,0.5510000000000019,65.54,-1.159000000000006,0.5510000000000019,True,SP.DYN.LE00.IN,https://api.worldbank.org/v2/country/all/indicator/SP.DYN.LE00.IN?format=json&date=2019:2022
DMA,Dominica,71.305,71.269,0.036000000000001364,69.832,1.4730000000000132,71.081,0.22400000000000375,1.4730000000000132,True,SP.DYN.LE00.IN,https://api.worldbank.org/v2/country/all/indicator/SP.DYN.LE00.IN?format=json&date=2019:2022
DNK,Denmark,81.4512195121951,81.6024390243903,-0.1512195121952118,81.4048780487805,0.046341463414592,81.3048780487805,0.14634146341460053,0.14634146341460053,True,SP.DYN.LE00.IN,https://api.worldbank.org/v2/country/all/indicator/SP.DYN.LE00.IN?format=json&date=2019:2022
DOM,Dominican Republic,73.112,72.636,0.4759999999999991,71.757,1.3549999999999898,74.211,-1.0990000000000038,1.3549999999999898,True,SP.DYN.LE00.IN,https://api.worldbank.org/v2/country/all/indicator/SP.DYN.LE00.IN?format=json&date=2019:2022
DZA,Algeria,75.682,73.257,2.424999999999997,75.208,0.47400000000000375,76.129,-0.44700000000000273,2.424999999999997,True,SP.DYN.LE00.IN,https://api.worldbank.org/v2/country/all/indicator/SP.DYN.LE00.IN?format=json&date=2019:2022
EAP,East Asia & Pacific (excluding high income),75.7689690321509,75.6976393295064,0.07132970264450478,75.2781418410849,0.49082719106600337,75.9325409436903,-0.16357191153939254,0.49082719106600337,True,SP.DYN.LE00.IN,https://api.worldbank.org/v2/country/all/indicator/SP.DYN.LE00.IN?format=json&date=2019:2022
EAR,Early-demographic dividend,70.8424064605001,69.8801308490982,0.9622756114019069,68.1790994839634,2.6633069765367026,71.4304552508694,-0.5880487903692995,2.6633069765367026,True,SP.DYN.LE00.IN,https://api.worldbank.org/v2/country/all/indicator/SP.DYN.LE00.IN?format=json&date=2019:2022
EAS,East Asia & Pacific,76.5862412994962,76.5433946923267,0.04284660716949418,76.152941315904,0.43329998359219246,76.6767167147452,-0.09047541524900282,0.43329998359219246,True,SP.DYN.LE00.IN,https://api.worldbank.org/v2/country/all/indicator/SP.DYN.LE00.IN?format=json&date=2019:2022
ECA,Europe & Central Asia (excluding high income),74.8158340567546,73.5536868675669,1.2621471891877007,72.8823762052943,1.9334578514602896,74.5731684190474,0.24266563770719074,1.9334578514602896,True,SP.DYN.LE00.IN,https://api.worldbank.org/v2/country/all/indicator/SP.DYN.LE00.IN?format=json&date=2019:2022
ECS,Europe & Central Asia,78.3038716113385,77.1754906029407,1.1283810083977954,76.72864297207,1.575228639268488,77.834452247983,0.46941936335549883,1.575228639268488,True,SP.DYN.LE00.IN,https://api.worldbank.org/v2/country/all/indicator/SP.DYN.LE00.IN?format=json&date=2019:2022
ECU,Ecuador,77.286,72.004,5.2819999999999965,72.746,4.540000000000006,76.577,0.7090000000000032,5.2819999999999965,True,SP.DYN.LE00.IN,https://api.worldbank.org/v2/country/all/indicator/SP.DYN.LE00.IN?format=json&date=2019:2022
EGY,"Egypt, Arab Rep.",71.213,69.79,1.4229999999999876,68.976,2.2369999999999948,71.01,0.20299999999998875,2.2369999999999948,True,SP.DYN.LE00.IN,https://api.worldbank.org/v2/country/all/indicator/SP.DYN.LE00.IN?format=json&date=2019:2022
EMU,Euro area,82.2804211551829,81.4873571657503,0.7930639894326106,81.5839330415712,0.6964881136117071,81.6229719062905,0.6574492488924051,0.7930639894326106,True,SP.DYN.LE00.IN,https://api.worldbank.org/v2/country/all/indicator/SP.DYN.LE00.IN?format=json&date=2019:2022
ERI,Eritrea,67.306,66.98,0.3259999999999934,66.94,0.36599999999999966,67.789,-0.4830000000000041,0.36599999999999966,True,SP.DYN.LE00.IN,https://api.worldbank.org/v2/country/all/indicator/SP.DYN.LE00.IN?format=json&date=2019:2022
ESP,Spain,83.8317073170732,82.2317073170732,1.5999999999999943,83.1780487804878,0.6536585365853966,83.1341463414634,0.6975609756097896,1.5999999999999943,True,SP.DYN.LE00.IN,https://api.worldbank.org/v2/country/all/indicator/SP.DYN.LE00.IN?format=json&date=2019:2022
EST,Estonia,78.6463414634147,78.5951219512195,0.051219512195203265,76.9439024390244,1.7024390243903014,77.8439024390244,0.8024390243902957,1.7024390243903014,True,SP.DYN.LE00.IN,https://api.worldbank.org/v2/country/all/indicator/SP.DYN.LE00.IN?format=json&date=2019:2022
ETH,Ethiopia,65.741,65.969,-0.22799999999999443,65.33,0.41100000000000136,66.897,-1.156000000000006,0.41100000000000136,True,SP.DYN.LE00.IN,https://api.worldbank.org/v2/country/all/indicator/SP.DYN.LE00.IN?format=json&date=2019:2022
EUU,European Union,81.3194524901835,80.4414754678551,0.8779770223283947,80.3071964400875,1.0122560500959992,80.7133260356871,0.6061264544963905,1.0122560500959992,True,SP.DYN.LE00.IN,https://api.worldbank.org/v2/country/all/indicator/SP.DYN.LE00.IN?format=json&date=2019:2022
FCS,Fragile and conflict affected situations,62.1379545505037,62.0663682854031,0.07158626510059918,61.6086810439385,0.5292735065651968,62.702271566254,-0.5643170157502979,0.5292735065651968,True,SP.DYN.LE00.IN,https://api.worldbank.org/v2/country/all/indicator/SP.DYN.LE00.IN?format=json&date=2019:2022
FIN,Finland,81.9829268292683,81.9317073170732,0.05121951219508958,81.8853658536585,0.09756097560979526,81.1878048780488,0.7951219512194996,0.7951219512194996,True,SP.DYN.LE00.IN,https://api.worldbank.org/v2/country/all/indicator/SP.DYN.LE00.IN?format=json&date=2019:2022
FJI,Fiji,67.009,66.924,0.08499999999999375,64.904,2.105000000000004,67.148,-0.1389999999999958,2.105000000000004,True,SP.DYN.LE00.IN,https://api.worldbank.org/v2/country/all/indicator/SP.DYN.LE00.IN?format=json&date=2019:2022
FRA,France,82.8268292682927,82.1756097560976,0.6512195121950981,82.3243902439024,0.5024390243902985,82.1292682926829,0.6975609756098038,0.6975609756098038,True,SP.DYN.LE00.IN,https://api.worldbank.org/v2/country/all/indicator/SP.DYN.LE00.IN?format=json&date=2019:2022
FRO,Faroe Islands,82.3912829268293,82.5341926829268,-0.14290975609749523,82.6763219512195,-0.28503902439020123,82.8162292682927,-0.4249463414633965,-0.14290975609749523,True,SP.DYN.LE00.IN,https://api.worldbank.org/v2/country/all/indicator/SP.DYN.LE00.IN?format=json&date=2019:2022
FSM,"Micronesia, Fed. Sts.",66.196,65.878,0.31799999999999784,66.152,0.04399999999999693,66.961,-0.7650000000000006,0.31799999999999784,True,SP.DYN.LE00.IN,https://api.worldbank.org/v2/country/all/indicator/SP.DYN.LE00.IN?format=json&date=2019:2022
GAB,Gabon,67.337,67.073,0.26400000000001,67.072,0.26500000000000057,67.713,-0.37599999999999056,0.26500000000000057,True,SP.DYN.LE00.IN,https://api.worldbank.org/v2/country/all/indicator/SP.DYN.LE00.IN?format=json&date=2019:2022
GBR,United Kingdom,81.3691219512195,80.331756097561,1.0373658536584998,80.6473170731707,0.7218048780488004,81.0112195121951,0.3579024390244001,1.0373658536584998,True,SP.DYN.LE00.IN,https://api.worldbank.org/v2/country/all/indicator/SP.DYN.LE00.IN?format=json&date=2019:2022
GEO,Georgia,74.165,73.509,0.6560000000000059,71.635,2.530000000000001,74.141,0.02400000000000091,2.530000000000001,True,SP.DYN.LE00.IN,https://api.worldbank.org/v2/country/all/indicator/SP.DYN.LE00.IN?format=json&date=2019:2022
GHA,Ghana,64.455,64.309,0.1460000000000008,64.286,0.16899999999999693,65.246,-0.7909999999999968,0.16899999999999693,True,SP.DYN.LE00.IN,https://api.worldbank.org/v2/country/all/indicator/SP.DYN.LE00.IN?format=json&date=2019:2022
GIB,Gibraltar,83.183,83.07,0.11300000000001376,80.274,2.909000000000006,83.517,-0.333999999999989,2.909000000000006,True,SP.DYN.LE00.IN,https://api.worldbank.org/v2/country/all/indicator/SP.DYN.LE00.IN?format=json&date=2019:2022
GIN,Guinea,59.379,59.35,0.028999999999996362,59.373,0.006000000000000227,60.432,-1.0530000000000044,0.028999999999996362,True,SP.DYN.LE00.IN,https://api.worldbank.org/v2/country/all/indicator/SP.DYN.LE00.IN?format=json&date=2019:2022
GMB,"Gambia, The",64.427,64.418,0.009000000000000341,63.847,0.5800000000000054,64.859,-0.43199999999998795,0.5800000000000054,True,SP.DYN.LE00.IN,https://api.worldbank.org/v2/country/all/indicator/SP.DYN.LE00.IN?format=json&date=2019:2022
GNB,Guinea-Bissau,62.161,61.343,0.8179999999999978,61.653,0.5080000000000027,63.605,-1.4439999999999955,0.8179999999999978,True,SP.DYN.LE00.IN,https://api.worldbank.org/v2/country/all/indicator/SP.DYN.LE00.IN?format=json&date=2019:2022
GNQ,Equatorial Guinea,62.297,62.141,0.1559999999999988,62.447,-0.15000000000000568,63.355,-1.0579999999999998,0.1559999999999988,True,SP.DYN.LE00.IN,https://api.worldbank.org/v2/country/all/indicator/SP.DYN.LE00.IN?format=json&date=2019:2022
GRC,Greece,81.6390243902439,81.2878048780488,0.35121951219510095,80.0829268292683,1.5560975609756014,80.7878048780488,0.851219512195101,1.5560975609756014,True,SP.DYN.LE00.IN,https://api.worldbank.org/v2/country/all/indicator/SP.DYN.LE00.IN?format=json&date=2019:2022
GRD,Grenada,74.971,75.019,-0.04800000000000182,74.522,0.44899999999999807,75.151,-0.1799999999999926,0.44899999999999807,True,SP.DYN.LE00.IN,https://api.worldbank.org/v2/country/all/indicator/SP.DYN.LE00.IN?format=json&date=2019:2022
GRL,Greenland,71.4092682926829,71.2858536585366,0.12341463414630027,71.2614634146342,0.1478048780486887,71.230243902439,0.17902439024389594,0.17902439024389594,True,SP.DYN.LE00.IN,https://api.worldbank.org/v2/country/all/indicator/SP.DYN.LE00.IN?format=json&date=2019:2022
GTM,Guatemala,71.639,69.971,1.6679999999999922,67.858,3.7809999999999917,71.206,0.4329999999999927,3.7809999999999917,True,SP.DYN.LE00.IN,https://api.worldbank.org/v2/country/all/indicator/SP.DYN.LE00.IN?format=json&date=2019:2022
GUM,Guam,76.645,75.529,1.1159999999999997,75.434,1.2109999999999985,77.102,-0.45700000000000784,1.2109999999999985,True,SP.DYN.LE00.IN,https://api.worldbank.org/v2/country/all/indicator/SP.DYN.LE00.IN?format=json&date=2019:2022
GUY,Guyana,69.067,67.751,1.3159999999999883,64.323,4.744,69.888,-0.8210000000000122,4.744,True,SP.DYN.LE00.IN,https://api.worldbank.org/v2/country/all/indicator/SP.DYN.LE00.IN?format=json&date=2019:2022
HKG,"Hong Kong SAR, China",85.1558536585366,85.4963414634146,-0.3404878048779949,85.5326829268293,-0.3768292682926955,83.6609756097561,1.4948780487805067,1.4948780487805067,True,SP.DYN.LE00.IN,https://api.worldbank.org/v2/country/all/indicator/SP.DYN.LE00.IN?format=json&date=2019:2022
HND,Honduras,72.124,70.864,1.259999999999991,69.492,2.631999999999991,72.715,-0.5910000000000082,2.631999999999991,True,SP.DYN.LE00.IN,https://api.worldbank.org/v2/country/all/indicator/SP.DYN.LE00.IN?format=json&date=2019:2022
HPC,Heavily indebted poor countries (HIPC),63.089861994107,63.0728058249774,0.017056169129595844,62.5314653172853,0.5583966768216939,63.8404661926623,-0.7506041985553011,0.5583966768216939,True,SP.DYN.LE00.IN,https://api.worldbank.org/v2/country/all/indicator/SP.DYN.LE00.IN?format=json&date=2019:2022
HRV,Croatia,78.2243902439024,77.5243902439024,0.7000000000000028,76.4243902439025,1.799999999999912,77.5756097560976,0.6487804878047996,1.799999999999912,True,SP.DYN.LE00.IN,https://api.worldbank.org/v2/country/all/indicator/SP.DYN.LE00.IN?format=json&date=2019:2022
HTI,Haiti,64.328,63.773,0.5549999999999997,62.613,1.7150000000000034,63.948,0.38000000000000256,1.7150000000000034,True,SP.DYN.LE00.IN,https://api.worldbank.org/v2/country/all/indicator/SP.DYN.LE00.IN?format=json&date=2019:2022
HUN,Hungary,76.3195121951219,75.419512195122,0.8999999999999062,74.0658536585366,2.2536585365853057,75.8682926829268,0.45121951219509526,2.2536585365853057,True,SP.DYN.LE00.IN,https://api.worldbank.org/v2/country/all/indicator/SP.DYN.LE00.IN?format=json&date=2019:2022
IBD,IBRD only,74.031271888226,73.2951356970762,0.7361361911497966,71.974203378406,2.057068509819999,74.2512821129351,-0.2200102247090996,2.057068509819999,True,SP.DYN.LE00.IN,https://api.worldbank.org/v2/country/all/indicator/SP.DYN.LE00.IN?format=json&date=2019:2022
IBT,IDA & IBRD total,71.3939314839846,70.7488503512362,0.6450811327484018,69.6679287075032,1.7260027764814083,71.6775988813721,-0.2836673973875037,1.7260027764814083,True,SP.DYN.LE00.IN,https://api.worldbank.org/v2/country/all/indicator/SP.DYN.LE00.IN?format=json&date=2019:2022
IDA,IDA total,64.0885690256803,63.8023574072865,0.28621161839379994,63.4774236571682,0.6111453685120978,64.8823000336808,-0.7937310080005062,0.6111453685120978,True,SP.DYN.LE00.IN,https://api.worldbank.org/v2/country/all/indicator/SP.DYN.LE00.IN?format=json&date=2019:2022
IDB,IDA blend,61.3259973798573,60.818006614062,0.5079907657952987,60.876535738179,0.4494616416782975,62.1288641416852,-0.8028667618279002,0.5079907657952987,True,SP.DYN.LE00.IN,https://api.worldbank.org/v2/country/all/indicator/SP.DYN.LE00.IN?format=json&date=2019:2022
IDN,Indonesia,70.349,68.817,1.5320000000000107,67.452,2.8970000000000056,70.925,-0.5759999999999934,2.8970000000000056,True,SP.DYN.LE00.IN,https://api.worldbank.org/v2/country/all/indicator/SP.DYN.LE00.IN?format=json&date=2019:2022
IDX,IDA only,65.582913848475,65.4116059350943,0.1713079133807014,64.8765306607314,0.7063831877435973,66.3600754986121,-0.7771616501371028,0.7063831877435973,True,SP.DYN.LE00.IN,https://api.worldbank.org/v2/country/all/indicator/SP.DYN.LE00.IN?format=json&date=2019:2022
IMN,Isle of Man,80.74,80.591,0.1490000000000009,80.42,0.3199999999999932,80.956,-0.21600000000000819,0.3199999999999932,True,SP.DYN.LE00.IN,https://api.worldbank.org/v2/country/all/indicator/SP.DYN.LE00.IN?format=json&date=2019:2022
IND,India,70.746,70.156,0.5899999999999892,67.282,3.4639999999999986,71.698,-0.9519999999999982,3.4639999999999986,True,SP.DYN.LE00.IN,https://api.worldbank.org/v2/country/all/indicator/SP.DYN.LE00.IN?format=json&date=2019:2022
IRL,Ireland,82.7024390243903,82.4560975609756,0.24634146341469432,82.2536585365854,0.4487804878048962,82.509756097561,0.1926829268293062,0.4487804878048962,True,SP.DYN.LE00.IN,https://api.worldbank.org/v2/country/all/indicator/SP.DYN.LE00.IN?format=json&date=2019:2022
IRN,"Iran, Islamic Rep.",76.855,74.141,2.7139999999999986,73.752,3.1030000000000086,76.799,0.055999999999997385,3.1030000000000086,True,SP.DYN.LE00.IN,https://api.worldbank.org/v2/country/all/indicator/SP.DYN.LE00.IN?format=json&date=2019:2022
IRQ,Iraq,71.245,69.651,1.5940000000000083,70.704,0.541000000000011,72.037,-0.7920000000000016,1.5940000000000083,True,SP.DYN.LE00.IN,https://api.worldbank.org/v2/country/all/indicator/SP.DYN.LE00.IN?format=json&date=2019:2022
ISL,Iceland,83.1634146341463,83.0634146341463,0.10000000000000853,83.1658536585366,-0.0024390243902985276,82.119512195122,1.0439024390243077,1.0439024390243077,True,SP.DYN.LE00.IN,https://api.worldbank.org/v2/country/all/indicator/SP.DYN.LE00.IN?format=json&date=2019:2022
ISR,Israel,82.8048780487805,82.6487804878049,0.15609756097559568,82.5,0.30487804878049474,82.7,0.1048780487804919,0.30487804878049474,True,SP.DYN.LE00.IN,https://api.worldbank.org/v2/country/all/indicator/SP.DYN.LE00.IN?format=json&date=2019:2022
ITA,Italy,83.4975609756098,82.1951219512195,1.3024390243902957,82.6463414634146,0.8512195121952004,82.7,0.7975609756097981,1.3024390243902957,True,SP.DYN.LE00.IN,https://api.worldbank.org/v2/country/all/indicator/SP.DYN.LE00.IN?format=json&date=2019:2022
JAM,Jamaica,71.532,71.452,0.0799999999999983,69.085,2.4470000000000027,71.481,0.05100000000000193,2.4470000000000027,True,SP.DYN.LE00.IN,https://api.worldbank.org/v2/country/all/indicator/SP.DYN.LE00.IN?format=json&date=2019:2022
JOR,Jordan,76.865,75.583,1.2819999999999965,74.204,2.6610000000000014,77.088,-0.22299999999999898,2.6610000000000014,True,SP.DYN.LE00.IN,https://api.worldbank.org/v2/country/all/indicator/SP.DYN.LE00.IN?format=json&date=2019:2022
JPN,Japan,84.3563414634146,84.56,-0.203658536585408,84.4456097560976,-0.08926829268300196,83.9963414634146,0.35999999999999943,0.35999999999999943,True,SP.DYN.LE00.IN,https://api.worldbank.org/v2/country/all/indicator/SP.DYN.LE00.IN?format=json&date=2019:2022
KAZ,Kazakhstan,73.658,71.195,2.463000000000008,70.131,3.527000000000001,73.503,0.15500000000000114,3.527000000000001,True,SP.DYN.LE00.IN,https://api.worldbank.org/v2/country/all/indicator/SP.DYN.LE00.IN?format=json&date=2019:2022
KEN,Kenya,62.939,61.596,1.3430000000000035,61.225,1.7139999999999986,63.549,-0.6099999999999994,1.7139999999999986,True,SP.DYN.LE00.IN,https://api.worldbank.org/v2/country/all/indicator/SP.DYN.LE00.IN?format=json&date=2019:2022
KGZ,Kyrgyz Republic,71.6,71.8,-0.20000000000000284,71.9,-0.30000000000001137,72.0487804878049,-0.4487804878049104,-0.20000000000000284,True,SP.DYN.LE00.IN,https://api.worldbank.org/v2/country/all/indicator/SP.DYN.LE00.IN?format=json&date=2019:2022
KHM,Cambodia,70.127,70.059,0.06799999999999784,69.301,0.8259999999999934,70.528,-0.40100000000001046,0.8259999999999934,True,SP.DYN.LE00.IN,https://api.worldbank.org/v2/country/all/indicator/SP.DYN.LE00.IN?format=json&date=2019:2022
KIR,Kiribati,65.866,65.205,0.6610000000000014,64.148,1.7180000000000035,66.269,-0.4030000000000058,1.7180000000000035,True,SP.DYN.LE00.IN,https://api.worldbank.org/v2/country/all/indicator/SP.DYN.LE00.IN?format=json&date=2019:2022
KNA,St. Kitts and Nevis,71.54,71.181,0.35900000000000887,69.271,2.2690000000000055,70.313,1.2270000000000039,2.2690000000000055,True,SP.DYN.LE00.IN,https://api.worldbank.org/v2/country/all/indicator/SP.DYN.LE00.IN?format=json&date=2019:2022
KOR,"Korea, Rep.",83.2268292682927,83.4268292682927,-0.20000000000000284,83.5268292682927,-0.29999999999999716,82.6804878048781,0.5463414634146062,0.5463414634146062,True,SP.DYN.LE00.IN,https://api.worldbank.org/v2/country/all/indicator/SP.DYN.LE00.IN?format=json&date=2019:2022
KWT,Kuwait,81.969756097561,78.7609756097561,3.2087804878049013,78.7365853658537,3.233170731707304,80.5878048780488,1.381951219512203,3.233170731707304,True,SP.DYN.LE00.IN,https://api.worldbank.org/v2/country/all/indicator/SP.DYN.LE00.IN?format=json&date=2019:2022
LAC,Latin America & Caribbean (excluding high income),75.0513524613511,72.8759217271338,2.1754307342173007,71.4377016432982,3.6136508180529034,74.4897262626476,0.5616261987035074,3.6136508180529034,True,SP.DYN.LE00.IN,https://api.worldbank.org/v2/country/all/indicator/SP.DYN.LE00.IN?format=json&date=2019:2022
LAO,Lao PDR,67.911,68.339,-0.42799999999999727,67.807,0.1039999999999992,68.715,-0.804000000000002,0.1039999999999992,True,SP.DYN.LE00.IN,https://api.worldbank.org/v2/country/all/indicator/SP.DYN.LE00.IN?format=json&date=2019:2022
LBN,Lebanon,78.208,76.299,1.9089999999999918,73.65,4.557999999999993,78.003,0.2049999999999983,4.557999999999993,True,SP.DYN.LE00.IN,https://api.worldbank.org/v2/country/all/indicator/SP.DYN.LE00.IN?format=json&date=2019:2022
LBR,Liberia,61.232,61.267,-0.035000000000003695,61.166,0.0660000000000025,61.934,-0.7019999999999982,0.0660000000000025,True,SP.DYN.LE00.IN,https://api.worldbank.org/v2/country/all/indicator/SP.DYN.LE00.IN?format=json&date=2019:2022
LBY,Libya,72.941,72.388,0.5529999999999973,72.062,0.8790000000000049,74.462,-1.5210000000000008,0.8790000000000049,True,SP.DYN.LE00.IN,https://api.worldbank.org/v2/country/all/indicator/SP.DYN.LE00.IN?format=json&date=2019:2022
LCA,St. Lucia,72.249,72.308,-0.05900000000001171,69.119,3.1299999999999955,72.67,-0.4210000000000065,3.1299999999999955,True,SP.DYN.LE00.IN,https://api.worldbank.org/v2/country/all/indicator/SP.DYN.LE00.IN?format=json&date=2019:2022
LCN,Latin America & Caribbean,75.2042598654921,73.1889367681402,2.01532309735191,71.8141762189306,3.390083646561507,74.6472095421659,0.5570503233262087,3.390083646561507,True,SP.DYN.LE00.IN,https://api.worldbank.org/v2/country/all/indicator/SP.DYN.LE00.IN?format=json&date=2019:2022
LDC,Least developed countries: UN classification,64.9725014356556,64.8324945516306,0.1400068840249986,64.2674143744269,0.7050870612286957,65.7632017862259,-0.7907003505703045,0.7050870612286957,True,SP.DYN.LE00.IN,https://api.worldbank.org/v2/country/all/indicator/SP.DYN.LE00.IN?format=json&date=2019:2022
LIE,Liechtenstein,84.1609756097561,81.6585365853659,2.502439024390199,84.4024390243902,-0.24146341463411147,84.1219512195122,0.03902439024389537,2.502439024390199,True,SP.DYN.LE00.IN,https://api.worldbank.org/v2/country/all/indicator/SP.DYN.LE00.IN?format=json&date=2019:2022
LKA,Sri Lanka,76.698,76.928,-0.23000000000000398,76.278,0.4199999999999875,77.3,-0.6020000000000039,0.4199999999999875,True,SP.DYN.LE00.IN,https://api.worldbank.org/v2/country/all/indicator/SP.DYN.LE00.IN?format=json&date=2019:2022
LMY,Low & middle income,71.3694923345361,70.7483566757416,0.6211356587945005,69.6714349467729,1.6980573877631997,71.6849259477066,-0.315433613170498,1.6980573877631997,True,SP.DYN.LE00.IN,https://api.worldbank.org/v2/country/all/indicator/SP.DYN.LE00.IN?format=json&date=2019:2022
LSO,Lesotho,55.249,55.133,0.11599999999999966,54.209,1.0399999999999991,56.812,-1.5629999999999953,1.0399999999999991,True,SP.DYN.LE00.IN,https://api.worldbank.org/v2/country/all/indicator/SP.DYN.LE00.IN?format=json&date=2019:2022
LTE,Late-demographic dividend,76.9979606258316,76.6935638074913,0.30439681834029386,76.3060136977083,0.6919469281233006,76.954367313865,0.043593311966589,0.6919469281233006,True,SP.DYN.LE00.IN,https://api.worldbank.org/v2/country/all/indicator/SP.DYN.LE00.IN?format=json&date=2019:2022
LTU,Lithuania,76.2829268292683,75.0292682926829,1.2536585365854052,74.0365853658537,2.246341463414609,75.6439024390244,0.6390243902439039,2.246341463414609,True,SP.DYN.LE00.IN,https://api.worldbank.org/v2/country/all/indicator/SP.DYN.LE00.IN?format=json&date=2019:2022
LUX,Luxembourg,82.6390243902439,82.1439024390244,0.4951219512195024,82.5975609756098,0.04146341463410863,82.9463414634147,-0.30731707317079326,0.4951219512195024,True,SP.DYN.LE00.IN,https://api.worldbank.org/v2/country/all/indicator/SP.DYN.LE00.IN?format=json&date=2019:2022
LVA,Latvia,75.3878048780488,75.1853658536585,0.20243902439030137,72.9804878048781,2.4073170731707023,74.2780487804878,1.1097560975610037,2.4073170731707023,True,SP.DYN.LE00.IN,https://api.worldbank.org/v2/country/all/indicator/SP.DYN.LE00.IN?format=json&date=2019:2022
MAC,"Macao SAR, China",83.9292682926829,84.1292682926829,-0.19999999999998863,83.7292682926829,0.20000000000000284,83.0804878048781,0.8487804878048024,0.8487804878048024,True,SP.DYN.LE00.IN,https://api.worldbank.org/v2/country/all/indicator/SP.DYN.LE00.IN?format=json&date=2019:2022
MAF,St. Martin (French part),80.078,80.085,-0.006999999999990791,80.206,-0.1280000000000001,80.236,-0.15800000000000125,-0.006999999999990791,True,SP.DYN.LE00.IN,https://api.worldbank.org/v2/country/all/indicator/SP.DYN.LE00.IN?format=json&date=2019:2022
MAR,Morocco,74.245,73.133,1.112000000000009,73.385,0.8599999999999994,75.161,-0.9159999999999968,1.112000000000009,True,SP.DYN.LE00.IN,https://api.worldbank.org/v2/country/all/indicator/SP.DYN.LE00.IN?format=json&date=2019:2022
MCO,Monaco,86.151,86.089,0.06199999999999761,85.113,1.0379999999999967,85.746,0.40500000000000114,1.0379999999999967,True,SP.DYN.LE00.IN,https://api.worldbank.org/v2/country/all/indicator/SP.DYN.LE00.IN?format=json&date=2019:2022
MDA,Moldova,70.181,69.914,0.2669999999999959,68.991,1.1899999999999977,71.546,-1.365000000000009,1.1899999999999977,True,SP.DYN.LE00.IN,https://api.worldbank.org/v2/country/all/indicator/SP.DYN.LE00.IN?format=json&date=2019:2022
MDG,Madagascar,63.504,62.706,0.7979999999999947,62.516,0.9879999999999995,63.068,0.43599999999999994,0.9879999999999995,True,SP.DYN.LE00.IN,https://api.worldbank.org/v2/country/all/indicator/SP.DYN.LE00.IN?format=json&date=2019:2022
MDV,Maldives,79.707,78.713,0.9939999999999998,78.052,1.654999999999987,80.76,-1.0530000000000115,1.654999999999987,True,SP.DYN.LE00.IN,https://api.worldbank.org/v2/country/all/indicator/SP.DYN.LE00.IN?format=json&date=2019:2022
MEA,"Middle East, North Africa, Afghanistan & Pakistan",71.2438695042576,69.9110789555644,1.3327905486931968,69.7113193479505,1.53255015630711,71.6917293154863,-0.447859811228696,1.53255015630711,True,SP.DYN.LE00.IN,https://api.worldbank.org/v2/country/all/indicator/SP.DYN.LE00.IN?format=json&date=2019:2022
MEX,Mexico,74.53,70.449,4.081000000000003,69.75,4.780000000000001,73.973,0.5570000000000022,4.780000000000001,True,SP.DYN.LE00.IN,https://api.worldbank.org/v2/country/all/indicator/SP.DYN.LE00.IN?format=json&date=2019:2022
MHL,Marshall Islands,66.047,65.387,0.6599999999999966,65.421,0.6259999999999906,66.725,-0.6779999999999973,0.6599999999999966,True,SP.DYN.LE00.IN,https://api.worldbank.org/v2/country/all/indicator/SP.DYN.LE00.IN?format=json&date=2019:2022
MIC,Middle income,72.1892666738243,71.5211164808267,0.6681501929976008,70.3953530328654,1.7939136409589054,72.5172020330295,-0.327935359205199,1.7939136409589054,True,SP.DYN.LE00.IN,https://api.worldbank.org/v2/country/all/indicator/SP.DYN.LE00.IN?format=json&date=2019:2022
MKD,North Macedonia,76.6024390243903,74.3951219512195,2.207317073170813,73.2463414634146,3.356097560975712,74.4248780487805,2.1775609756098078,3.356097560975712,True,SP.DYN.LE00.IN,https://api.worldbank.org/v2/country/all/indicator/SP.DYN.LE00.IN?format=json&date=2019:2022
MLI,Mali,59.217,58.858,0.35900000000000176,59.116,0.10099999999999909,60.035,-0.8179999999999978,0.35900000000000176,True,SP.DYN.LE00.IN,https://api.worldbank.org/v2/country/all/indicator/SP.DYN.LE00.IN?format=json&date=2019:2022
MLT,Malta,82.6585365853659,82.0975609756098,0.560975609756099,82.2585365853659,0.3999999999999915,82.2975609756098,0.3609756097560961,0.560975609756099,True,SP.DYN.LE00.IN,https://api.worldbank.org/v2/country/all/indicator/SP.DYN.LE00.IN?format=json&date=2019:2022
MMR,Myanmar,66.457,66.612,-0.15500000000000114,65.553,0.9039999999999964,66.506,-0.049000000000006594,0.9039999999999964,True,SP.DYN.LE00.IN,https://api.worldbank.org/v2/country/all/indicator/SP.DYN.LE00.IN?format=json&date=2019:2022
MNA,"Middle East, North Africa, Afghanistan & Pakistan (excluding high income)",70.417484585256,69.050634286622,1.3668502986340059,68.9280214782652,1.4894631069908115,71.0055315443397,-0.5880469590836981,1.4894631069908115,True,SP.DYN.LE00.IN,https://api.worldbank.org/v2/country/all/indicator/SP.DYN.LE00.IN?format=json&date=2019:2022
MNE,Montenegro,76.6829268292683,75.9317073170732,0.7512195121950924,73.8243902439024,2.858536585365897,76.1878048780488,0.4951219512195024,2.858536585365897,True,SP.DYN.LE00.IN,https://api.worldbank.org/v2/country/all/indicator/SP.DYN.LE00.IN?format=json&date=2019:2022
MNG,Mongolia,71.0531707317073,71.3490243902439,-0.2958536585366005,71.6451219512195,-0.5919512195121968,71.9007317073171,-0.8475609756098095,-0.2958536585366005,True,SP.DYN.LE00.IN,https://api.worldbank.org/v2/country/all/indicator/SP.DYN.LE00.IN?format=json&date=2019:2022
MNP,Northern Mariana Islands,77.844,78.03,-0.18600000000000705,78.16,-0.3160000000000025,78.531,-0.6870000000000118,-0.18600000000000705,True,SP.DYN.LE00.IN,https://api.worldbank.org/v2/country/all/indicator/SP.DYN.LE00.IN?format=json&date=2019:2022
MOZ,Mozambique,61.306,61.39,-0.08400000000000318,60.268,1.0379999999999967,63.011,-1.7050000000000054,1.0379999999999967,True,SP.DYN.LE00.IN,https://api.worldbank.org/v2/country/all/indicator/SP.DYN.LE00.IN?format=json&date=2019:2022
MRT,Mauritania,67.64,66.794,0.8460000000000036,66.762,0.8780000000000001,68.281,-0.6410000000000053,0.8780000000000001,True,SP.DYN.LE00.IN,https://api.worldbank.org/v2/country/all/indicator/SP.DYN.LE00.IN?format=json&date=2019:2022
MUS,Mauritius,74.2358536585366,74.1770731707317,0.05878048780489564,73.680243902439,0.5556097560975957,73.5146341463415,0.7212195121950913,0.7212195121950913,True,SP.DYN.LE00.IN,https://api.worldbank.org/v2/country/all/indicator/SP.DYN.LE00.IN?format=json&date=2019:2022
MWI,Malawi,64.995,65.216,-0.22099999999998943,64.782,0.21300000000000807,66.037,-1.0420000000000016,0.21300000000000807,True,SP.DYN.LE00.IN,https://api.worldbank.org/v2/country/all/indicator/SP.DYN.LE00.IN?format=json&date=2019:2022
MYS,Malaysia,75.9,76.057,-0.15699999999999648,73.917,1.983000000000004,75.444,0.45600000000000307,1.983000000000004,True,SP.DYN.LE00.IN,https://api.worldbank.org/v2/country/all/indicator/SP.DYN.LE00.IN?format=json&date=2019:2022
NAC,North America,79.1328897249464,77.4492830759645,1.6836066489818933,76.8590196370959,2.273870087850497,77.8170599153732,1.315829809573188,2.273870087850497,True,SP.DYN.LE00.IN,https://api.worldbank.org/v2/country/all/indicator/SP.DYN.LE00.IN?format=json&date=2019:2022
NAM,Namibia,63.546,64.071,-0.5249999999999986,60.85,2.695999999999998,64.19,-0.6439999999999984,2.695999999999998,True,SP.DYN.LE00.IN,https://api.worldbank.org/v2/country/all/indicator/SP.DYN.LE00.IN?format=json&date=2019:2022
NCL,New Caledonia,77.262,77.049,0.21299999999999386,77.113,0.1490000000000009,77.698,-0.43599999999999284,0.21299999999999386,True,SP.DYN.LE00.IN,https://api.worldbank.org/v2/country/all/indicator/SP.DYN.LE00.IN?format=json&date=2019:2022
NER,Niger,60.031,59.89,0.14099999999999824,59.542,0.4889999999999972,60.398,-0.36700000000000443,0.4889999999999972,True,SP.DYN.LE00.IN,https://api.worldbank.org/v2/country/all/indicator/SP.DYN.LE00.IN?format=json&date=2019:2022
NGA,Nigeria,53.009,53.072,-0.06300000000000239,53.455,-0.44599999999999795,54.079,-1.0700000000000003,-0.06300000000000239,True,SP.DYN.LE00.IN,https://api.worldbank.org/v2/country/all/indicator/SP.DYN.LE00.IN?format=json&date=2019:2022
NIC,Nicaragua,73.764,70.766,2.9979999999999905,70.478,3.2860000000000014,74.463,-0.6989999999999981,3.2860000000000014,True,SP.DYN.LE00.IN,https://api.worldbank.org/v2/country/all/indicator/SP.DYN.LE00.IN?format=json&date=2019:2022
NLD,Netherlands,82.1121951219512,81.3585365853659,0.7536585365853057,81.309756097561,0.8024390243901962,81.6146341463415,0.4975609756097015,0.8024390243901962,True,SP.DYN.LE00.IN,https://api.worldbank.org/v2/country/all/indicator/SP.DYN.LE00.IN?format=json&date=2019:2022
NOR,Norway,82.9585365853659,83.209756097561,-0.2512195121950924,83.1634146341463,-0.20487804878040095,82.509756097561,0.4487804878049104,0.4487804878049104,True,SP.DYN.LE00.IN,https://api.worldbank.org/v2/country/all/indicator/SP.DYN.LE00.IN?format=json&date=2019:2022
NPL,Nepal,69.299,69.106,0.19300000000001205,68.385,0.9140000000000015,70.087,-0.7879999999999967,0.9140000000000015,True,SP.DYN.LE00.IN,https://api.worldbank.org/v2/country/all/indicator/SP.DYN.LE00.IN?format=json&date=2019:2022
NRU,Nauru,61.393,61.527,-0.13400000000000034,61.331,0.06199999999999761,61.93,-0.536999999999999,0.06199999999999761,True,SP.DYN.LE00.IN,https://api.worldbank.org/v2/country/all/indicator/SP.DYN.LE00.IN?format=json&date=2019:2022
NZL,New Zealand,82.0560975609756,82.2560975609756,-0.20000000000000284,82.2073170731707,-0.1512195121950981,81.9585365853658,0.09756097560979526,0.09756097560979526,True,SP.DYN.LE00.IN,https://api.worldbank.org/v2/country/all/indicator/SP.DYN.LE00.IN?format=json&date=2019:2022
OED,OECD members,80.2449246601415,78.957862837755,1.2870618223865051,78.5867291925709,1.6581954675706072,79.5170042308814,0.7279204292601094,1.6581954675706072,True,SP.DYN.LE00.IN,https://api.worldbank.org/v2/country/all/indicator/SP.DYN.LE00.IN?format=json&date=2019:2022
OMN,Oman,79.946,77.763,2.1829999999999927,75.969,3.977000000000004,77.911,2.0349999999999966,3.977000000000004,True,SP.DYN.LE00.IN,https://api.worldbank.org/v2/country/all/indicator/SP.DYN.LE00.IN?format=json&date=2019:2022
OSS,Other small states,72.6570116424877,72.5097097789427,0.14730186354499608,71.7699719301416,0.8870397123461089,72.9062214171014,-0.24920977461370342,0.8870397123461089,True,SP.DYN.LE00.IN,https://api.worldbank.org/v2/country/all/indicator/SP.DYN.LE00.IN?format=json&date=2019:2022
PAK,Pakistan,66.729,65.701,1.0280000000000058,65.773,0.9560000000000031,67.417,-0.6880000000000024,1.0280000000000058,True,SP.DYN.LE00.IN,https://api.worldbank.org/v2/country/all/indicator/SP.DYN.LE00.IN?format=json&date=2019:2022
PAN,Panama,78.514,76.33,2.1839999999999975,77.004,1.509999999999991,79.324,-0.8100000000000023,2.1839999999999975,True,SP.DYN.LE00.IN,https://api.worldbank.org/v2/country/all/indicator/SP.DYN.LE00.IN?format=json&date=2019:2022
PER,Peru,76.275,73.832,2.443000000000012,71.596,4.679000000000002,76.834,-0.5589999999999975,4.679000000000002,True,SP.DYN.LE00.IN,https://api.worldbank.org/v2/country/all/indicator/SP.DYN.LE00.IN?format=json&date=2019:2022
PHL,Philippines,69.68,70.097,-0.4169999999999874,66.675,3.0050000000000097,69.472,0.20800000000001262,3.0050000000000097,True,SP.DYN.LE00.IN,https://api.worldbank.org/v2/country/all/indicator/SP.DYN.LE00.IN?format=json&date=2019:2022
PLW,Palau,68.982,68.689,0.29300000000000637,68.563,0.41899999999999693,68.922,0.060000000000002274,0.41899999999999693,True,SP.DYN.LE00.IN,https://api.worldbank.org/v2/country/all/indicator/SP.DYN.LE00.IN?format=json&date=2019:2022
PNG,Papua New Guinea,65.331,65.075,0.2560000000000002,64.358,0.972999999999999,65.274,0.05700000000000216,0.972999999999999,True,SP.DYN.LE00.IN,https://api.worldbank.org/v2/country/all/indicator/SP.DYN.LE00.IN?format=json&date=2019:2022
POL,Poland,77.9048780487805,76.4,1.5048780487804976,75.3512195121951,2.5536585365854023,77.1560975609756,0.7487804878049076,2.5536585365854023,True,SP.DYN.LE00.IN,https://api.worldbank.org/v2/country/all/indicator/SP.DYN.LE00.IN?format=json&date=2019:2022
PRE,Pre-demographic dividend,60.5568531204624,60.5013545897269,0.055498530735498264,60.275328471243,0.28152464921939924,61.3833052969468,-0.826452176484402,0.28152464921939924,True,SP.DYN.LE00.IN,https://api.worldbank.org/v2/country/all/indicator/SP.DYN.LE00.IN?format=json&date=2019:2022
PRI,Puerto Rico (US),81.438,80.009,1.429000000000002,79.77,1.6680000000000064,79.427,2.0109999999999957,2.0109999999999957,True,SP.DYN.LE00.IN,https://api.worldbank.org/v2/country/all/indicator/SP.DYN.LE00.IN?format=json&date=2019:2022
PRK,"Korea, Dem. People's Rep.",72.928,72.783,0.14499999999999602,73.437,-0.5090000000000003,73.641,-0.7130000000000081,0.14499999999999602,True,SP.DYN.LE00.IN,https://api.worldbank.org/v2/country/all/indicator/SP.DYN.LE00.IN?format=json&date=2019:2022
PRT,Portugal,81.6756097560976,81.3292682926829,0.34634146341470284,81.3780487804878,0.2975609756097981,81.6317073170732,0.04390243902440716,0.34634146341470284,True,SP.DYN.LE00.IN,https://api.worldbank.org/v2/country/all/indicator/SP.DYN.LE00.IN?format=json&date=2019:2022
PRY,Paraguay,73.668,72.72,0.9480000000000075,68.108,5.560000000000002,72.319,1.3490000000000038,5.560000000000002,True,SP.DYN.LE00.IN,https://api.worldbank.org/v2/country/all/indicator/SP.DYN.LE00.IN?format=json&date=2019:2022
PSE,West Bank and Gaza,75.811,74.998,0.8130000000000024,73.89,1.9210000000000065,76.662,-0.8509999999999991,1.9210000000000065,True,SP.DYN.LE00.IN,https://api.worldbank.org/v2/country/all/indicator/SP.DYN.LE00.IN?format=json&date=2019:2022
PSS,Pacific island small states,68.6421578303985,68.3568108792759,0.2853469511226052,67.4810209240703,1.1611369063282098,69.1004348993561,-0.45827706895759945,1.1611369063282098,True,SP.DYN.LE00.IN,https://api.worldbank.org/v2/country/all/indicator/SP.DYN.LE00.IN?format=json&date=2019:2022
PST,Post-demographic dividend,80.9699118452096,80.0657047954118,0.9042070497977903,79.7932852795952,1.1766265656143986,80.1924721633692,0.7774396818403915,1.1766265656143986,True,SP.DYN.LE00.IN,https://api.worldbank.org/v2/country/all/indicator/SP.DYN.LE00.IN?format=json&date=2019:2022
PYF,French Polynesia,83.195,82.459,0.73599999999999,79.571,3.6239999999999952,83.859,-0.6640000000000015,3.6239999999999952,True,SP.DYN.LE00.IN,https://api.worldbank.org/v2/country/all/indicator/SP.DYN.LE00.IN?format=json&date=2019:2022
QAT,Qatar,82.945,80.409,2.535999999999987,81.083,1.8619999999999948,81.857,1.0879999999999939,2.535999999999987,True,SP.DYN.LE00.IN,https://api.worldbank.org/v2/country/all/indicator/SP.DYN.LE00.IN?format=json&date=2019:2022
ROU,Romania,75.6073170731707,74.2536585365854,1.3536585365853,72.809756097561,2.7975609756096986,75.1536585365854,0.4536585365853085,2.7975609756096986,True,SP.DYN.LE00.IN,https://api.worldbank.org/v2/country/all/indicator/SP.DYN.LE00.IN?format=json&date=2019:2022
RUS,Russian Federation,73.0839024390244,71.3387804878049,1.7451219512195024,69.900243902439,3.1836585365853978,72.5456097560976,0.5382926829267944,3.1836585365853978,True,SP.DYN.LE00.IN,https://api.worldbank.org/v2/country/all/indicator/SP.DYN.LE00.IN?format=json&date=2019:2022
RWA,Rwanda,66.691,66.953,-0.26200000000000045,66.85,-0.15899999999999181,67.528,-0.8370000000000033,-0.15899999999999181,True,SP.DYN.LE00.IN,https://api.worldbank.org/v2/country/all/indicator/SP.DYN.LE00.IN?format=json&date=2019:2022
SAS,South Asia,70.9975623145981,70.3622206982499,0.6353416163481995,67.8215299767513,3.176032337846806,72.0115731308447,-1.0140108162465964,3.176032337846806,True,SP.DYN.LE00.IN,https://api.worldbank.org/v2/country/all/indicator/SP.DYN.LE00.IN?format=json&date=2019:2022
SAU,Saudi Arabia,78.313,77.596,0.7169999999999987,77.089,1.2240000000000038,77.31,1.0030000000000001,1.2240000000000038,True,SP.DYN.LE00.IN,https://api.worldbank.org/v2/country/all/indicator/SP.DYN.LE00.IN?format=json&date=2019:2022
SDN,Sudan,65.803,65.124,0.679000000000002,64.46,1.3430000000000035,65.695,0.10800000000000409,1.3430000000000035,True,SP.DYN.LE00.IN,https://api.worldbank.org/v2/country/all/indicator/SP.DYN.LE00.IN?format=json&date=2019:2022
SEN,Senegal,67.668,67.496,0.17200000000001125,66.868,0.8000000000000114,67.788,-0.11999999999999034,0.8000000000000114,True,SP.DYN.LE00.IN,https://api.worldbank.org/v2/country/all/indicator/SP.DYN.LE00.IN?format=json&date=2019:2022
SGP,Singapore,83.5951219512195,83.5439024390244,0.05121951219510379,83.0926829268293,0.502439024390199,82.8951219512195,0.7000000000000028,0.7000000000000028,True,SP.DYN.LE00.IN,https://api.worldbank.org/v2/country/all/indicator/SP.DYN.LE00.IN?format=json&date=2019:2022
SLB,Solomon Islands,69.981,69.258,0.722999999999999,68.89,1.090999999999994,70.409,-0.4280000000000115,1.090999999999994,True,SP.DYN.LE00.IN,https://api.worldbank.org/v2/country/all/indicator/SP.DYN.LE00.IN?format=json&date=2019:2022
SLE,Sierra Leone,59.593,59.694,-0.10099999999999909,60.26,-0.6669999999999945,61.275,-1.681999999999995,-0.10099999999999909,True,SP.DYN.LE00.IN,https://api.worldbank.org/v2/country/all/indicator/SP.DYN.LE00.IN?format=json&date=2019:2022
SLV,El Salvador,71.725,70.244,1.4809999999999945,69.941,1.7839999999999918,71.969,-0.24399999999999977,1.7839999999999918,True,SP.DYN.LE00.IN,https://api.worldbank.org/v2/country/all/indicator/SP.DYN.LE00.IN?format=json&date=2019:2022
SMR,San Marino,85.257,82.65,2.6069999999999993,83.539,1.7180000000000035,85.708,-0.4509999999999934,2.6069999999999993,True,SP.DYN.LE00.IN,https://api.worldbank.org/v2/country/all/indicator/SP.DYN.LE00.IN?format=json&date=2019:2022
SOM,"Somalia, Fed. Rep.",57.249,57.095,0.15400000000000347,55.703,1.5459999999999994,53.931,3.318000000000005,3.318000000000005,True,SP.DYN.LE00.IN,https://api.worldbank.org/v2/country/all/indicator/SP.DYN.LE00.IN?format=json&date=2019:2022
SRB,Serbia,75.9365853658537,74.4780487804878,1.4585365853659056,72.780487804878,3.156097560975695,75.2365853658537,0.7000000000000028,3.156097560975695,True,SP.DYN.LE00.IN,https://api.worldbank.org/v2/country/all/indicator/SP.DYN.LE00.IN?format=json&date=2019:2022
SSA,Sub-Saharan Africa (excluding high income),60.6066409029614,60.6223697926718,-0.015728889710395322,60.1775488576346,0.42909204532680434,61.2833700706225,-0.6767291676611009,0.42909204532680434,True,SP.DYN.LE00.IN,https://api.worldbank.org/v2/country/all/indicator/SP.DYN.LE00.IN?format=json&date=2019:2022
SSD,South Sudan,58.129,57.648,0.48099999999999454,57.047,1.0820000000000007,57.203,0.9259999999999948,1.0820000000000007,True,SP.DYN.LE00.IN,https://api.worldbank.org/v2/country/all/indicator/SP.DYN.LE00.IN?format=json&date=2019:2022
SSF,Sub-Saharan Africa,61.1293664117069,61.1676531593734,-0.038286747666504084,60.7035030087831,0.4258634029237953,61.8572731122839,-0.7279067005770017,0.4258634029237953,True,SP.DYN.LE00.IN,https://api.worldbank.org/v2/country/all/indicator/SP.DYN.LE00.IN?format=json&date=2019:2022
SST,Small states,72.0009607335469,71.8255552822673,0.17540545127960172,70.7756825891382,1.2252781444087049,72.380297225352,-0.3793364918050912,1.2252781444087049,True,SP.DYN.LE00.IN,https://api.worldbank.org/v2/country/all/indicator/SP.DYN.LE00.IN?format=json&date=2019:2022
STP,Sao Tome and Principe,68.043,67.979,0.06400000000000716,68.026,0.017000000000010118,69.237,-1.1939999999999884,0.06400000000000716,True,SP.DYN.LE00.IN,https://api.worldbank.org/v2/country/all/indicator/SP.DYN.LE00.IN?format=json&date=2019:2022
SUR,Suriname,71.773,72.321,-0.5480000000000018,68.943,2.8299999999999983,73.254,-1.4810000000000088,2.8299999999999983,True,SP.DYN.LE00.IN,https://api.worldbank.org/v2/country/all/indicator/SP.DYN.LE00.IN?format=json&date=2019:2022
SVK,Slovak Republic,77.6658536585366,76.8658536585366,0.8000000000000114,74.6146341463415,3.051219512195104,76.9658536585366,0.7000000000000028,3.051219512195104,True,SP.DYN.LE00.IN,https://api.worldbank.org/v2/country/all/indicator/SP.DYN.LE00.IN?format=json&date=2019:2022
SVN,Slovenia,81.5292682926829,80.5317073170732,0.9975609756097015,80.6756097560976,0.8536585365853,81.2829268292683,0.24634146341459484,0.9975609756097015,True,SP.DYN.LE00.IN,https://api.worldbank.org/v2/country/all/indicator/SP.DYN.LE00.IN?format=json&date=2019:2022
SWE,Sweden,83.109756097561,82.3560975609756,0.7536585365854052,83.0560975609756,0.05365853658540232,83.0585365853659,0.05121951219510379,0.7536585365854052,True,SP.DYN.LE00.IN,https://api.worldbank.org/v2/country/all/indicator/SP.DYN.LE00.IN?format=json&date=2019:2022
SWZ,Eswatini,59.85,59.862,-0.012000000000000455,58.228,1.6219999999999999,63.028,-3.1779999999999973,1.6219999999999999,True,SP.DYN.LE00.IN,https://api.worldbank.org/v2/country/all/indicator/SP.DYN.LE00.IN?format=json&date=2019:2022
SXM,Sint Maarten (Dutch part),75.68,75.002,0.6780000000000115,74.505,1.1750000000000114,76.18,-0.5,1.1750000000000114,True,SP.DYN.LE00.IN,https://api.worldbank.org/v2/country/all/indicator/SP.DYN.LE00.IN?format=json&date=2019:2022
SYC,Seychelles,74.0463414634146,77.2365853658537,-3.190243902439093,73.3975609756097,0.6487804878049133,74.509756097561,-0.46341463414638895,0.6487804878049133,True,SP.DYN.LE00.IN,https://api.worldbank.org/v2/country/all/indicator/SP.DYN.LE00.IN?format=json&date=2019:2022
SYR,Syrian Arab Republic,70.97,71.944,-0.9740000000000038,72.418,-1.4480000000000075,72.79,-1.8200000000000074,-0.9740000000000038,True,SP.DYN.LE00.IN,https://api.worldbank.org/v2/country/all/indicator/SP.DYN.LE00.IN?format=json&date=2019:2022
TCA,Turks and Caicos Islands,77.691,77.499,0.19200000000000728,77.234,0.45700000000000784,77.918,-0.22700000000000387,0.45700000000000784,True,SP.DYN.LE00.IN,https://api.worldbank.org/v2/country/all/indicator/SP.DYN.LE00.IN?format=json&date=2019:2022
TCD,Chad,52.993,53.082,-0.08899999999999864,53.136,-0.14300000000000068,54.528,-1.5349999999999966,-0.08899999999999864,True,SP.DYN.LE00.IN,https://api.worldbank.org/v2/country/all/indicator/SP.DYN.LE00.IN?format=json&date=2019:2022
TEA,East Asia & Pacific (IDA & IBRD countries),75.8042877234534,75.7338497054699,0.07043801798350557,75.3009806060199,0.5033071174334935,75.9610347461336,-0.15674702268020724,0.5033071174334935,True,SP.DYN.LE00.IN,https://api.worldbank.org/v2/country/all/indicator/SP.DYN.LE00.IN?format=json&date=2019:2022
TEC,Europe & Central Asia (IDA & IBRD countries),74.590946255432,73.1492512511888,1.4416950042432006,72.1506406826172,2.4403055728148075,74.1883654842503,0.40258077118170377,2.4403055728148075,True,SP.DYN.LE00.IN,https://api.worldbank.org/v2/country/all/indicator/SP.DYN.LE00.IN?format=json&date=2019:2022
TGO,Togo,61.061,61.14,-0.07900000000000063,61.337,-0.27600000000000335,62.292,-1.2310000000000016,-0.07900000000000063,True,SP.DYN.LE00.IN,https://api.worldbank.org/v2/country/all/indicator/SP.DYN.LE00.IN?format=json&date=2019:2022
THA,Thailand,77.197,77.331,-0.13400000000000034,77.606,-0.4089999999999918,75.291,1.906000000000006,1.906000000000006,True,SP.DYN.LE00.IN,https://api.worldbank.org/v2/country/all/indicator/SP.DYN.LE00.IN?format=json&date=2019:2022
TJK,Tajikistan,70.962,68.605,2.3569999999999993,69.594,1.3680000000000092,71.562,-0.5999999999999943,2.3569999999999993,True,SP.DYN.LE00.IN,https://api.worldbank.org/v2/country/all/indicator/SP.DYN.LE00.IN?format=json&date=2019:2022
TKM,Turkmenistan,69.405,68.846,0.5589999999999975,69.353,0.05200000000000671,69.913,-0.5079999999999956,0.5589999999999975,True,SP.DYN.LE00.IN,https://api.worldbank.org/v2/country/all/indicator/SP.DYN.LE00.IN?format=json&date=2019:2022
TLA,Latin America & the Caribbean (IDA & IBRD countries),75.1319711493442,73.0747493617473,2.0572217875969017,71.7449274626405,3.3870436867036915,74.5684293540859,0.5635417952583026,3.3870436867036915,True,SP.DYN.LE00.IN,https://api.worldbank.org/v2/country/all/indicator/SP.DYN.LE00.IN?format=json&date=2019:2022
TLS,Timor-Leste,66.496,66.919,-0.4230000000000018,66.199,0.29699999999999704,67.368,-0.8719999999999999,0.29699999999999704,True,SP.DYN.LE00.IN,https://api.worldbank.org/v2/country/all/indicator/SP.DYN.LE00.IN?format=json&date=2019:2022
TMN,"Middle East, North Africa, Afghanistan & Pakistan (IDA & IBRD)",70.3800917806817,69.0090964026373,1.3709953780443982,68.8931032282321,1.4869885524495885,70.965432550888,-0.5853407702063009,1.4869885524495885,True,SP.DYN.LE00.IN,https://api.worldbank.org/v2/country/all/indicator/SP.DYN.LE00.IN?format=json&date=2019:2022
TON,Tonga,72.292,72.379,-0.0870000000000033,72.13,0.16200000000000614,72.635,-0.3430000000000035,0.16200000000000614,True,SP.DYN.LE00.IN,https://api.worldbank.org/v2/country/all/indicator/SP.DYN.LE00.IN?format=json&date=2019:2022
TSA,South Asia (IDA & IBRD),70.9975623145981,70.3622206982498,0.635341616348299,67.8215299767513,3.176032337846806,72.0115731308447,-1.0140108162465964,3.176032337846806,True,SP.DYN.LE00.IN,https://api.worldbank.org/v2/country/all/indicator/SP.DYN.LE00.IN?format=json&date=2019:2022
TSS,Sub-Saharan Africa (IDA & IBRD countries),61.1293664117069,61.1676531593734,-0.038286747666504084,60.7035030087831,0.4258634029237953,61.8572731122839,-0.7279067005770017,0.4258634029237953,True,SP.DYN.LE00.IN,https://api.worldbank.org/v2/country/all/indicator/SP.DYN.LE00.IN?format=json&date=2019:2022
TTO,Trinidad and Tobago,72.836,72.645,0.1910000000000025,71.111,1.7249999999999943,73.331,-0.49500000000000455,1.7249999999999943,True,SP.DYN.LE00.IN,https://api.worldbank.org/v2/country/all/indicator/SP.DYN.LE00.IN?format=json&date=2019:2022
TUN,Tunisia,75.599,75.004,0.5949999999999989,72.893,2.706000000000003,76.05,-0.4509999999999934,2.706000000000003,True,SP.DYN.LE00.IN,https://api.worldbank.org/v2/country/all/indicator/SP.DYN.LE00.IN?format=json&date=2019:2022
TUR,Turkiye,77.737,76.525,1.211999999999989,75.722,2.0150000000000006,77.591,0.1460000000000008,2.0150000000000006,True,SP.DYN.LE00.IN,https://api.worldbank.org/v2/country/all/indicator/SP.DYN.LE00.IN?format=json&date=2019:2022
TUV,Tuvalu,66.109,66.357,-0.24800000000000466,65.824,0.2849999999999966,66.852,-0.7430000000000092,0.2849999999999966,True,SP.DYN.LE00.IN,https://api.worldbank.org/v2/country/all/indicator/SP.DYN.LE00.IN?format=json&date=2019:2022
TZA,Tanzania,66.007,66.771,-0.7639999999999958,66.131,-0.12399999999999523,66.879,-0.8719999999999999,-0.12399999999999523,True,SP.DYN.LE00.IN,https://api.worldbank.org/v2/country/all/indicator/SP.DYN.LE00.IN?format=json&date=2019:2022
UGA,Uganda,66.354,66.41,-0.055999999999997385,66.45,-0.09600000000000364,67.675,-1.320999999999998,-0.055999999999997385,True,SP.DYN.LE00.IN,https://api.worldbank.org/v2/country/all/indicator/SP.DYN.LE00.IN?format=json&date=2019:2022
UKR,Ukraine,73.92,73.283,0.6370000000000005,71.631,2.2890000000000015,72.658,1.2620000000000005,2.2890000000000015,True,SP.DYN.LE00.IN,https://api.worldbank.org/v2/country/all/indicator/SP.DYN.LE00.IN?format=json&date=2019:2022
URY,Uruguay,77.503,78.381,-0.8780000000000001,75.434,2.0690000000000026,76.468,1.0349999999999966,2.0690000000000026,True,SP.DYN.LE00.IN,https://api.worldbank.org/v2/country/all/indicator/SP.DYN.LE00.IN?format=json&date=2019:2022
USA,United States,78.7878048780488,76.9804878048781,1.807317073170708,76.3292682926829,2.4585365853659056,77.4341463414634,1.3536585365853995,2.4585365853659056,True,SP.DYN.LE00.IN,https://api.worldbank.org/v2/country/all/indicator/SP.DYN.LE00.IN?format=json&date=2019:2022
UZB,Uzbekistan,72.093,71.461,0.632000000000005,71.681,0.41200000000000614,72.147,-0.054000000000002046,0.632000000000005,True,SP.DYN.LE00.IN,https://api.worldbank.org/v2/country/all/indicator/SP.DYN.LE00.IN?format=json&date=2019:2022
VCT,St. Vincent and the Grenadines,70.994,69.605,1.3889999999999958,69.132,1.8619999999999948,71.191,-0.19700000000000273,1.8619999999999948,True,SP.DYN.LE00.IN,https://api.worldbank.org/v2/country/all/indicator/SP.DYN.LE00.IN?format=json&date=2019:2022
VEN,"Venezuela, RB",72.766,72.369,0.39700000000000557,71.536,1.230000000000004,72.566,0.20000000000000284,1.230000000000004,True,SP.DYN.LE00.IN,https://api.worldbank.org/v2/country/all/indicator/SP.DYN.LE00.IN?format=json&date=2019:2022
VGB,British Virgin Islands,76.845,76.894,-0.049000000000006594,75.297,1.5480000000000018,77.177,-0.33200000000000784,1.5480000000000018,True,SP.DYN.LE00.IN,https://api.worldbank.org/v2/country/all/indicator/SP.DYN.LE00.IN?format=json&date=2019:2022
VIR,Virgin Islands (U.S.),79.6682926829268,79.819512195122,-0.15121951219519758,80.0682926829268,-0.3999999999999915,80.319512195122,-0.6512195121951976,-0.15121951219519758,True,SP.DYN.LE00.IN,https://api.worldbank.org/v2/country/all/indicator/SP.DYN.LE00.IN?format=json&date=2019:2022
VNM,Viet Nam,74.211,75.383,-1.171999999999997,74.145,0.0660000000000025,74.502,-0.2909999999999968,0.0660000000000025,True,SP.DYN.LE00.IN,https://api.worldbank.org/v2/country/all/indicator/SP.DYN.LE00.IN?format=json&date=2019:2022
VUT,Vanuatu,70.783,70.385,0.39799999999999613,69.952,0.8310000000000031,71.302,-0.5190000000000055,0.8310000000000031,True,SP.DYN.LE00.IN,https://api.worldbank.org/v2/country/all/indicator/SP.DYN.LE00.IN?format=json&date=2019:2022
WLD,World,72.8686343875761,72.181968378825,0.6866660087510894,71.2149086723293,1.653725715246793,72.9675581482237,-0.0989237606476081,1.653725715246793,True,SP.DYN.LE00.IN,https://api.worldbank.org/v2/country/all/indicator/SP.DYN.LE00.IN?format=json&date=2019:2022
WSM,Samoa,70.269,70.727,-0.4579999999999984,71.096,-0.8269999999999982,71.55,-1.2809999999999917,-0.4579999999999984,True,SP.DYN.LE00.IN,https://api.worldbank.org/v2/country/all/indicator/SP.DYN.LE00.IN?format=json&date=2019:2022
XKX,Kosovo,77.249,74.212,3.036999999999992,74.981,2.2680000000000007,77.623,-0.37400000000000944,3.036999999999992,True,SP.DYN.LE00.IN,https://api.worldbank.org/v2/country/all/indicator/SP.DYN.LE00.IN?format=json&date=2019:2022
YEM,"Yemen, Rep.",66.567,66.435,0.1319999999999908,66.019,0.5479999999999876,67.952,-1.3850000000000051,0.5479999999999876,True,SP.DYN.LE00.IN,https://api.worldbank.org/v2/country/all/indicator/SP.DYN.LE00.IN?format=json&date=2019:2022
ZAF,South Africa,66.071,65.15,0.9209999999999923,62.01,4.061,65.454,0.6170000000000044,4.061,True,SP.DYN.LE00.IN,https://api.worldbank.org/v2/country/all/indicator/SP.DYN.LE00.IN?format=json&date=2019:2022
ZMB,Zambia,62.914,63.361,-0.4469999999999956,62.363,0.5510000000000019,65.279,-2.364999999999995,0.5510000000000019,True,SP.DYN.LE00.IN,https://api.worldbank.org/v2/country/all/indicator/SP.DYN.LE00.IN?format=json&date=2019:2022
ZWE,Zimbabwe,61.06,61.53,-0.46999999999999886,60.135,0.9250000000000043,62.36,-1.2999999999999972,0.9250000000000043,True,SP.DYN.LE00.IN,https://api.worldbank.org/v2/country/all/indicator/SP.DYN.LE00.IN?format=json&date=2019:2022
