iso3,physicians_per_1000,nurses_midwives_per_1000,hospital_beds_per_1000,current_health_expenditure_per_capita_ppp,domestic_gov_health_expenditure_gdp,out_of_pocket_expenditure_share,uhc_service_coverage_index,measles_immunization_coverage,dpt_immunization_coverage,age65_share,population_density,life_expectancy,under5_mortality,adult_mortality_female,adult_mortality_male
AFG,0.006829924545529012,0.00010360254483626736,0.005090902355881365,0.008327697147443485,0.007666263346274817,0.008681953505787958,0.02399557764921329,0.033010735068656934,0.03655866352162468,0.08627541658002157,0.07270101063308716,0.045781675667896385,0.055889284118744796,0.05343257050777688,0.05135454834172844
AGO,0.005193770413138856,0.0024431240638512937,0.01190614260649674,0.004740866511230932,0.01623221140584898,0.06441086057844066,0.025941165026176525,0.018273799770149375,0.030175404811499724,0.08541616906581824,0.07282119393557712,0.04464776731673651,0.059465176618773034,0.051777736098775784,0.053036238198736714
ALB,0.04694190254565635,0.06582350443427284,0.05460403333324368,0.02564072173677106,0.04693035602230274,0.03487861859651607,0.06290732518847807,0.08164262155373188,0.08530354821712424,0.057618468831331524,0.07253651024491174,0.08705593965011547,0.07894900160218576,0.08675672208903583,0.08701092405991703
AND,0.12049896715236391,0.05855913776104759,0.048055654899670466,0.11906208604343617,0.08731944272515907,0.09337131405628148,0.07652643682722074,0.0851794860253737,0.08443310384756175,0.05777615000576985,0.07229800376110732,0.10072029122049267,0.08140742769595517,0.09209903700952268,0.09759270420182985
ARE,0.07262544659538224,0.07496761401250117,0.02816418561398884,0.08836370190643207,0.03992699327319456,0.09142852122140202,0.09209113584292666,0.08665317955522446,0.08472325197074923,0.08852733675359208,0.07241332484186905,0.09567263520039611,0.07991481185330948,0.09342578326816778,0.09751588420836174
ARG,0.14761487389450254,0.04646269422539365,0.08790017696727422,0.06996088366024247,0.11149928503891524,0.07814119370542444,0.08852422565182738,0.0730951990805975,0.07021584581137437,0.06291404253399005,0.07285300479983803,0.0811389538941297,0.07828650366133233,0.07949712840954896,0.08066593355775598
ARM,0.08422409083638292,0.062321332134317495,0.08305560859635483,0.039160450077829874,0.023291145897912497,0.0,0.07328379119894868,0.08223209896567218,0.07688925264468681,0.06258062691267618,0.07250485972781728,0.07808121176972559,0.07736858482761971,0.08379298083291525,0.07200033908624592
ATG,0.08397371849583922,0.07449632400461856,0.06958935075176544,0.03251588785724135,0.04562319402354244,0.07676624238284441,0.09046981302879063,0.07957945061194083,0.08095132636931177,0.06951138858952309,0.07210860936228239,0.08231065919032828,0.07844614171936931,0.07863001960483253,0.08195597365639902
AUS,0.10521460915405731,0.1675165121696351,0.0749265870926088,0.16003051335962637,0.12551540434459288,0.08845553866358907,0.10311613097905169,0.07987418931791099,0.0786301413838118,0.05226295902875637,0.07290401996763549,0.09632453724171983,0.08117595251180157,0.0882857646573527,0.09142890868426201
AUT,0.15040390531590783,0.10254891372668931,0.14755405699223892,0.18026968153690698,0.132860586123205,0.08403975004539133,0.09209113584292666,0.08105314414179159,0.07021584581137437,0.04378675845500773,0.07249831109610398,0.0938379284673064,0.08127173534662376,0.08850136419566827,0.09080460707067883
AZE,0.0932083820331018,0.07700174502353478,0.07911426483696284,0.01847231352149022,0.016855434785887424,0.015864100854850002,0.06420438343978689,0.05865300248806009,0.052226662173749536,0.0763323713130342,0.0724483421455119,0.0715899336995621,0.07264329830972528,0.08025685180796702,0.07435542159432991
BDI,0.001321733053567848,0.006597382969540783,0.048055654899670466,0.0005786912208728016,0.036412212065636954,0.07349527317909059,0.03566910191099272,0.07515837002238857,0.07572866015193683,0.08640298892321849,0.07114349838711621,0.04251652357582313,0.058259909280593866,0.04387374274721243,0.051066821282860136
BEL,0.09554324967398597,0.15893036662372756,0.11327257741836039,0.17334658899868624,0.14281407926579592,0.084191252028213,0.09825216253664358,0.08223209896567218,0.08385280760118675,0.043959280905435466,0.07144483870915877,0.09356136545482839,0.08109613348278308,0.0869427055871903,0.09018218420693591
BEN,0.0007782892136280564,0.002813294376556035,0.0051730136842020324,0.0018133474864123155,0.008785009367816218,0.04308078201180575,0.010376466010470613,0.03477916730447784,0.05019562531143705,0.08453159082705053,0.07249674529671331,0.03813459774767424,0.04611943496688196,0.041842317924734404,0.05438239725094137
BFA,0.0012635069278600132,0.007277909489543706,0.048055654899670466,0.0022319013920884785,0.03601949815257329,0.06508533209378264,0.02399557764921329,0.07044255072686614,0.07369762328962434,0.0857390832979985,0.07263090365117225,0.03821170351555311,0.04507380568673977,0.047797889877128345,0.052767263846607224
BGD,0.014789435929790018,0.0017957774438286118,0.01358942483707042,0.00242188209243822,0.005552561957131539,0.014361900729398342,0.03502057278533831,0.08370579249552294,0.08385280760118675,0.0786918463646851,0.06801886015505802,0.06859339189689696,0.06865234685880092,0.07108503895807908,0.07464767156948031
BGR,0.12007391643469673,0.06232674926084485,0.14952472887193496,0.05054026681954718,0.07081847613772754,0.055722558786112854,0.07328379119894868,0.07810575708209007,0.07514836390556183,0.03803272546627143,0.07267025946574766,0.07683114695332502,0.0797551737952725,0.07923682129956165,0.0725805944535743
BHR,0.02195124939185369,0.027313151951082512,0.03419936824555789,0.06696547436774512,0.04306376180615754,0.07139116979971714,0.08463305089790091,0.08665317955522446,0.08443310384756175,0.08538874749155198,0.06556657113283537,0.09079985304601176,0.07962746334884292,0.08636586886976702,0.09324169353012349
BHS,0.054220168259135684,0.057738443092148546,0.054911950814446185,0.05996395723298398,0.04794189560233562,0.07298279850033731,0.08917275477748182,0.0719162442567169,0.07572866015193683,0.0650122467479212,0.07276331221046915,0.0733190179452641,0.07637084696488862,0.0686855290650275,0.06682949765091531
BIH,0.06576058637442853,0.07770055434556765,0.04532545323300829,0.038126235920540895,0.10770902337166954,0.07156584302510215,0.06161026693716924,0.04892662519104511,0.05425769903606201,0.04445886384338705,0.07265316728544623,0.08318150080401902,0.08000261278522981,0.08400195056548047,0.08298344106903491
BLR,0.12764913538928602,0.1449270945504336,0.20248653563876529,0.0340475175103967,0.06758920117308806,0.0726478774942309,0.08690290283769135,0.0851794860253737,0.08356265947799925,0.053801206811609104,0.07273355982714877,0.07464691373922085,0.08125577154082006,0.08029441707245706,0.06383276118697358
BLZ,0.030667700410316544,0.02624597802518739,0.01703810062653844,0.013092090723822928,0.05510337097997249,0.07964835236243087,0.07036541013350382,0.08046366672985128,0.0783399932606243,0.08145812131400819,0.07285245912161628,0.06984321087950875,0.0769215982651162,0.07226326884448779,0.06703650804998015
BOL,0.034695007438441776,0.014658744383107752,0.022005835989938806,0.016136688733311595,0.07809422518220746,0.07650663535420359,0.06258306062565086,0.07044255072686614,0.06296214273168693,0.07774888028746715,0.0728754175416097,0.058353443547022606,0.07330579625057873,0.06346298681947785,0.06368527062659782
BRA,0.067495724920522,0.11404405621780339,0.04446328428564127,0.042898841754353476,0.06645124218249483,0.07735973693148074,0.09338819409423549,0.07663206355223932,0.06499317959399942,0.07000025475985198,0.07282033240211,0.07818928030331249,0.07644268409100527,0.07911848799034658,0.07365513498720762
BRB,0.07302720686276629,0.06077203394748496,0.11906142606496743,0.032854926085707274,0.04553940017276669,0.04976146527885068,0.09273966496858108,0.07545310872835873,0.0777596970142493,0.057065008041238645,0.07035533662962346,0.08036688829680666,0.0778714447104362,0.07874686993118239,0.08060532647957597
BRN,0.048455781814060045,0.08282651032210708,0.06458055972420473,0.04567745603369444,0.03723233284451951,0.1031778354147601,0.0937124586570627,0.08429526990746326,0.08530354821712424,0.08017928486322594,0.072593858422327,0.07705889966702294,0.07845412362227115,0.07613647115126945,0.07978132071630668
BTN,0.009566552453797244,0.019317473196660103,0.03317297664154954,0.010185371549070376,0.040676654352932703,0.08770876658720288,0.06388011887695969,0.08370579249552294,0.08356265947799925,0.07729780211772508,0.07283891158795772,0.0681267256154863,0.07237989551396426,0.07244358211403998,0.07736970175469658
BWA,0.010385599955420783,0.04500368148068422,0.04860990636583497,0.02875819263852597,0.07327079644844506,0.10482791704093859,0.0544764465549707,0.08370579249552294,0.07950058575337429,0.08276519659677858,0.07290085805831308,0.05272976208453683,0.06553142282417806,0.048032026701259015,0.052845788631597036
CAF,0.001059715487882592,0.00033044471817057503,0.048055654899670466,0.0008305097212915413,0.009338072590410794,0.040496198209807745,0.010052201447643407,0.0020631709417910566,0.0011605924927499856,0.08699585666149971,0.07288634507593662,0.005104603417288134,0.02119195220440839,0.0035002321161815304,0.0
CAN,0.07060208872703498,0.1315603348441075,0.04881518468663664,0.16275292464052526,0.132071422959767,0.08957402631639266,0.10733157029580535,0.07280046037462734,0.07369762328962434,0.048719179324542845,0.0729005320546532,0.09457997775900856,0.0806092374057703,0.086770199786252,0.0901123573378732
CHE,0.12382950154285206,0.23531185065987653,0.09212891037578858,0.24254667097364796,0.06389724092679207,0.08121670687244029,0.09825216253664358,0.08016892802388112,0.08095132636931177,0.04492192748421323,0.07207681361249166,0.09869929164219782,0.08104824206537199,0.09029843410830016,0.09449530675686384
CHL,0.06921339562890312,0.040471352286104226,0.03920815927311858,0.06648155391559633,0.07607195608006764,0.06563837070288298,0.0898212839031362,0.07928471190597068,0.07950058575337429,0.06166550087461677,0.07281810961078884,0.09067940678115524,0.0797072823778614,0.08486085934729516,0.0863735407807795
CHN,0.05765550967589793,0.033643064298333594,0.08523155879685254,0.022659131086119513,0.048269657374677956,0.06288087635688304,0.089497019340309,0.08665317955522446,0.08530354821712424,0.06369690008976686,0.07233246259273339,0.08325961449043225,0.07898092921379317,0.08487926578168098,0.08454586510285085
CIV,0.0033887605161959803,0.004062844895539845,0.048055654899670466,0.0036586026604516642,0.01341161800155375,0.057500407730858336,0.03210219171989345,0.04538976071940329,0.060931105869374454,0.08593354702538435,0.07258618042622592,0.03760392863933142,0.050597282494819096,0.03055734172620954,0.043286848611046896
CMR,0.002864725384825468,0.002009753941660377,0.05090902355881365,0.003405951211745079,0.00350222678407026,0.012054620929372166,0.03404777909685669,0.038610770482089815,0.04700399595637456,0.08511140876555383,0.07271588645639124,0.041233443281577346,0.04989487503945641,0.045062658833679256,0.049908537214680734
COD,0.0037672303332969065,0.008843459055958392,0.048055654899670466,0.0,0.006899767868508597,0.05840308850410678,0.02302278396073167,0.035663383422388305,0.044682810970874606,0.08433431632352639,0.0727656887583043,0.038069083042940585,0.04607952545237271,0.04363293250018831,0.051423227085888784
COG,0.0019331073735001127,0.008618648305071855,0.048055654899670466,0.0022713965189196605,0.014616432537308391,0.05316834885686823,0.024644106774867704,0.0483371477791048,0.05019562531143705,0.08542783467456033,0.07285494694174156,0.04915517900241378,0.06252224543018109,0.04453968928797755,0.05322661818254897
COL,0.06212145351768886,0.014702081395326845,0.0317770840600982,0.034013862003170484,0.09237504930963024,0.08982803570270875,0.0898212839031362,0.07928471190597068,0.07514836390556183,0.07248517624813336,0.07274545826314763,0.08074586566572763,0.07691361636221435,0.08175217832467192,0.08051605107050028
COM,0.00734813706432874,0.017421478912074847,0.048055654899670466,0.0037587884412851793,0.009416444852249519,0.02024616787192217,0.039236012102091995,0.05364244448656751,0.054547847159249506,0.0809881373098589,0.07131812458382283,0.052206652365201785,0.0639988974670231,0.057547106467299776,0.062133492841876636
CPV,0.019936625442362604,0.01618366550056704,0.03994716122800459,0.009919189120734398,0.04890109450899523,0.07227268625510835,0.06614997081675014,0.08164262155373188,0.08066117824612427,0.07815968680293965,0.07241606105454158,0.07639165759727372,0.07613937178073503,0.08255311992331418,0.07331556834941384
CRI,0.06013594263105169,0.03466960977527333,0.019911997117761787,0.04556290287917111,0.0910772159654663,0.08066754687884668,0.09403672321988991,0.07957945061194083,0.07921043763018679,0.0678807033636703,0.07253844657100916,0.09016486436936225,0.0791166215631246,0.08497727350221408,0.08451169968908924
CUB,0.23879698675297173,0.1030425493814974,0.0818649943357052,0.08720085560889174,0.18174046740700878,0.09605667966825107,0.09598231059685314,0.08665317955522446,0.08530354821712424,0.05391143967651071,0.07249117163842175,0.08345212693049583,0.08012234132875753,0.08136516341399541,0.0817927311702793
CYP,0.07742327935370782,0.05048761923524177,0.042903169047548595,0.07971333733549012,0.05058368964141713,0.05413640485741396,0.08236319895811046,0.07221098296268705,0.08269221510843677,0.05867542048028759,0.07238317736887119,0.09357969236378857,0.08163890288010879,0.0906276563043766,0.09358640933414611
CZE,0.11678181128717575,0.11538750359659525,0.1344162444609322,0.08996276056221818,0.10672008706162572,0.09109142953305584,0.09273966496858108,0.0828215763776125,0.08182177073887427,0.0427521304878438,0.07237675161755723,0.08717460362000272,0.08144733721046443,0.08649318731045955,0.08561737876174155
DEU,0.12232726749958993,0.15172558834230357,0.16024025721778198,0.18773696962378186,0.1495314804742178,0.09381521589815447,0.0985764270994708,0.08370579249552294,0.07427791953599934,0.03685704834658294,0.07198752886117905,0.09219821709554786,0.08117595251180157,0.08730608000630966,0.08939519677385234
DJI,0.04797541627697041,0.040031210755754075,0.02483867681700182,0.002815358423084848,0.021684561832743112,0.07735381606546471,0.03339924997120228,0.05835826378208994,0.0568690321447495,0.08131221190152664,0.07273770679066409,0.04863307720161308,0.058235963571888316,0.05433247940410029,0.05671663955246403
DMA,0.032763840935798594,0.08759358166620716,0.06704389957382476,0.020493537584430614,0.06023821598026333,0.06775312638084245,0.08139040526962883,0.0719162442567169,0.08124147449249929,0.06343116547070526,0.07255534779531454,0.06581607237545604,0.07028065505077805,0.0738449136873765,0.07247677612906848
DNK,0.1183271326634617,0.15540923438092638,0.04963629796984331,0.17448882339599114,0.14840716865685954,0.09191360466074056,0.09403672321988991,0.08016892802388112,0.08066117824612427,0.042373735591465546,0.07235076169084662,0.09232605066575994,0.08112806109439047,0.08730376829772565,0.09094025976747781
DOM,0.04071170709491803,0.013800129828517001,0.024633398496200158,0.022790567216940175,0.0430544801205985,0.07182641238820422,0.07782349507852958,0.06395829919552282,0.0670242164563119,0.07640322795763839,0.07204819268602734,0.07259331660052179,0.0688279487226416,0.07494816570480595,0.07237688926256174
DZA,0.042720508431838326,0.018288219156456675,0.02956007819544019,0.024245346396696142,0.06535011621968699,0.06534523382513226,0.07198673294763985,0.0695583346089557,0.07398777141281185,0.07815542223027255,0.07284779976800734,0.0782522752117103,0.07309028487222881,0.08137017938545128,0.08847186081069564
ECU,0.06162653144917226,0.033232716963884065,0.025618734436048157,0.027019709080367466,0.08087358580962106,0.06986840031786137,0.08722716740051857,0.06366356048955267,0.06238184648531195,0.0741448012921568,0.07265089994719982,0.08124226554390207,0.0769215982651162,0.07969624066777485,0.08028913983979422
EGY,0.02048977363658704,0.021311652899554244,0.021964780325778466,0.01732498119075241,0.02394529554560007,0.030784004775690783,0.07652643682722074,0.07928471190597068,0.0786301413838118,0.08100962734927425,0.07250728950952356,0.06632406331677566,0.07247567834878646,0.07381590828721872,0.07276551214618435
ERI,0.0012402164775768794,0.016734180983912685,0.0208973330576098,0.0012498991212341788,0.011287509074112646,0.04487199464811161,0.02302278396073167,0.07957945061194083,0.07950058575337429,0.0820067406878725,0.07281389247695365,0.05603321508091593,0.06539573047484663,0.05850118785534644,0.06294563464782135
ESP,0.11465888674386812,0.07571517747328048,0.057067373182863694,0.11176113778020567,0.10924147520128649,0.078785662758407,0.0943609877827171,0.08429526990746326,0.08095132636931177,0.042946166526313105,0.0725493194044504,0.09819410320607123,0.08140742769595517,0.0897524347110446,0.09193098718323767
EST,0.09974717595009165,0.08522223452884374,0.09167729807002492,0.07051035516233835,0.08297279166923298,0.07804752016034759,0.08430878633507372,0.07456889261044826,0.07572866015193683,0.04178398964208408,0.07279604216318157,0.08484287013257703,0.08156706575399215,0.08480956558701616,0.07696117803943278
ETH,0.0016419767449609387,0.006384083612524939,0.0032844531328266873,0.0009392110470702405,0.012611107357409184,0.062388423003061064,0.006809555819371342,0.023873835183582243,0.0327867379201872,0.08466126525165707,0.07253432760766532,0.05123048326466994,0.05927361094912866,0.05819106996794533,0.05816383359607783
FIN,0.09982286991351182,0.16640600123152086,0.07435180779436414,0.13675326321824258,0.12661689272021176,0.08542883311265827,0.09825216253664358,0.08105314414179159,0.07514836390556183,0.03729761627211065,0.0728453862866777,0.09393626198285412,0.08173468571493099,0.08833226053189132,0.0887793495345503
FJI,0.022719834251197103,0.04195654780902934,0.035239445070953,0.013253896983630798,0.03784923067472432,0.08500336047668786,0.07231099751046706,0.08311631508358264,0.07979073387656178,0.07810483773126392,0.07271910621086877,0.05659916133796152,0.07351332572602678,0.05474287310347539,0.0574069061604383
FRA,0.09255042681260327,0.12178513002543863,0.12218165654115276,0.16058130584334657,0.1462368862872254,0.09593391099581552,0.09111834215444503,0.07456889261044826,0.07979073387656178,0.041188099495495074,0.0724282377181191,0.09631224555227644,0.08102429635666644,0.0873679291152175,0.08795614397954632
FSM,0.021235068045647322,0.02709104976345967,0.048055654899670466,0.010801482271122287,0.027930246821209096,0.10655364632949522,0.06388011887695969,0.0501055800149257,0.04816458844912458,0.08115688493820412,0.0723016369189348,0.05388332484711685,0.07148592238895721,0.052735917498273305,0.050017191580441996
GAB,0.015164994440605553,0.032051106240097896,0.048055654899670466,0.011940669139011281,0.02803668034473301,0.07828227350213261,0.04215439316753685,0.03389495118656739,0.04903503281868706,0.0820074932168016,0.07288369569331102,0.056570939618999304,0.06618593886212966,0.05868712773635782,0.06015527363508182
GBR,0.0811613966241508,0.11104025955836759,0.0482814610525523,0.14103798288966576,0.1356990533173262,0.0889247102626548,0.0992249562251252,0.07633732484626916,0.0780498451374368,0.0452478436077839,0.0718454248594659,0.09279478195099708,0.08093649542474611,0.08617364812015005,0.08984752319372499
GEO,0.19180268069417833,0.06406564687613593,0.07792365057631316,0.03478330548311424,0.04519628721298244,0.030462176982750947,0.07166246838481265,0.08252683767164234,0.07630895639831181,0.05488352403037238,0.07266033826137384,0.07362844893531398,0.07869358070932661,0.0804077671230736,0.06438169535904847
GHA,0.002393093766592004,0.03311218589864972,0.01067447268168673,0.004294590051160393,0.025401690637772,0.06798456529078264,0.040857334916228026,0.07545310872835873,0.07950058575337429,0.08359347714261643,0.0723983874021992,0.0490135664483356,0.06344814616679555,0.0508628229052279,0.05656153831565207
GIN,0.0027676818419790747,0.0019375255879618893,0.048055654899670466,0.002395821448945973,0.009128982478812065,0.033244317611445105,0.01848308008115077,0.012084286944776194,0.013636961789812376,0.08336201216231122,0.07271830194005935,0.03611573692334251,0.03899957757843289,0.042509485745506156,0.05460252410722429
GMB,0.0019331073735001127,0.007768836581088103,0.017448657268141776,0.0009653430197883141,0.01773806040100339,0.077950564990493,0.036641895599474346,0.07633732484626916,0.07659910452149932,0.08552234766562129,0.0720069950846459,0.04871471860289657,0.06094981055851689,0.04938197728003033,0.05857138314475779
GNB,0.004863822367461124,0.0037658057909548182,0.048055654899670466,0.003434991077919187,0.00650606441120531,0.020945712595730463,0.029832339780103,0.053937183192537666,0.06064095774618696,0.08488785278848701,0.07265415520401175,0.04222624303792623,0.04864969818676801,0.047175865799459274,0.05119029689736117
GNQ,0.008512659578485434,0.002510838145443624,0.048055654899670466,0.015050591491610137,0.011890249952039326,0.01692945215780987,0.03372351453402948,0.01680010624029862,0.020020220499937316,0.08370468467996778,0.07269762729339797,0.04311220342963246,0.048290512556184814,0.04825874861106365,0.05595313649238362
GRC,0.17581960918737768,0.04522217225062214,0.08276821894723252,0.0731366357566841,0.07370596724698522,0.06366554865465575,0.08041761158114723,0.08370579249552294,0.08530354821712424,0.03602323938300953,0.07258836957872002,0.09337207343739902,0.08100833255086273,0.08959493320733075,0.08890014619094581
GRD,0.039314280077929996,0.07894649344686652,0.06589434097733542,0.020649599962476416,0.03111500854817748,0.03744555740057286,0.08430878633507372,0.07545310872835873,0.0789202895069993,0.06534658058693849,0.0715824011066553,0.07715112421291724,0.07550081954858713,0.07388970849333443,0.07571654106192917
GTM,0.009618955966934293,0.012410636874242372,0.006517586685452958,0.017351886234134195,0.03757899951396196,0.03605828041261815,0.05155806548952585,0.07073728943283629,0.06267199460849944,0.08122370491667853,0.07230935171291465,0.0680274456398514,0.07227613077624023,0.06921739650792046,0.06642194810223533
GUY,0.05116329665947436,0.01296318378003579,0.03366564461147355,0.015824300484271393,0.045299184262870065,0.06732080713485747,0.07847202420418398,0.08606370214328415,0.08182177073887427,0.07789484262226887,0.07290104764738112,0.060659057194381014,0.07015294460434847,0.06241303495090973,0.05448019661762562
HND,0.00790128525855317,0.006519511775709601,0.009524914085197391,0.011290303485583972,0.04917789986061607,0.04262084418930548,0.06128600237434204,0.08046366672985128,0.07572866015193683,0.08290902709684962,0.07257964825545833,0.06904544335955941,0.07514163391800394,0.07122330530168829,0.07232508447529995
HRV,0.09783735902687468,0.09092376019891796,0.11241040847099337,0.057348320485683855,0.09479904079662793,0.0952350598954232,0.0791205533298384,0.07574784743432886,0.07688925264468681,0.039822289008035514,0.07263224142845079,0.08426516072873406,0.08077685736670913,0.08610922559979964,0.08308364106051504
HTI,0.005979823110194625,0.002483752512806692,0.09689136741838726,0.003191818705337546,0.006523213480720987,0.05903838332535067,0.0249683713376949,0.04244237365970178,0.02698377545643725,0.0813907839663102,0.07137367939928184,0.04884574801236392,0.056639582991518576,0.057351396346235275,0.055997808988585196
HUN,0.09520553814488056,0.07826935263094321,0.1397124251376152,0.06248510447255502,0.07773681724155414,0.07373459445519362,0.08787569652617297,0.08665317955522446,0.08530354821712424,0.04340512733894744,0.07249711050238845,0.07961152710543724,0.08088860400733502,0.08048300669491142,0.07532614380345744
IDN,0.010157547629731764,0.027830487534447917,0.01806449223054678,0.008756130309212523,0.02122272192355027,0.06055769758542063,0.059340414997378806,0.07103202813880646,0.0644128833476244,0.07610940902914919,0.0723569903967656,0.06439238744566644,0.07316212199834544,0.06492019195311827,0.06981761448017326
IND,0.022143395606689542,0.019801628880045274,0.030586469799448526,0.004968230283333734,0.014792849540275602,0.03372733230592194,0.06161026693716924,0.0742741539044781,0.07079614205774937,0.07721889143481844,0.07111949817077315,0.06470937782472405,0.06707193008423487,0.0676704272937918,0.07023897631934545
IRL,0.09315015590739398,0.17751111061266311,0.05682103919790169,0.17532047774755316,0.08641531206601229,0.09267724990383727,0.09014554846596341,0.07633732484626916,0.0789202895069993,0.05677587013357555,0.07264075568690387,0.09489993043522199,0.08129568105532929,0.08760843404223995,0.09083435394314951
IRN,0.034675598729872505,0.025285340920997518,0.03489731453628356,0.03187186613304867,0.06257923887440607,0.060389589133532345,0.08593010914920975,0.08665317955522446,0.08501340009393674,0.07547024743797169,0.07271111436309431,0.08066976781638314,0.07694554397382175,0.08363499954062738,0.08369503496686242
IRQ,0.02107203489366538,0.02195561381549731,0.018269770551348447,0.012451759369445661,0.0295165787010483,0.03617146660375959,0.06679849994240454,0.0592424799000004,0.054837995282437005,0.08418037778527224,0.07256009772671493,0.0649840356253383,0.07173336137891453,0.06994924855190122,0.06947961346724635
ISL,0.11129923929052604,0.20882210194095682,0.05801165345855137,0.14354271578692412,0.11781763709575946,0.08833208217511762,0.10311613097905169,0.07692680225820948,0.07398777141281185,0.05590368818637785,0.07290310450158623,0.09650645424548311,0.08163092097720695,0.08905198701009182,0.09240961610087385
ISR,0.09967148198667145,0.07096164894549888,0.060557104636492054,0.09015376990192553,0.07809748594970099,0.08062803208146492,0.09403672321988991,0.0851794860253737,0.08182177073887427,0.06252032616822677,0.07133324505860804,0.09613278688640176,0.08120788012340896,0.08948227012671796,0.09241448693379303
ITA,0.11446091791646147,0.07852937470425775,0.06162455190466072,0.11358459525763888,0.11021063624777953,0.07837647236772552,0.09306392953140827,0.0736846764925378,0.0789202895069993,0.033598639908148126,0.0721183128592563,0.09762499798483874,0.08138348198724964,0.08978623799694276,0.09344835601255126
JAM,0.013093114800835096,0.016652924086001893,0.03165391706761721,0.01945984544469418,0.06489149846368196,0.07265261751484445,0.07814775964135677,0.07751627967014978,0.07979073387656178,0.07507519437977042,0.07189494853840771,0.06925458645543996,0.07522943484992427,0.07133579391372873,0.07166630432298177
JOR,0.0715133275943626,0.03794787417876337,0.025126066466124156,0.019130454542314546,0.05539244764201201,0.06564209994305095,0.07490511401308471,0.07692680225820948,0.08124147449249929,0.0832153204197716,0.07246562677777428,0.07971375708653856,0.07643470218810343,0.08262081372939666,0.08638599619638711
JPN,0.07139687534294692,0.15925539421537074,0.263248918596059,0.139084078799345,0.1563756216270413,0.0929557059894675,0.0937124586570627,0.0828215763776125,0.08385280760118675,0.019734849850005,0.0715475733249186,0.10007817336396589,0.0816548666859125,0.08998849068947143,0.09302240167376956
KAZ,0.10492930113808895,0.0904768472604086,0.10596466919782101,0.022107135283384958,0.03056517035729169,0.06546852530463917,0.09209113584292666,0.08665317955522446,0.07950058575337429,0.0738657434795707,0.07288942903129991,0.0719321220419788,0.07839825030195821,0.07632079719798635,0.06277505112065918
KEN,0.0037090042075890715,0.011266268895331985,0.023812285212993483,0.004539318190989631,0.0309441275027,0.07748086958162377,0.04636983248429054,0.07545310872835873,0.06992569768818689,0.08572480173599534,0.07258046006039887,0.0460780037169995,0.06486892488332462,0.0346902405029752,0.04053333197017455
KGZ,0.05192023629367622,0.05922002719738873,0.08498522481189055,0.007470779657907667,0.040501297382864995,0.040946604518380086,0.0791205533298384,0.08311631508358264,0.07921043763018679,0.07914251851846779,0.07278721968063678,0.06750052549678882,0.074662719743893,0.07455796674268354,0.061860552240084375
KHM,0.00466391266919756,0.011305543062655535,0.011495585964893404,0.006300460951708918,0.017504124265436183,0.03112103110918442,0.04863968442408098,0.06690568625522432,0.07195673455049935,0.0796183468835784,0.07255887479024122,0.06406985351466989,0.07235594980525872,0.06698049132432476,0.06766007903862546
KIR,0.04797541627697041,0.04614579232354153,0.034692036215481885,0.00640308021031199,0.13860944899346922,0.1089740619538777,0.04020880579057362,0.06543199272537356,0.06963554956499939,0.08255195535260992,0.0723326224393144,0.05403854430140892,0.05907406337658244,0.05877335882825542,0.06494987801907003
KNA,0.08886471305529733,0.059119810356632094,0.0978767033582353,0.046953648149989605,0.03682958233622023,0.04091349250430979,0.08593010914920975,0.08193736025970204,0.08240206698524927,0.0709989981850266,0.0722053812139089,0.06790145582305587,0.07515759772380762,0.07393323840214262,0.06557070046628238
KOR,0.06728611086797379,0.09324499891590309,0.24575920566375686,0.09357022953585815,0.06593640034749541,0.0630217588376028,0.0992249562251252,0.08488474731940356,0.08356265947799925,0.056078166049418975,0.0708447321731134,0.096215141205673,0.08138348198724964,0.0928124390019745,0.09372989015527947
KWT,0.06295990972788168,0.08744325640507218,0.03887971395983591,0.07003586891261693,0.0705621231339561,0.09377096587422414,0.09241540040575388,0.0840005312014931,0.08095132636931177,0.08471269597993826,0.07200060248524903,0.09030160941442085,0.07912460346602644,0.09106029474672982,0.09471748632130557
LAO,0.010317669475428311,0.013389105353251551,0.025577678771887827,0.004197354816197724,0.013047700952699014,0.049547343367615564,0.050585271801044225,0.05187401225074662,0.05280695842012452,0.08167198626304695,0.07279702667752921,0.0577990883531222,0.06660897971592765,0.06437445425872126,0.0669441361828344
LBN,0.06615070141667102,0.020580340818357076,0.05517881263148835,0.04944800715973154,0.06388158587986813,0.06665688800206213,0.0693926164450222,0.061600389547761605,0.06209169836212445,0.07205719566798274,0.07055430799022187,0.08536162859384906,0.07726482008989569,0.08535822563000046,0.09017835712392801
LBR,0.0015022340432621355,0.0028056201139755703,0.03017591315784519,0.0039316414981400045,0.02245545702450168,0.04827825348961688,0.02918381065444859,0.04421080589552268,0.04903503281868706,0.08411228198132775,0.07271860607765525,0.04075871365189177,0.046534493917778086,0.0411248595379748,0.05276086218048489
LBY,0.05849978849866153,0.08337499438300496,0.06630489761893875,0.028617102610433195,0.06349419786247117,0.06943541545881683,0.07263526207329427,0.06926359590298554,0.0684749570722494,0.08052428901043446,0.07290152497264131,0.07075285735677253,0.07775171616690846,0.07314110746640544,0.06979092927410893
LCA,0.17701906737695908,0.0408776367756582,0.023607006892191817,0.02150353854599846,0.03306094850649749,0.0500458755349615,0.08268746352093768,0.07781101837611992,0.07543851202874934,0.07094588312177892,0.07178024199994662,0.07108244671750971,0.07532521768474645,0.07719497197988406,0.07149151100451086
LKA,0.02600378774111898,0.023819105340918252,0.07398230681692114,0.013524185651592247,0.025666306330678772,0.046636867453296864,0.07133820382198545,0.08665317955522446,0.08530354821712424,0.06717153978285738,0.07155566625144796,0.08047523953925077,0.07953168051402074,0.08426317363547275,0.07859429873390417
LSO,0.012355583875202527,0.03959106922540392,0.048055654899670466,0.009416953651146285,0.10169954163486669,0.0917224007850084,0.04831541986125378,0.0736846764925378,0.06963554956499939,0.08247506331839437,0.07263726277580992,0.023503148343574524,0.05448446920801942,0.0,0.008904995909487401
LTU,0.1301936170827184,0.10582085814923074,0.13191184894715186,0.06924748851352268,0.07381499491467049,0.06759310114580235,0.08106614070680165,0.07840049578806024,0.07659910452149932,0.04176605061090712,0.07273756057183729,0.07789929476596233,0.08091254971604056,0.08100645602918717,0.06670094245351282
LUX,0.08421632735295519,0.16253275576443957,0.09175940939834555,0.1886793371156686,0.07536976465455729,0.0961859192515769,0.09663083972250755,0.08576896343731402,0.08530354821712424,0.05509602336694583,0.07200768769073108,0.09582549465031508,0.08171872190912728,0.08929406215426568,0.09264957420547056
LVA,0.09328407599652198,0.06109164441260077,0.11101451588954205,0.05437458854542617,0.06255455492520982,0.05710395377384312,0.08301172808376488,0.0828215763776125,0.08240206698524927,0.04032263392738923,0.07279376175051203,0.0766012923607321,0.0809045678131387,0.07916825515061729,0.06528593069882929
MAR,0.02041990228573763,0.01589114066808817,0.011085029323290068,0.01149849429663837,0.032814811233236256,0.046666836608546,0.06517717712826851,0.08665317955522446,0.08530354821712424,0.07616870859685938,0.07260452239730966,0.07360778660535951,0.0743354617249172,0.07748140575858492,0.08140285578676318
MCO,0.2496852722603368,0.040031210755754075,0.048055654899670466,0.25519281148805223,0.05931387406695041,0.10153744085827643,0.09663083972250755,0.07103202813880646,0.08530354821712424,0.0,0.0,0.1044223759972128,0.08138348198724964,0.09354167401736957,0.09859821807466573
MDA,0.09756951884861863,0.08390316421942515,0.11491480398477372,0.02200195197455899,0.06400821780952554,0.05393605437931425,0.07360805576177588,0.07633732484626916,0.07166658642731186,0.059083911679322566,0.0725397251912871,0.06512514422014931,0.07652250312002377,0.07123752449033706,0.05398319770155142
MDG,0.004727961407476179,0.0008721573709092204,0.048055654899670466,0.0009850706651613472,0.02863124520508871,0.07362491798525536,0.010376466010470613,0.030652825420895723,0.03975029287668713,0.08476616884676645,0.07273544804845976,0.04805705175922385,0.05675931153504631,0.05175479348150814,0.05958135035054838
MDV,0.052262314782209746,0.06393021871295126,0.10382977466148365,0.05288775711464713,0.10886039012680238,0.08452573702839776,0.06809555819371339,0.08665317955522446,0.08414295572437426,0.08227797374988481,0.06691306098330364,0.08770201543064302,0.07926029581535787,0.08904928274721997,0.09524402335986822
MEX,0.06898049112607178,0.035723240884849995,0.016750710977416105,0.03292688317476962,0.045304222692582725,0.05474007230078558,0.0849573154607281,0.07073728943283629,0.06789466082587439,0.07423597933395791,0.07266699713302709,0.07561253657021014,0.07639479267359417,0.07599986225909783,0.07017694278295342
MHL,0.04797541627697041,0.0553142789711431,0.048055654899670466,0.017753888106291582,0.10503648002377078,0.10836385657530687,0.06614997081675014,0.05894774119403024,0.056578884021562,0.08411154939723851,0.07190170491379753,0.05367015007709878,0.06945053714898579,0.051514855577345905,0.056283378964303576
MKD,0.0928590252788548,0.06653856513588785,0.09097935177929922,0.03403109066980399,0.06782088279486456,0.05946286763784207,0.06777129363088617,0.0598319573119407,0.07572866015193683,0.0545650963965398,0.07262094130405763,0.07969879810048593,0.07896496540798947,0.08368358903803452,0.08392239848919668
MLI,0.0022824641277471207,0.0025785522270359543,0.001385628665411258,0.0014142282500517309,0.017357154040546868,0.0647247782462057,0.022049990272250047,0.04362132848358237,0.05077592155781205,0.08571696686345771,0.07285272087638492,0.035744822902696406,0.04251161485524633,0.0457657235632177,0.054961574076694775
MLT,0.11239971306640413,0.11010309666912974,0.0874896203256709,0.12135703630184846,0.09156102730929506,0.0634198034029342,0.09079407759161785,0.07781101837611992,0.08298236323162426,0.04386356392024226,0.06713331597649157,0.095445681446512,0.08015426894036493,0.08833090840045539,0.0935440330877493
MMR,0.020740145977130725,0.011476182548268207,0.018310826215508776,0.006029834551906156,0.011068047862079116,0.010549911764406849,0.04474850967015451,0.06896885719701538,0.07195673455049935,0.07688738587191833,0.0726041510505993,0.05425827054190033,0.06395898795251387,0.06185927170218338,0.058601512725529256
MNE,0.07612483675042311,0.06718862031917422,0.07681514764398414,0.05195568183554965,0.08625638000681257,0.05804831623538024,0.07036541013350382,0.013852719180597106,0.06876510519543688,0.05259176106367848,0.07273365362069761,0.08191130220031001,0.08125577154082006,0.082007294994631,0.0810176772778477
MNG,0.09868746046220905,0.0531440426561089,0.15395874060125095,0.015204909054695884,0.03796943907952335,0.05804921751430222,0.07198673294763985,0.08606370214328415,0.08501340009393674,0.08205798226054986,0.072908638123662,0.06631892539058828,0.07574027663564259,0.07128048737628502,0.05388111896023102
MOZ,0.0014575940135527936,0.00474811140125423,0.01223458791977941,0.0019554565093122572,0.02888147257581834,0.09661484560391208,0.03210219171989345,0.06307408307761236,0.06499317959399942,0.08519772647339983,0.07277564799944451,0.03958499251862451,0.053973627422301114,0.041923533045176146,0.04146414814102856
MRT,0.004582396093206592,0.01193663830309606,0.048055654899670466,0.0038787485415428804,0.018359745913661147,0.03516245357012255,0.01751028639266916,0.0501055800149257,0.05193651405056204,0.083568781708079,0.07290051322128972,0.05725279650749675,0.06425431835988227,0.06117504957846171,0.0669208257681498
MUS,0.061940952527994565,0.04382726216982013,0.06926090543848278,0.03722168543145431,0.040678376831798584,0.046701155700443794,0.08139040526962883,0.08164262155373188,0.08095132636931177,0.06664867343263707,0.07042696870611631,0.07562053846003783,0.07669810498386444,0.07661678313102485,0.07192160555127386
MWI,0.003417873579049898,0.002835865737086811,0.048055654899670466,0.001866904657843124,0.028504042907032085,0.09390972814531856,0.04183012860470965,0.06749516366716463,0.07137643830412436,0.08485578295652564,0.07216401605908038,0.04888304099813542,0.06112541242235756,0.049395367742960314,0.04516692053452037
MYS,0.0498881445064728,0.05103204045124411,0.035225759849566225,0.03027449258694561,0.03211806621513034,0.0628101772463615,0.08852422565182738,0.08223209896567218,0.08472325197074923,0.07658037053615407,0.07252953269089127,0.07860403878020346,0.0794279157762967,0.07837499016915965,0.07654385203325076
NAM,0.011375444092453972,0.024201012761098997,0.048055654899670466,0.027431725230825394,0.09231801840227005,0.09988648798751673,0.05512497568062511,0.0592424799000004,0.06963554956499939,0.08317383713794846,0.07290460157352634,0.04371443475391517,0.06289739486656798,0.03338678579874249,0.029622387897916744
NER,0.0,0.00018147373866744625,0.0017243378947340107,0.0008846247433247678,0.025468135923487213,0.04289505378902338,0.015564699015705915,0.05835826378208994,0.06035080962299945,0.08598221190175458,0.07285004482766125,0.03806706720587184,0.03357188360517576,0.052851633778902715,0.06197338160549067
NGA,0.010191512869728003,0.013516633540250442,0.048055654899670466,0.004287884596249241,0.0067840140100160155,0.011585061773014863,0.03080513346858462,0.01680010624029862,0.022051257362249797,0.08469750121807175,0.07205257633284476,0.02033022079739563,0.035846725932202644,0.01921413664165367,0.03960202871602862
NIC,0.02517260979663964,0.017033251510945483,0.015724319373407764,0.014119435629933164,0.08338607559846668,0.06483796797468977,0.07360805576177588,0.08665317955522446,0.08385280760118675,0.07964854395973578,0.07271023194353214,0.07319957959894194,0.0765145212171219,0.07470957993207965,0.07138845809660664
NLD,0.10308935556572135,0.14506252271361825,0.06310255581443273,0.17527277141159037,0.11252951780434124,0.09547354777148435,0.09565804603402595,0.07898997320000052,0.0783399932606243,0.044406054968880546,0.07091576290036289,0.09418701244750086,0.08108815157988124,0.08743815271559946,0.09343666601354524
NOR,0.1254074295495344,0.21134106577619158,0.07057468669161344,0.20920194927161162,0.15151520502212762,0.09124663805038015,0.10019774991360683,0.08223209896567218,0.08095132636931177,0.04859635280692936,0.07285982137467671,0.09634543311377376,0.08168679429751989,0.08919849699374587,0.09365988932789823
NPL,0.020837189519977116,0.038751414613659024,0.002258061528818348,0.004214230301249404,0.015870325820513613,0.03381418977272244,0.03566910191099272,0.07073728943283629,0.07282717892006185,0.07736886804902535,0.07214711340588457,0.06099469406632434,0.06900355058648226,0.06277213489000584,0.07000628967246382
NRU,0.03611184316399908,0.09592918511022307,0.048055654899670466,0.036379647989315665,0.1622837663319071,0.10875293142392267,0.05350365286648908,0.08370579249552294,0.07543851202874934,0.087787794245448,0.07069563343719701,0.04221314009697948,0.07688168875060694,0.03377166346940739,0.03223746850889347
NZL,0.09267852428916053,0.14267898704156817,0.05090902355881365,0.11197317806378486,0.10958060934301062,0.09094981306564467,0.10279186641622447,0.07692680225820948,0.0760188082751243,0.053582177546784765,0.07284489377472304,0.09425596882527874,0.08054538218255551,0.08661073551109892,0.090830596443469
OMN,0.05903546885517361,0.05754342653716263,0.01966566313279979,0.041669093760221175,0.057705901536659526,0.10224126600479139,0.0797690824554928,0.08665317955522446,0.08530354821712424,0.08572547896993869,0.07285992653603417,0.0890107976475151,0.07832641317584157,0.08740312814969467,0.0929802689690187
PAK,0.026056191254256036,0.004574763352377864,0.006568906265653374,0.002874363464410777,0.0124577984889262,0.03147393825116946,0.041505864041882445,0.05452666060447798,0.05367740278968702,0.08227881385174096,0.07177579586995234,0.05500967380926895,0.05468401678056564,0.06732519760619972,0.06805517317169783
PAN,0.045556120753809874,0.03804177103857139,0.03838704598991191,0.07188024915392256,0.07496185390596281,0.06474670052372493,0.08787569652617297,0.08252683767164234,0.06238184648531195,0.07256460408514007,0.07269928918242781,0.08475284579909302,0.07607551655752023,0.08241572592256685,0.08232142529199185
PER,0.038198279335196504,0.028326154611703777,0.02968324518792119,0.018859842761132284,0.052038232967006895,0.07114623044037002,0.07231099751046706,0.07044255072686614,0.07108629018093687,0.07052396197321889,0.07282014522319182,0.07966184928201878,0.07642672028520157,0.07530983905534461,0.07808185231914343
PHL,0.018422746173958903,0.06023032129474633,0.016463321328293767,0.008668328879243688,0.02464868341782079,0.04356278037773864,0.06744702906805895,0.060421434723881,0.061221253992561966,0.08166216960997946,0.07149142285888847,0.06374328790953586,0.07157372332087755,0.06907982803860077,0.06355876813735414
PLW,0.05411342036200465,0.08501367515753935,0.048055654899670466,0.05977917380615156,0.09936157611613815,0.08809162471620077,0.08139040526962883,0.07957945061194083,0.08008088199974929,0.07085512286758823,0.0727644713355313,0.06210995592459843,0.0737926923275915,0.06484312046127047,0.06170799079472314
PNG,0.0007976979221973355,0.0026191806759913528,0.0,0.0014855042976843252,0.024843793535973272,0.09658421891037507,0.0035669101910992766,0.005010558001492569,0.0,0.0847650829904817,0.07283691304544139,0.05174603359499729,0.06272977490562916,0.05803797379568403,0.056213865220214224
POL,0.07292822244906297,0.07580185149771869,0.12944850909753183,0.06074160032194609,0.07645306119888681,0.08113527169683664,0.089497019340309,0.07987418931791099,0.08153162261568678,0.049495672148326585,0.07242896801057457,0.08401072275725427,0.08084071258992392,0.0843896197333034,0.07678429722113939
PRK,0.10467310618497447,0.05635707582766499,0.25926651917250665,0.022054543628971975,0.049039497184805644,0.06965190788833911,0.08787569652617297,0.08606370214328415,0.08182177073887427,0.06397369587962948,0.07207381022379149,0.07202384262860591,0.07494208634545771,0.07536300835277668,0.07557980982355524
PRT,0.14740525984195435,0.09076937209288746,0.06651017593974042,0.09697466966497294,0.09883506222964071,0.07051295263729679,0.0943609877827171,0.08576896343731402,0.08443310384756175,0.036412722806185946,0.07247407702200513,0.09313730216902884,0.0812797172495256,0.08836968404066631,0.087102913218762
PRY,0.04173066429480514,0.0108396701813003,0.014738983433559755,0.027878164441023177,0.05282586036929905,0.052742149800997694,0.07717496595287515,0.06896885719701538,0.07195673455049935,0.0773336826099939,0.07285387004020548,0.07348935617757166,0.07450308168585604,0.0766350150968383,0.07318294252735749
PSE,0.06216803441825512,0.023461574990110746,0.02319645025058848,0.015598506102177953,0.05213848697298057,0.05510312862381699,0.06906835188219498,0.08665317955522446,0.08530354821712424,0.08368189724031216,0.06999786240789661,0.07762938155747309,0.07594780611109064,0.08091599407440941,0.08405512868624415
QAT,0.07195002353717135,0.08004797584076845,0.017489712932302108,0.09880778168924916,0.04757171843734347,0.10161988240389173,0.09111834215444503,0.08665317955522446,0.08385280760118675,0.08952975208748913,0.07205523436288003,0.09584650114757395,0.07984297472719283,0.09117967486737917,0.09780771668354764
ROU,0.08460256065348383,0.09303914810786239,0.1376185862654382,0.04409620094089123,0.07102419999457034,0.08329709148311222,0.08074187614397443,0.07014781202089598,0.0676045127026869,0.04572950304241416,0.07258183804532028,0.07782923213613449,0.07953168051402074,0.08048139286061692,0.0715240064184145
RUS,0.11672009159392545,0.11884633888433148,0.14554232944838255,0.0444815784492598,0.053316708749096095,0.05851988888050275,0.08528158002355532,0.0851794860253737,0.08240206698524927,0.05522741100748296,0.0728817385344038,0.07013610954725709,0.07990682995040761,0.07328116211288152,0.0524114147101979
RWA,0.002625998269423342,0.01097509834448496,0.011495585964893404,0.0023586076192180856,0.028138141644526594,0.09382752339793864,0.04636983248429054,0.08311631508358264,0.08356265947799925,0.08422077707114972,0.0709715682809898,0.05466698150758507,0.06480506966010983,0.05547873792462081,0.056829816834507406
SAU,0.07543194585449987,0.0759941594894409,0.04581812120293229,0.09442690705871647,0.06967358728341634,0.09133985035455101,0.09046981302879063,0.08370579249552294,0.08269221510843677,0.08641218216185631,0.07286098604844861,0.08569928130286111,0.07948378909660964,0.08458122984291704,0.08942856197934869
SDN,0.006329179864441634,0.011679324793045202,0.010469194360885064,0.0061789477125930685,0.01623864855102611,0.01537303625063528,0.03404777909685669,0.07103202813880646,0.07717940076787431,0.08517059465892075,0.07282660141490789,0.05223033845075934,0.058858551998232526,0.0604414528487572,0.06017322613355535
SEN,0.0022635406368920748,0.0015560695949917611,0.010948177109422289,0.0032701332012088718,0.016505703299000956,0.04437901647646251,0.03404777909685669,0.06896885719701538,0.07456806765918682,0.0832900270499362,0.07260060696109284,0.05715855612453371,0.06302510531299756,0.06391739021623517,0.06692117368478687
SGP,0.0685205047329799,0.08139774320050887,0.04848673937335397,0.12881139455431911,0.03456560835655567,0.06890452116758235,0.10149480816491566,0.08164262155373188,0.08182177073887427,0.06642686224207918,0.041888785621804044,0.09762499798483867,0.08167083049171618,0.0897004430764761,0.09360617099913247
SLB,0.004320378527521335,0.02400328764284939,0.048055654899670466,0.0020955702469321142,0.052337098495958974,0.10563793782228209,0.03210219171989345,0.06307408307761236,0.07021584581137437,0.08295046884394333,0.07282037946981573,0.0637009553310925,0.07309028487222881,0.06371273858083631,0.0704297042197948
SLE,1.1645225141567073e-05,0.007933381799357467,0.048055654899670466,0.00523518746453706,0.009319151650821849,0.044452796874348326,0.027238223277485357,0.06543199272537356,0.07166658642731186,0.084253190465452,0.0725145212810124,0.033736041263708334,0.03510440896233071,0.0416176024035121,0.05583060025280272
SLV,0.08531291938711942,0.02225626433776726,0.018433993207989784,0.02274819471058138,0.0802700347333528,0.06177564692621058,0.08722716740051857,0.07840049578806024,0.0777596970142493,0.07320595134375352,0.07173866491239948,0.06758799315886854,0.07737656673052157,0.07163317559534625,0.05235856617302488
SMR,0.04797541627697041,0.040031210755754075,0.048055654899670466,0.13565005021336318,0.1258947518806319,0.09392564351764256,0.08236319895811046,0.06661094754925419,0.0684749570722494,0.04278426644061371,0.07070176649268145,0.10219991562893947,0.08202203421939754,0.09141237232578774,0.09739386984373645
SOM,0.04797541627697041,0.040031210755754075,0.014369482456116753,4.31599908693598e-05,0.0,0.054318493662603204,0.0025941165026176546,0.01680010624029862,0.016538443021687353,0.08602672716182246,0.07282313981779073,0.026550086072957887,0.028766778058262832,0.03890343844017761,0.04360627087555356
SRB,0.085458484701389,0.08322602340350183,0.11109662721786268,0.044164007291314755,0.0813691143485816,0.05785402337849743,0.07036541013350382,0.06896885719701538,0.08008088199974929,0.04042091477936724,0.07260100567971275,0.07885927571149705,0.0803298708042056,0.08105037849228322,0.07886421246095378
SSD,1.1645225141567073e-05,0.004935002266449063,0.048055654899670466,0.0011813208464891245,0.021460208433903817,0.07158090801002605,0.014591905327224295,0.024758051301492702,0.017989183637624837,0.08577974603029208,0.07285095925598964,0.0,0.0,0.01754852879830828,0.013280012829152546
STP,0.013374541075089631,0.025470426077349888,0.05624625989965702,0.006348539498068925,0.044861082498111035,0.08947819067447388,0.04766689073559936,0.07810575708209007,0.08008088199974929,0.08283084621387797,0.07206925357919203,0.05717065114694608,0.07475850257871519,0.057162621350922774,0.05075150443467109
SUR,0.02830226405343576,0.029937749753601257,0.054275588019961005,0.03398138644488615,0.06990973812493545,0.08236578993565498,0.08106614070680165,0.049516102602985404,0.05048577343462455,0.07567285509109702,0.0729020444235844,0.06761722279636512,0.07491814063675216,0.06685020691790183,0.06490851073092077
SVK,0.10062639044827995,0.07873251694903476,0.11483269265645306,0.0655482095740095,0.09249831252725772,0.08534698867682985,0.09079407759161785,0.08164262155373188,0.08153162261568678,0.05279839802739518,0.07247185288571673,0.08263159520169716,0.08029794319259821,0.084157925469186,0.07929444617437162
SVN,0.08878319647930635,0.13076130868131797,0.08851601192967923,0.09576388853920477,0.10483435842529966,0.09398972966002757,0.09306392953140827,0.07810575708209007,0.0783399932606243,0.04296763893781938,0.07251220878464193,0.09274150976894908,0.08171074000622544,0.08848378648700123,0.08852460497287755
SWE,0.12299104533265925,0.15521963495246785,0.042451556741784933,0.17954647386569966,0.16024168345722253,0.09092059858670506,0.0943609877827171,0.0840005312014931,0.08327251135481174,0.04075492652704171,0.07281961040994502,0.09611926602801396,0.08159899336559955,0.08938849326906502,0.09374815577872637
SWZ,0.004009839190412883,0.04774723035320015,0.048055654899670466,0.018804541200525965,0.057960511209840006,0.09648466109239064,0.06874408731936779,0.06837937978507508,0.07224688267368685,0.08308631846859295,0.07265147296836838,0.032978086525866354,0.06135688760651118,0.014582737536462265,0.018408234476440428
SYC,0.05538469077329238,0.0865891561225876,0.054152421027480004,0.034491613123928073,0.05344723493148412,0.07599462292437989,0.08787569652617297,0.08488474731940356,0.08327251135481174,0.07372139280685919,0.07209897157046986,0.07455103856156171,0.07682581543029401,0.0745537794969465,0.06811835483299225
SYR,0.04022406329211492,0.02001492823706111,0.024633398496200158,0.003190908081717318,0.03065807978190411,0.05225073397067246,0.07393232032460309,0.0483371477791048,0.027854219825999744,0.08105682989406886,0.07249792312510865,0.05573033556133945,0.06998532464340965,0.06929446799976825,0.047405137844207905
TCD,0.00037846981710092277,0.0,0.005542514661645036,0.0012252762018795484,0.00787641721178796,0.03065516687786122,0.0,0.0,0.006673406833312433,0.08708994115207128,0.07286773822868343,0.019339940837382677,0.03427429106053845,0.0217166266095511,0.034569588518929925
TGO,0.0008617466604759537,0.0019637083661775915,0.009319635764395724,0.002771291948910993,0.014887473650684931,0.024603082959441365,0.021077196583768425,0.05187401225074662,0.06238184648531195,0.08482221762490556,0.07233398197109725,0.039741723850718155,0.054564288237037906,0.03905945696102625,0.05499876636519905
THA,0.015004872594909008,0.03394371482060353,0.03986504989968392,0.020341883864500733,0.04634450040797593,0.09586894250206969,0.089497019340309,0.08488474731940356,0.08414295572437426,0.06297669656860164,0.07236951365096841,0.08206775082354642,0.07825457604972494,0.0788688234632743,0.06880594248286097
TJK,0.0523452870113434,0.06396272147211558,0.08691484102742619,0.005462143708472748,0.03224593468016826,0.022308438168975212,0.07522937857591191,0.0845900086134334,0.08153162261568678,0.08447630175059662,0.0726591951329212,0.06551873640781858,0.07026469124497436,0.07179098241906176,0.07306444212076675
TKM,0.056287195721763814,0.04897894949736465,0.07546031072669315,0.02747708870836753,0.017147144030874438,0.011149617839090707,0.08755143196334578,0.08665317955522446,0.08501340009393674,0.08295321858661556,0.07286213580995739,0.06259577265816207,0.06531591144582814,0.07272617758414852,0.06653728246742861
TLS,0.020281615237181524,0.01937164446193397,0.004926679699240029,0.006121894732113706,0.06513553336351699,0.09827369219895875,0.030480868905757425,0.05040031872089587,0.058900069007061975,0.07822214954139341,0.0725854639513683,0.05426230221603778,0.059792434637748824,0.059245558019395274,0.0655799202571651
TON,0.02851333375912666,0.05505696546109225,0.048055654899670466,0.008191379226095852,0.049931584199969806,0.10113902539317719,0.07101393925915823,0.08635844084925431,0.08356265947799925,0.07653601229268063,0.07233974333123244,0.0697817278489125,0.07815879321490275,0.07225341137014846,0.06582370544476972
TTO,0.10026975542831947,0.05281698364201796,0.04475067393476362,0.05346944331530283,0.05389701625997882,0.052561199443368185,0.08106614070680165,0.07545310872835873,0.07921043763018679,0.06917855330920943,0.07187687963437768,0.07178043030255697,0.07393636657982477,0.07397633213951987,0.07140237476208999
TUN,0.036315634603976514,0.030209283220786497,0.033624588947313225,0.0208553901416376,0.05651104643773693,0.05774485204479174,0.07879628876701118,0.0840005312014931,0.08356265947799925,0.07310077555752699,0.0726219195390736,0.07769338438440529,0.07562852999501671,0.08420961178375286,0.08316588855352165
TUR,0.05169897701598644,0.03394913194713092,0.052099637819463335,0.03407619636099371,0.05535864934761609,0.08740369337136321,0.08106614070680165,0.0834110537895528,0.08327251135481174,0.07156447207506555,0.0725060928858032,0.08239734018428355,0.07781557139012325,0.08676596892337184,0.08431676199733117
TUV,0.04797541627697041,0.05845621235702725,0.048055654899670466,0.02550831790685807,0.2691901391248176,0.10853453671233254,0.062258796062823654,0.07898997320000052,0.07717940076787431,0.07817660913102696,0.07149880160927242,0.053760358785924334,0.07298652013450478,0.05291967652212996,0.04684697518333436
TZA,0.0005065672936581622,0.004542260593213545,0.006911036800322821,0.0019142928688220212,0.02475043260481538,0.08045477536205337,0.028535281528794178,0.0719162442567169,0.07456806765918682,0.08469004748086283,0.07266971879689506,0.05187151945252562,0.0628016120317458,0.048664955064701684,0.051905822253187725
UGA,0.00405836096183608,0.017458721656950626,0.048055654899670466,0.0020367446319437777,0.009824498579086873,0.05916816388133845,0.03891174753926479,0.0627793443716422,0.07572866015193683,0.0872624109969036,0.07212812641524673,0.05229383731842426,0.061005683878829826,0.046083169130658665,0.04958459203389199
UKR,0.04797541627697041,0.040031210755754075,0.1370027513030332,0.025008414332933184,0.05933036434130681,0.04448611174721395,0.08430878633507372,0.049221363897015244,0.011605924927499898,0.050864613480758256,0.07260849001460837,0.07342434543210519,0.0791325853689283,0.07718969430556964,0.06031660257969759
URY,0.14490735904908822,0.08684195536053228,0.04774773741846797,0.06430834051999984,0.10309789015812658,0.08840156107704764,0.09598231059685314,0.08223209896567218,0.07746954889106179,0.053736533485252924,0.07284053797413509,0.08336594989580769,0.07946782529080594,0.08069389558177278,0.07939690762399279
USA,0.10042259900830254,0.15624888899267125,0.052961806766830336,0.30842770680751036,0.14745632834322905,0.09480645651278914,0.09987348535077961,0.07545310872835873,0.0786301413838118,0.05340810254253346,0.0727763433586018,0.08634491458256867,0.08005848610554274,0.08024224006503039,0.08080562208754512
UZB,0.06648841294577644,0.14070173585907214,0.08720223067654853,0.009908741119101236,0.032710058274504565,0.036486769491726426,0.08593010914920975,0.08547422473134386,0.08414295572437426,0.0795189765570704,0.07263248466905418,0.06898043261409285,0.07571633092693704,0.0714416091028757,0.0688388206050654
VCT,0.04797541627697041,0.10630636811424776,0.08464309427722111,0.01710684863459445,0.045098949956142345,0.06842912895438238,0.08593010914920975,0.08665317955522446,0.08414295572437426,0.06635238902652162,0.07185194020213592,0.06668641002987967,0.07638681077069233,0.06739690418944691,0.06576195024168734
VEN,0.04749505073988077,0.024138715806034054,0.015231651403483763,0.0012823888437665818,0.01203100481828193,0.06484368748997728,0.08268746352093768,0.0713267668447766,0.04642369970999959,0.07391463870797274,0.07278229068448328,0.07078309491280345,0.073449470502812,0.07511286403713036,0.06614104020945386
VNM,0.02445933975671867,0.016527653035056083,0.04782984874678863,0.01311434933356603,0.034546390964410645,0.052893619487378384,0.07328379119894868,0.08370579249552294,0.07253703079687436,0.07467311755862698,0.07172385095415851,0.07479461067957344,0.07437537123942645,0.0811662256243419,0.07183577451690529
VUT,0.0036119606647426815,0.01677142372878847,0.048055654899670466,0.002153621328214527,0.02876111603250106,0.09822662582060526,0.041505864041882445,0.057179308958209336,0.06383258710124944,0.08232267481903731,0.07282667283946903,0.06582060800886072,0.07538907290796124,0.06747872994989197,0.06964605678642724
WSM,0.01529600322344818,0.04078283706142894,0.048055654899670466,0.00941002509844872,0.06784719626776166,0.09462846028074441,0.05966467956020601,0.044800283307462975,0.038299552260749645,0.07943714710862033,0.0726278373626927,0.06678115437210991,0.0753810910050594,0.06519114164602059,0.0704778210907035
YEM,0.04797541627697041,0.005652771531327769,0.048055654899670466,0.0038924813411404372,0.008181135546160075,4.2590981129695406e-07,0.03080513346858462,0.02505279000746285,0.028434516072374738,0.08558155515192144,0.07267002860144262,0.05624487797313245,0.06369558515675285,0.06580056036933539,0.059815533038969484
ZAF,0.021246713270788885,0.013613238963322167,0.048055654899670466,0.03302184949537257,0.07903163593176757,0.10232397702606834,0.06841982275654057,0.06307408307761236,0.06383258710124944,0.0777328440154704,0.07272873359437891,0.052491893310426835,0.06834105264562883,0.042371699190470985,0.040492834473618
ZMB,0.004398013361798447,0.013223205853350342,0.048055654899670466,0.00413554592214715,0.035209397119047504,0.09607088345090756,0.04636983248429054,0.07928471190597068,0.07427791953599934,0.08785421239150489,0.07282430904178351,0.04364841608991428,0.060295294520565305,0.04424405229208379,0.04644314834267119
ZWE,0.0039943122235574615,0.020783483063134066,0.048055654899670466,0.003539398599603661,0.020709570657958667,0.0891166543081522,0.045721303358636126,0.07162150555074674,0.07079614205774937,0.08361587910045518,0.0727659386025624,0.039871241382383966,0.05968866990002479,0.024918386615537753,0.035761794459225005
